WARNING: A terminally deprecated method in sun.misc.Unsafe has been called
WARNING: sun.misc.Unsafe::objectFieldOffset has been called by io.netty.util.internal.PlatformDependent0$4 (file:/Users/lukas/.cache/firebase/emulators/cloud-firestore-emulator-v1.19.8.jar)
WARNING: Please consider reporting this to the maintainers of class io.netty.util.internal.PlatformDependent0$4
WARNING: sun.misc.Unsafe::objectFieldOffset will be removed in a future release
Nov 06, 2025 11:15:03 AM com.google.cloud.datastore.emulator.firestore.websocket.WebSocketServer start
INFO: Started WebSocket server on ws://127.0.0.1:9150
API endpoint: http://127.0.0.1:8080
If you are using a library that supports the FIRESTORE_EMULATOR_HOST environment variable, run:

   export FIRESTORE_EMULATOR_HOST=127.0.0.1:8080

If you are running a Firestore in Datastore Mode project, run:

   export DATASTORE_EMULATOR_HOST=127.0.0.1:8080

Note: Support for Datastore Mode is in preview. If you encounter any bugs please file at https://github.com/firebase/firebase-tools/issues.
Dev App Server is now running.

Nov 06, 2025 11:17:30 AM io.gapi.emulators.netty.HttpVersionRoutingHandler channelRead
INFO: Detected non-HTTP/2 connection.
Nov 06, 2025 11:17:31 AM com.google.cloud.datastore.emulator.impl.context.EmulatorAuthorization warnAboutSecuredJwt
WARNING: expected an unsecured JWT, the emulator does not validate JWTs and IS NOT SECURE
Nov 06, 2025 11:17:31 AM io.gapi.emulators.netty.HttpVersionRoutingHandler channelRead
INFO: Detected non-HTTP/2 connection.
Nov 06, 2025 11:17:31 AM com.google.cloud.datastore.emulator.impl.context.EmulatorAuthorization warnAboutSecuredJwt
WARNING: expected an unsecured JWT, the emulator does not validate JWTs and IS NOT SECURE
Nov 06, 2025 11:17:31 AM io.gapi.emulators.netty.HttpVersionRoutingHandler channelRead
INFO: Detected non-HTTP/2 connection.
Nov 06, 2025 11:17:31 AM com.google.cloud.datastore.emulator.impl.context.EmulatorAuthorization warnAboutSecuredJwt
WARNING: expected an unsecured JWT, the emulator does not validate JWTs and IS NOT SECURE
Nov 06, 2025 11:17:31 AM io.gapi.emulators.netty.HttpVersionRoutingHandler channelRead
INFO: Detected non-HTTP/2 connection.
Nov 06, 2025 11:17:31 AM io.gapi.emulators.netty.HttpVersionRoutingHandler channelRead
INFO: Detected non-HTTP/2 connection.
Nov 06, 2025 11:17:31 AM io.gapi.emulators.netty.HttpVersionRoutingHandler channelRead
INFO: Detected non-HTTP/2 connection.
Nov 06, 2025 11:17:31 AM io.gapi.emulators.netty.HttpVersionRoutingHandler channelRead
INFO: Detected non-HTTP/2 connection.
Nov 06, 2025 11:17:31 AM com.google.cloud.datastore.emulator.impl.context.EmulatorAuthorization warnAboutSecuredJwt
WARNING: expected an unsecured JWT, the emulator does not validate JWTs and IS NOT SECURE
Nov 06, 2025 11:17:31 AM io.gapi.emulators.netty.HttpVersionRoutingHandler channelRead
INFO: Detected non-HTTP/2 connection.
Nov 06, 2025 11:17:31 AM io.gapi.emulators.netty.HttpVersionRoutingHandler channelRead
INFO: Detected non-HTTP/2 connection.
Nov 06, 2025 11:17:31 AM io.gapi.emulators.netty.HttpVersionRoutingHandler channelRead
INFO: Detected non-HTTP/2 connection.
Nov 06, 2025 11:17:32 AM io.gapi.emulators.netty.HttpVersionRoutingHandler channelRead
INFO: Detected non-HTTP/2 connection.
Nov 06, 2025 11:17:32 AM com.google.cloud.datastore.emulator.impl.context.EmulatorAuthorization warnAboutSecuredJwt
WARNING: expected an unsecured JWT, the emulator does not validate JWTs and IS NOT SECURE
Nov 06, 2025 11:17:32 AM io.gapi.emulators.netty.HttpVersionRoutingHandler channelRead
INFO: Detected non-HTTP/2 connection.
Nov 06, 2025 11:17:32 AM io.gapi.emulators.netty.HttpVersionRoutingHandler channelRead
INFO: Detected non-HTTP/2 connection.
Nov 06, 2025 11:17:32 AM io.gapi.emulators.netty.HttpVersionRoutingHandler channelRead
INFO: Detected non-HTTP/2 connection.
Nov 06, 2025 11:17:32 AM io.gapi.emulators.netty.HttpVersionRoutingHandler channelRead
INFO: Detected non-HTTP/2 connection.
Nov 06, 2025 11:17:32 AM com.google.cloud.datastore.emulator.impl.context.EmulatorAuthorization warnAboutSecuredJwt
WARNING: expected an unsecured JWT, the emulator does not validate JWTs and IS NOT SECURE
Nov 06, 2025 11:17:32 AM io.gapi.emulators.netty.HttpVersionRoutingHandler channelRead
INFO: Detected non-HTTP/2 connection.
Nov 06, 2025 11:17:32 AM io.gapi.emulators.netty.HttpVersionRoutingHandler channelRead
INFO: Detected non-HTTP/2 connection.
Nov 06, 2025 11:17:32 AM io.gapi.emulators.netty.HttpVersionRoutingHandler channelRead
INFO: Detected non-HTTP/2 connection.
Nov 06, 2025 11:17:33 AM io.gapi.emulators.netty.HttpVersionRoutingHandler channelRead
INFO: Detected non-HTTP/2 connection.
Nov 06, 2025 11:17:33 AM com.google.cloud.datastore.emulator.impl.context.EmulatorAuthorization warnAboutSecuredJwt
WARNING: expected an unsecured JWT, the emulator does not validate JWTs and IS NOT SECURE
Nov 06, 2025 11:17:33 AM io.gapi.emulators.netty.HttpVersionRoutingHandler channelRead
INFO: Detected non-HTTP/2 connection.
Nov 06, 2025 11:17:33 AM io.gapi.emulators.netty.HttpVersionRoutingHandler channelRead
INFO: Detected non-HTTP/2 connection.
Nov 06, 2025 11:17:33 AM io.gapi.emulators.netty.HttpVersionRoutingHandler channelRead
INFO: Detected non-HTTP/2 connection.
Nov 06, 2025 11:17:33 AM io.gapi.emulators.netty.HttpVersionRoutingHandler channelRead
INFO: Detected non-HTTP/2 connection.
Nov 06, 2025 11:17:33 AM com.google.cloud.datastore.emulator.impl.context.EmulatorAuthorization warnAboutSecuredJwt
WARNING: expected an unsecured JWT, the emulator does not validate JWTs and IS NOT SECURE
Nov 06, 2025 11:17:33 AM io.gapi.emulators.netty.HttpVersionRoutingHandler channelRead
INFO: Detected non-HTTP/2 connection.
Nov 06, 2025 11:17:33 AM io.gapi.emulators.netty.HttpVersionRoutingHandler channelRead
INFO: Detected non-HTTP/2 connection.
Nov 06, 2025 11:17:33 AM io.gapi.emulators.netty.HttpVersionRoutingHandler channelRead
INFO: Detected non-HTTP/2 connection.
Nov 06, 2025 11:17:33 AM io.gapi.emulators.netty.HttpVersionRoutingHandler channelRead
INFO: Detected non-HTTP/2 connection.
Nov 06, 2025 11:17:33 AM com.google.cloud.datastore.emulator.impl.context.EmulatorAuthorization warnAboutSecuredJwt
WARNING: expected an unsecured JWT, the emulator does not validate JWTs and IS NOT SECURE
Nov 06, 2025 11:17:33 AM io.gapi.emulators.netty.HttpVersionRoutingHandler channelRead
INFO: Detected non-HTTP/2 connection.
Nov 06, 2025 11:17:33 AM io.gapi.emulators.netty.HttpVersionRoutingHandler channelRead
INFO: Detected non-HTTP/2 connection.
Nov 06, 2025 11:17:33 AM io.gapi.emulators.netty.HttpVersionRoutingHandler channelRead
INFO: Detected non-HTTP/2 connection.
Nov 06, 2025 11:17:34 AM io.gapi.emulators.netty.HttpVersionRoutingHandler channelRead
INFO: Detected non-HTTP/2 connection.
Nov 06, 2025 11:17:34 AM com.google.cloud.datastore.emulator.impl.context.EmulatorAuthorization warnAboutSecuredJwt
WARNING: expected an unsecured JWT, the emulator does not validate JWTs and IS NOT SECURE
Nov 06, 2025 11:17:34 AM io.gapi.emulators.netty.HttpVersionRoutingHandler channelRead
INFO: Detected non-HTTP/2 connection.
Nov 06, 2025 11:17:34 AM io.gapi.emulators.netty.HttpVersionRoutingHandler channelRead
INFO: Detected non-HTTP/2 connection.
Nov 06, 2025 11:17:34 AM io.gapi.emulators.netty.HttpVersionRoutingHandler channelRead
INFO: Detected non-HTTP/2 connection.
Nov 06, 2025 11:17:34 AM io.gapi.emulators.netty.HttpVersionRoutingHandler channelRead
INFO: Detected non-HTTP/2 connection.
Nov 06, 2025 11:17:34 AM com.google.cloud.datastore.emulator.impl.context.EmulatorAuthorization warnAboutSecuredJwt
WARNING: expected an unsecured JWT, the emulator does not validate JWTs and IS NOT SECURE
Nov 06, 2025 11:17:34 AM io.gapi.emulators.netty.HttpVersionRoutingHandler channelRead
INFO: Detected non-HTTP/2 connection.
Nov 06, 2025 11:17:34 AM io.gapi.emulators.netty.HttpVersionRoutingHandler channelRead
INFO: Detected non-HTTP/2 connection.
Nov 06, 2025 11:17:34 AM io.gapi.emulators.netty.HttpVersionRoutingHandler channelRead
INFO: Detected non-HTTP/2 connection.
Nov 06, 2025 11:17:35 AM io.gapi.emulators.netty.HttpVersionRoutingHandler channelRead
INFO: Detected non-HTTP/2 connection.
Nov 06, 2025 11:17:35 AM com.google.cloud.datastore.emulator.impl.context.EmulatorAuthorization warnAboutSecuredJwt
WARNING: expected an unsecured JWT, the emulator does not validate JWTs and IS NOT SECURE
Nov 06, 2025 11:17:35 AM io.gapi.emulators.netty.HttpVersionRoutingHandler channelRead
INFO: Detected non-HTTP/2 connection.
Nov 06, 2025 11:17:35 AM io.gapi.emulators.netty.HttpVersionRoutingHandler channelRead
INFO: Detected non-HTTP/2 connection.
Nov 06, 2025 11:17:35 AM io.gapi.emulators.netty.HttpVersionRoutingHandler channelRead
INFO: Detected non-HTTP/2 connection.
Nov 06, 2025 11:17:35 AM io.gapi.emulators.netty.HttpVersionRoutingHandler channelRead
INFO: Detected non-HTTP/2 connection.
Nov 06, 2025 11:17:35 AM com.google.cloud.datastore.emulator.impl.context.EmulatorAuthorization warnAboutSecuredJwt
WARNING: expected an unsecured JWT, the emulator does not validate JWTs and IS NOT SECURE
Nov 06, 2025 11:17:35 AM io.gapi.emulators.netty.HttpVersionRoutingHandler channelRead
INFO: Detected non-HTTP/2 connection.
Nov 06, 2025 11:17:35 AM io.gapi.emulators.netty.HttpVersionRoutingHandler channelRead
INFO: Detected non-HTTP/2 connection.
Nov 06, 2025 11:17:35 AM io.gapi.emulators.netty.HttpVersionRoutingHandler channelRead
INFO: Detected non-HTTP/2 connection.
Nov 06, 2025 11:17:36 AM io.gapi.emulators.netty.HttpVersionRoutingHandler channelRead
INFO: Detected non-HTTP/2 connection.
Nov 06, 2025 11:17:36 AM com.google.cloud.datastore.emulator.impl.context.EmulatorAuthorization warnAboutSecuredJwt
WARNING: expected an unsecured JWT, the emulator does not validate JWTs and IS NOT SECURE
Nov 06, 2025 11:17:36 AM io.gapi.emulators.netty.HttpVersionRoutingHandler channelRead
INFO: Detected non-HTTP/2 connection.
Nov 06, 2025 11:17:36 AM io.gapi.emulators.netty.HttpVersionRoutingHandler channelRead
INFO: Detected non-HTTP/2 connection.
Nov 06, 2025 11:17:36 AM io.gapi.emulators.netty.HttpVersionRoutingHandler channelRead
INFO: Detected non-HTTP/2 connection.
Nov 06, 2025 11:17:37 AM io.gapi.emulators.netty.HttpVersionRoutingHandler channelRead
INFO: Detected non-HTTP/2 connection.
Nov 06, 2025 11:17:37 AM com.google.cloud.datastore.emulator.impl.context.EmulatorAuthorization warnAboutSecuredJwt
WARNING: expected an unsecured JWT, the emulator does not validate JWTs and IS NOT SECURE
Nov 06, 2025 11:17:37 AM io.gapi.emulators.netty.HttpVersionRoutingHandler channelRead
INFO: Detected non-HTTP/2 connection.
Nov 06, 2025 11:17:37 AM io.gapi.emulators.netty.HttpVersionRoutingHandler channelRead
INFO: Detected non-HTTP/2 connection.
Nov 06, 2025 11:17:37 AM io.gapi.emulators.netty.HttpVersionRoutingHandler channelRead
INFO: Detected non-HTTP/2 connection.
Nov 06, 2025 11:17:37 AM io.gapi.emulators.netty.HttpVersionRoutingHandler channelRead
INFO: Detected non-HTTP/2 connection.
Nov 06, 2025 11:17:37 AM com.google.cloud.datastore.emulator.impl.context.EmulatorAuthorization warnAboutSecuredJwt
WARNING: expected an unsecured JWT, the emulator does not validate JWTs and IS NOT SECURE
Nov 06, 2025 11:17:37 AM io.gapi.emulators.netty.HttpVersionRoutingHandler channelRead
INFO: Detected non-HTTP/2 connection.
Nov 06, 2025 11:17:37 AM io.gapi.emulators.netty.HttpVersionRoutingHandler channelRead
INFO: Detected non-HTTP/2 connection.
Nov 06, 2025 11:17:37 AM io.gapi.emulators.netty.HttpVersionRoutingHandler channelRead
INFO: Detected non-HTTP/2 connection.
Nov 06, 2025 11:17:38 AM io.gapi.emulators.netty.HttpVersionRoutingHandler channelRead
INFO: Detected non-HTTP/2 connection.
Nov 06, 2025 11:17:38 AM com.google.cloud.datastore.emulator.impl.context.EmulatorAuthorization warnAboutSecuredJwt
WARNING: expected an unsecured JWT, the emulator does not validate JWTs and IS NOT SECURE
Nov 06, 2025 11:17:38 AM io.gapi.emulators.netty.HttpVersionRoutingHandler channelRead
INFO: Detected non-HTTP/2 connection.
Nov 06, 2025 11:17:38 AM io.gapi.emulators.netty.HttpVersionRoutingHandler channelRead
INFO: Detected non-HTTP/2 connection.
Nov 06, 2025 11:17:38 AM io.gapi.emulators.netty.HttpVersionRoutingHandler channelRead
INFO: Detected non-HTTP/2 connection.
Nov 06, 2025 11:17:38 AM io.gapi.emulators.netty.HttpVersionRoutingHandler channelRead
INFO: Detected non-HTTP/2 connection.
Nov 06, 2025 11:17:38 AM com.google.cloud.datastore.emulator.impl.context.EmulatorAuthorization warnAboutSecuredJwt
WARNING: expected an unsecured JWT, the emulator does not validate JWTs and IS NOT SECURE
Nov 06, 2025 11:17:38 AM io.gapi.emulators.netty.HttpVersionRoutingHandler channelRead
INFO: Detected non-HTTP/2 connection.
Nov 06, 2025 11:17:38 AM io.gapi.emulators.netty.HttpVersionRoutingHandler channelRead
INFO: Detected non-HTTP/2 connection.
Nov 06, 2025 11:17:38 AM io.gapi.emulators.netty.HttpVersionRoutingHandler channelRead
INFO: Detected non-HTTP/2 connection.
Nov 06, 2025 11:17:38 AM io.gapi.emulators.netty.HttpVersionRoutingHandler channelRead
INFO: Detected non-HTTP/2 connection.
Nov 06, 2025 11:17:38 AM com.google.cloud.datastore.emulator.impl.context.EmulatorAuthorization warnAboutSecuredJwt
WARNING: expected an unsecured JWT, the emulator does not validate JWTs and IS NOT SECURE
Nov 06, 2025 11:17:38 AM io.gapi.emulators.netty.HttpVersionRoutingHandler channelRead
INFO: Detected non-HTTP/2 connection.
Nov 06, 2025 11:17:38 AM io.gapi.emulators.netty.HttpVersionRoutingHandler channelRead
INFO: Detected non-HTTP/2 connection.
Nov 06, 2025 11:17:38 AM io.gapi.emulators.netty.HttpVersionRoutingHandler channelRead
INFO: Detected non-HTTP/2 connection.
Nov 06, 2025 11:17:39 AM io.gapi.emulators.netty.HttpVersionRoutingHandler channelRead
INFO: Detected non-HTTP/2 connection.
Nov 06, 2025 11:17:39 AM com.google.cloud.datastore.emulator.impl.context.EmulatorAuthorization warnAboutSecuredJwt
WARNING: expected an unsecured JWT, the emulator does not validate JWTs and IS NOT SECURE
Nov 06, 2025 11:17:39 AM io.gapi.emulators.netty.HttpVersionRoutingHandler channelRead
INFO: Detected non-HTTP/2 connection.
Nov 06, 2025 11:17:39 AM io.gapi.emulators.netty.HttpVersionRoutingHandler channelRead
INFO: Detected non-HTTP/2 connection.
Nov 06, 2025 11:17:39 AM io.gapi.emulators.netty.HttpVersionRoutingHandler channelRead
INFO: Detected non-HTTP/2 connection.
Nov 06, 2025 11:17:39 AM io.gapi.emulators.netty.HttpVersionRoutingHandler channelRead
INFO: Detected non-HTTP/2 connection.
Nov 06, 2025 11:17:39 AM com.google.cloud.datastore.emulator.impl.context.EmulatorAuthorization warnAboutSecuredJwt
WARNING: expected an unsecured JWT, the emulator does not validate JWTs and IS NOT SECURE
Nov 06, 2025 11:17:39 AM io.gapi.emulators.netty.HttpVersionRoutingHandler channelRead
INFO: Detected non-HTTP/2 connection.
Nov 06, 2025 11:17:39 AM io.gapi.emulators.netty.HttpVersionRoutingHandler channelRead
INFO: Detected non-HTTP/2 connection.
Nov 06, 2025 11:17:39 AM io.gapi.emulators.netty.HttpVersionRoutingHandler channelRead
INFO: Detected non-HTTP/2 connection.
Nov 06, 2025 11:17:40 AM io.gapi.emulators.netty.HttpVersionRoutingHandler channelRead
INFO: Detected non-HTTP/2 connection.
Nov 06, 2025 11:17:40 AM com.google.cloud.datastore.emulator.impl.context.EmulatorAuthorization warnAboutSecuredJwt
WARNING: expected an unsecured JWT, the emulator does not validate JWTs and IS NOT SECURE
Nov 06, 2025 11:17:40 AM io.gapi.emulators.netty.HttpVersionRoutingHandler channelRead
INFO: Detected non-HTTP/2 connection.
Nov 06, 2025 11:17:40 AM io.gapi.emulators.netty.HttpVersionRoutingHandler channelRead
INFO: Detected non-HTTP/2 connection.
Nov 06, 2025 11:17:40 AM io.gapi.emulators.netty.HttpVersionRoutingHandler channelRead
INFO: Detected non-HTTP/2 connection.
Nov 06, 2025 11:17:40 AM io.gapi.emulators.netty.HttpVersionRoutingHandler channelRead
INFO: Detected non-HTTP/2 connection.
Nov 06, 2025 11:17:40 AM com.google.cloud.datastore.emulator.impl.context.EmulatorAuthorization warnAboutSecuredJwt
WARNING: expected an unsecured JWT, the emulator does not validate JWTs and IS NOT SECURE
Nov 06, 2025 11:17:40 AM io.gapi.emulators.netty.HttpVersionRoutingHandler channelRead
INFO: Detected non-HTTP/2 connection.
Nov 06, 2025 11:17:40 AM io.gapi.emulators.netty.HttpVersionRoutingHandler channelRead
INFO: Detected non-HTTP/2 connection.
Nov 06, 2025 11:17:40 AM io.gapi.emulators.netty.HttpVersionRoutingHandler channelRead
INFO: Detected non-HTTP/2 connection.
Nov 06, 2025 11:17:41 AM io.gapi.emulators.netty.HttpVersionRoutingHandler channelRead
INFO: Detected non-HTTP/2 connection.
Nov 06, 2025 11:17:41 AM com.google.cloud.datastore.emulator.impl.context.EmulatorAuthorization warnAboutSecuredJwt
WARNING: expected an unsecured JWT, the emulator does not validate JWTs and IS NOT SECURE
Nov 06, 2025 11:17:41 AM io.gapi.emulators.netty.HttpVersionRoutingHandler channelRead
INFO: Detected non-HTTP/2 connection.
Nov 06, 2025 11:17:41 AM io.gapi.emulators.netty.HttpVersionRoutingHandler channelRead
INFO: Detected non-HTTP/2 connection.
Nov 06, 2025 11:17:41 AM io.gapi.emulators.netty.HttpVersionRoutingHandler channelRead
INFO: Detected non-HTTP/2 connection.
Nov 06, 2025 11:17:41 AM io.gapi.emulators.netty.HttpVersionRoutingHandler channelRead
INFO: Detected non-HTTP/2 connection.
Nov 06, 2025 11:17:41 AM com.google.cloud.datastore.emulator.impl.context.EmulatorAuthorization warnAboutSecuredJwt
WARNING: expected an unsecured JWT, the emulator does not validate JWTs and IS NOT SECURE
Nov 06, 2025 11:17:41 AM io.gapi.emulators.netty.HttpVersionRoutingHandler channelRead
INFO: Detected non-HTTP/2 connection.
Nov 06, 2025 11:17:41 AM io.gapi.emulators.netty.HttpVersionRoutingHandler channelRead
INFO: Detected non-HTTP/2 connection.
Nov 06, 2025 11:17:41 AM io.gapi.emulators.netty.HttpVersionRoutingHandler channelRead
INFO: Detected non-HTTP/2 connection.
Nov 06, 2025 11:17:41 AM io.gapi.emulators.netty.HttpVersionRoutingHandler channelRead
INFO: Detected non-HTTP/2 connection.
Nov 06, 2025 11:17:42 AM com.google.cloud.datastore.emulator.impl.context.EmulatorAuthorization warnAboutSecuredJwt
WARNING: expected an unsecured JWT, the emulator does not validate JWTs and IS NOT SECURE
Nov 06, 2025 11:17:42 AM io.gapi.emulators.netty.HttpVersionRoutingHandler channelRead
INFO: Detected non-HTTP/2 connection.
Nov 06, 2025 11:17:42 AM io.gapi.emulators.netty.HttpVersionRoutingHandler channelRead
INFO: Detected non-HTTP/2 connection.
Nov 06, 2025 11:17:42 AM io.gapi.emulators.netty.HttpVersionRoutingHandler channelRead
INFO: Detected non-HTTP/2 connection.
Nov 06, 2025 11:17:42 AM io.gapi.emulators.netty.HttpVersionRoutingHandler channelRead
INFO: Detected non-HTTP/2 connection.
Nov 06, 2025 11:17:42 AM com.google.cloud.datastore.emulator.impl.context.EmulatorAuthorization warnAboutSecuredJwt
WARNING: expected an unsecured JWT, the emulator does not validate JWTs and IS NOT SECURE
Nov 06, 2025 11:17:42 AM io.gapi.emulators.netty.HttpVersionRoutingHandler channelRead
INFO: Detected non-HTTP/2 connection.
Nov 06, 2025 11:17:42 AM io.gapi.emulators.netty.HttpVersionRoutingHandler channelRead
INFO: Detected non-HTTP/2 connection.
Nov 06, 2025 11:17:42 AM io.gapi.emulators.netty.HttpVersionRoutingHandler channelRead
INFO: Detected non-HTTP/2 connection.
Nov 06, 2025 11:17:43 AM io.gapi.emulators.netty.HttpVersionRoutingHandler channelRead
INFO: Detected non-HTTP/2 connection.
Nov 06, 2025 11:17:43 AM com.google.cloud.datastore.emulator.impl.context.EmulatorAuthorization warnAboutSecuredJwt
WARNING: expected an unsecured JWT, the emulator does not validate JWTs and IS NOT SECURE
Nov 06, 2025 11:17:43 AM io.gapi.emulators.netty.HttpVersionRoutingHandler channelRead
INFO: Detected non-HTTP/2 connection.
Nov 06, 2025 11:17:43 AM io.gapi.emulators.netty.HttpVersionRoutingHandler channelRead
INFO: Detected non-HTTP/2 connection.
Nov 06, 2025 11:17:43 AM io.gapi.emulators.netty.HttpVersionRoutingHandler channelRead
INFO: Detected non-HTTP/2 connection.
Nov 06, 2025 11:17:43 AM io.gapi.emulators.netty.HttpVersionRoutingHandler channelRead
INFO: Detected non-HTTP/2 connection.
Nov 06, 2025 11:17:43 AM com.google.cloud.datastore.emulator.impl.context.EmulatorAuthorization warnAboutSecuredJwt
WARNING: expected an unsecured JWT, the emulator does not validate JWTs and IS NOT SECURE
Nov 06, 2025 11:17:43 AM io.gapi.emulators.netty.HttpVersionRoutingHandler channelRead
INFO: Detected non-HTTP/2 connection.
Nov 06, 2025 11:17:43 AM io.gapi.emulators.netty.HttpVersionRoutingHandler channelRead
INFO: Detected non-HTTP/2 connection.
Nov 06, 2025 11:17:43 AM io.gapi.emulators.netty.HttpVersionRoutingHandler channelRead
INFO: Detected non-HTTP/2 connection.
Nov 06, 2025 11:17:44 AM io.gapi.emulators.netty.HttpVersionRoutingHandler channelRead
INFO: Detected non-HTTP/2 connection.
Nov 06, 2025 11:17:44 AM com.google.cloud.datastore.emulator.impl.context.EmulatorAuthorization warnAboutSecuredJwt
WARNING: expected an unsecured JWT, the emulator does not validate JWTs and IS NOT SECURE
Nov 06, 2025 11:17:44 AM io.gapi.emulators.netty.HttpVersionRoutingHandler channelRead
INFO: Detected non-HTTP/2 connection.
Nov 06, 2025 11:17:44 AM io.gapi.emulators.netty.HttpVersionRoutingHandler channelRead
INFO: Detected non-HTTP/2 connection.
Nov 06, 2025 11:17:44 AM io.gapi.emulators.netty.HttpVersionRoutingHandler channelRead
INFO: Detected non-HTTP/2 connection.
Nov 06, 2025 11:17:44 AM io.gapi.emulators.netty.HttpVersionRoutingHandler channelRead
INFO: Detected non-HTTP/2 connection.
Nov 06, 2025 11:17:44 AM com.google.cloud.datastore.emulator.impl.context.EmulatorAuthorization warnAboutSecuredJwt
WARNING: expected an unsecured JWT, the emulator does not validate JWTs and IS NOT SECURE
Nov 06, 2025 11:17:44 AM io.gapi.emulators.netty.HttpVersionRoutingHandler channelRead
INFO: Detected non-HTTP/2 connection.
Nov 06, 2025 11:17:44 AM io.gapi.emulators.netty.HttpVersionRoutingHandler channelRead
INFO: Detected non-HTTP/2 connection.
Nov 06, 2025 11:17:44 AM io.gapi.emulators.netty.HttpVersionRoutingHandler channelRead
INFO: Detected non-HTTP/2 connection.
Nov 06, 2025 11:17:45 AM io.gapi.emulators.netty.HttpVersionRoutingHandler channelRead
INFO: Detected non-HTTP/2 connection.
Nov 06, 2025 11:17:45 AM com.google.cloud.datastore.emulator.impl.context.EmulatorAuthorization warnAboutSecuredJwt
WARNING: expected an unsecured JWT, the emulator does not validate JWTs and IS NOT SECURE
Nov 06, 2025 11:17:45 AM io.gapi.emulators.netty.HttpVersionRoutingHandler channelRead
INFO: Detected non-HTTP/2 connection.
Nov 06, 2025 11:17:45 AM io.gapi.emulators.netty.HttpVersionRoutingHandler channelRead
INFO: Detected non-HTTP/2 connection.
Nov 06, 2025 11:17:45 AM io.gapi.emulators.netty.HttpVersionRoutingHandler channelRead
INFO: Detected non-HTTP/2 connection.
Nov 06, 2025 11:17:45 AM io.gapi.emulators.netty.HttpVersionRoutingHandler channelRead
INFO: Detected non-HTTP/2 connection.
Nov 06, 2025 11:17:45 AM com.google.cloud.datastore.emulator.impl.context.EmulatorAuthorization warnAboutSecuredJwt
WARNING: expected an unsecured JWT, the emulator does not validate JWTs and IS NOT SECURE
Nov 06, 2025 11:17:45 AM io.gapi.emulators.netty.HttpVersionRoutingHandler channelRead
INFO: Detected non-HTTP/2 connection.
Nov 06, 2025 11:17:45 AM io.gapi.emulators.netty.HttpVersionRoutingHandler channelRead
INFO: Detected non-HTTP/2 connection.
Nov 06, 2025 11:17:45 AM io.gapi.emulators.netty.HttpVersionRoutingHandler channelRead
INFO: Detected non-HTTP/2 connection.
Nov 06, 2025 11:17:45 AM io.gapi.emulators.netty.HttpVersionRoutingHandler channelRead
INFO: Detected non-HTTP/2 connection.
Nov 06, 2025 11:17:45 AM com.google.cloud.datastore.emulator.impl.context.EmulatorAuthorization warnAboutSecuredJwt
WARNING: expected an unsecured JWT, the emulator does not validate JWTs and IS NOT SECURE
Nov 06, 2025 11:17:45 AM io.gapi.emulators.netty.HttpVersionRoutingHandler channelRead
INFO: Detected non-HTTP/2 connection.
Nov 06, 2025 11:17:45 AM io.gapi.emulators.netty.HttpVersionRoutingHandler channelRead
INFO: Detected non-HTTP/2 connection.
Nov 06, 2025 11:17:45 AM io.gapi.emulators.netty.HttpVersionRoutingHandler channelRead
INFO: Detected non-HTTP/2 connection.
Nov 06, 2025 11:17:46 AM io.gapi.emulators.netty.HttpVersionRoutingHandler channelRead
INFO: Detected non-HTTP/2 connection.
Nov 06, 2025 11:17:46 AM com.google.cloud.datastore.emulator.impl.context.EmulatorAuthorization warnAboutSecuredJwt
WARNING: expected an unsecured JWT, the emulator does not validate JWTs and IS NOT SECURE
Nov 06, 2025 11:17:46 AM io.gapi.emulators.netty.HttpVersionRoutingHandler channelRead
INFO: Detected non-HTTP/2 connection.
Nov 06, 2025 11:17:46 AM io.gapi.emulators.netty.HttpVersionRoutingHandler channelRead
INFO: Detected non-HTTP/2 connection.
Nov 06, 2025 11:17:46 AM io.gapi.emulators.netty.HttpVersionRoutingHandler channelRead
INFO: Detected non-HTTP/2 connection.
Nov 06, 2025 11:17:46 AM io.gapi.emulators.netty.HttpVersionRoutingHandler channelRead
INFO: Detected non-HTTP/2 connection.
Nov 06, 2025 11:17:46 AM com.google.cloud.datastore.emulator.impl.context.EmulatorAuthorization warnAboutSecuredJwt
WARNING: expected an unsecured JWT, the emulator does not validate JWTs and IS NOT SECURE
Nov 06, 2025 11:17:46 AM io.gapi.emulators.netty.HttpVersionRoutingHandler channelRead
INFO: Detected non-HTTP/2 connection.
Nov 06, 2025 11:17:46 AM io.gapi.emulators.netty.HttpVersionRoutingHandler channelRead
INFO: Detected non-HTTP/2 connection.
Nov 06, 2025 11:17:46 AM io.gapi.emulators.netty.HttpVersionRoutingHandler channelRead
INFO: Detected non-HTTP/2 connection.
Nov 06, 2025 11:17:47 AM io.gapi.emulators.netty.HttpVersionRoutingHandler channelRead
INFO: Detected non-HTTP/2 connection.
Nov 06, 2025 11:17:47 AM com.google.cloud.datastore.emulator.impl.context.EmulatorAuthorization warnAboutSecuredJwt
WARNING: expected an unsecured JWT, the emulator does not validate JWTs and IS NOT SECURE
Nov 06, 2025 11:17:47 AM io.gapi.emulators.netty.HttpVersionRoutingHandler channelRead
INFO: Detected non-HTTP/2 connection.
Nov 06, 2025 11:17:47 AM io.gapi.emulators.netty.HttpVersionRoutingHandler channelRead
INFO: Detected non-HTTP/2 connection.
Nov 06, 2025 11:17:47 AM io.gapi.emulators.netty.HttpVersionRoutingHandler channelRead
INFO: Detected non-HTTP/2 connection.
Nov 06, 2025 11:17:47 AM io.gapi.emulators.netty.HttpVersionRoutingHandler channelRead
INFO: Detected non-HTTP/2 connection.
Nov 06, 2025 11:17:47 AM com.google.cloud.datastore.emulator.impl.context.EmulatorAuthorization warnAboutSecuredJwt
WARNING: expected an unsecured JWT, the emulator does not validate JWTs and IS NOT SECURE
Nov 06, 2025 11:17:47 AM io.gapi.emulators.netty.HttpVersionRoutingHandler channelRead
INFO: Detected non-HTTP/2 connection.
Nov 06, 2025 11:17:47 AM io.gapi.emulators.netty.HttpVersionRoutingHandler channelRead
INFO: Detected non-HTTP/2 connection.
Nov 06, 2025 11:17:47 AM io.gapi.emulators.netty.HttpVersionRoutingHandler channelRead
INFO: Detected non-HTTP/2 connection.
Nov 06, 2025 11:17:47 AM io.gapi.emulators.netty.HttpVersionRoutingHandler channelRead
INFO: Detected non-HTTP/2 connection.
Nov 06, 2025 11:17:47 AM com.google.cloud.datastore.emulator.impl.context.EmulatorAuthorization warnAboutSecuredJwt
WARNING: expected an unsecured JWT, the emulator does not validate JWTs and IS NOT SECURE
Nov 06, 2025 11:17:47 AM io.gapi.emulators.netty.HttpVersionRoutingHandler channelRead
INFO: Detected non-HTTP/2 connection.
Nov 06, 2025 11:17:47 AM io.gapi.emulators.netty.HttpVersionRoutingHandler channelRead
INFO: Detected non-HTTP/2 connection.
Nov 06, 2025 11:17:47 AM io.gapi.emulators.netty.HttpVersionRoutingHandler channelRead
INFO: Detected non-HTTP/2 connection.
Nov 06, 2025 11:17:48 AM io.gapi.emulators.netty.HttpVersionRoutingHandler channelRead
INFO: Detected non-HTTP/2 connection.
Nov 06, 2025 11:17:48 AM com.google.cloud.datastore.emulator.impl.context.EmulatorAuthorization warnAboutSecuredJwt
WARNING: expected an unsecured JWT, the emulator does not validate JWTs and IS NOT SECURE
Nov 06, 2025 11:17:48 AM io.gapi.emulators.netty.HttpVersionRoutingHandler channelRead
INFO: Detected non-HTTP/2 connection.
Nov 06, 2025 11:17:48 AM io.gapi.emulators.netty.HttpVersionRoutingHandler channelRead
INFO: Detected non-HTTP/2 connection.
Nov 06, 2025 11:17:48 AM io.gapi.emulators.netty.HttpVersionRoutingHandler channelRead
INFO: Detected non-HTTP/2 connection.
Nov 06, 2025 11:17:48 AM io.gapi.emulators.netty.HttpVersionRoutingHandler channelRead
INFO: Detected non-HTTP/2 connection.
Nov 06, 2025 11:17:48 AM com.google.cloud.datastore.emulator.impl.context.EmulatorAuthorization warnAboutSecuredJwt
WARNING: expected an unsecured JWT, the emulator does not validate JWTs and IS NOT SECURE
Nov 06, 2025 11:17:48 AM io.gapi.emulators.netty.HttpVersionRoutingHandler channelRead
INFO: Detected non-HTTP/2 connection.
Nov 06, 2025 11:17:48 AM io.gapi.emulators.netty.HttpVersionRoutingHandler channelRead
INFO: Detected non-HTTP/2 connection.
Nov 06, 2025 11:17:48 AM io.gapi.emulators.netty.HttpVersionRoutingHandler channelRead
INFO: Detected non-HTTP/2 connection.
Nov 06, 2025 11:17:49 AM io.gapi.emulators.netty.HttpVersionRoutingHandler channelRead
INFO: Detected non-HTTP/2 connection.
Nov 06, 2025 11:17:49 AM com.google.cloud.datastore.emulator.impl.context.EmulatorAuthorization warnAboutSecuredJwt
WARNING: expected an unsecured JWT, the emulator does not validate JWTs and IS NOT SECURE
Nov 06, 2025 11:17:49 AM io.gapi.emulators.netty.HttpVersionRoutingHandler channelRead
INFO: Detected non-HTTP/2 connection.
Nov 06, 2025 11:17:49 AM io.gapi.emulators.netty.HttpVersionRoutingHandler channelRead
INFO: Detected non-HTTP/2 connection.
Nov 06, 2025 11:17:49 AM io.gapi.emulators.netty.HttpVersionRoutingHandler channelRead
INFO: Detected non-HTTP/2 connection.
Nov 06, 2025 11:17:49 AM io.gapi.emulators.netty.HttpVersionRoutingHandler channelRead
INFO: Detected non-HTTP/2 connection.
Nov 06, 2025 11:17:49 AM com.google.cloud.datastore.emulator.impl.context.EmulatorAuthorization warnAboutSecuredJwt
WARNING: expected an unsecured JWT, the emulator does not validate JWTs and IS NOT SECURE
Nov 06, 2025 11:17:49 AM io.gapi.emulators.netty.HttpVersionRoutingHandler channelRead
INFO: Detected non-HTTP/2 connection.
Nov 06, 2025 11:17:49 AM io.gapi.emulators.netty.HttpVersionRoutingHandler channelRead
INFO: Detected non-HTTP/2 connection.
Nov 06, 2025 11:17:49 AM io.gapi.emulators.netty.HttpVersionRoutingHandler channelRead
INFO: Detected non-HTTP/2 connection.
Nov 06, 2025 11:17:50 AM io.gapi.emulators.netty.HttpVersionRoutingHandler channelRead
INFO: Detected non-HTTP/2 connection.
Nov 06, 2025 11:17:50 AM com.google.cloud.datastore.emulator.impl.context.EmulatorAuthorization warnAboutSecuredJwt
WARNING: expected an unsecured JWT, the emulator does not validate JWTs and IS NOT SECURE
Nov 06, 2025 11:17:50 AM io.gapi.emulators.netty.HttpVersionRoutingHandler channelRead
INFO: Detected non-HTTP/2 connection.
Nov 06, 2025 11:17:50 AM io.gapi.emulators.netty.HttpVersionRoutingHandler channelRead
INFO: Detected non-HTTP/2 connection.
Nov 06, 2025 11:17:50 AM io.gapi.emulators.netty.HttpVersionRoutingHandler channelRead
INFO: Detected non-HTTP/2 connection.
Nov 06, 2025 11:17:50 AM io.gapi.emulators.netty.HttpVersionRoutingHandler channelRead
INFO: Detected non-HTTP/2 connection.
Nov 06, 2025 11:17:50 AM com.google.cloud.datastore.emulator.impl.context.EmulatorAuthorization warnAboutSecuredJwt
WARNING: expected an unsecured JWT, the emulator does not validate JWTs and IS NOT SECURE
Nov 06, 2025 11:17:50 AM io.gapi.emulators.netty.HttpVersionRoutingHandler channelRead
INFO: Detected non-HTTP/2 connection.
Nov 06, 2025 11:17:50 AM io.gapi.emulators.netty.HttpVersionRoutingHandler channelRead
INFO: Detected non-HTTP/2 connection.
Nov 06, 2025 11:17:50 AM io.gapi.emulators.netty.HttpVersionRoutingHandler channelRead
INFO: Detected non-HTTP/2 connection.
Nov 06, 2025 11:17:51 AM io.gapi.emulators.netty.HttpVersionRoutingHandler channelRead
INFO: Detected non-HTTP/2 connection.
Nov 06, 2025 11:17:51 AM com.google.cloud.datastore.emulator.impl.context.EmulatorAuthorization warnAboutSecuredJwt
WARNING: expected an unsecured JWT, the emulator does not validate JWTs and IS NOT SECURE
Nov 06, 2025 11:17:51 AM io.gapi.emulators.netty.HttpVersionRoutingHandler channelRead
INFO: Detected non-HTTP/2 connection.
Nov 06, 2025 11:17:51 AM io.gapi.emulators.netty.HttpVersionRoutingHandler channelRead
INFO: Detected non-HTTP/2 connection.
Nov 06, 2025 11:17:51 AM io.gapi.emulators.netty.HttpVersionRoutingHandler channelRead
INFO: Detected non-HTTP/2 connection.
Nov 06, 2025 11:17:51 AM io.gapi.emulators.netty.HttpVersionRoutingHandler channelRead
INFO: Detected non-HTTP/2 connection.
Nov 06, 2025 11:17:51 AM com.google.cloud.datastore.emulator.impl.context.EmulatorAuthorization warnAboutSecuredJwt
WARNING: expected an unsecured JWT, the emulator does not validate JWTs and IS NOT SECURE
Nov 06, 2025 11:17:51 AM io.gapi.emulators.netty.HttpVersionRoutingHandler channelRead
INFO: Detected non-HTTP/2 connection.
Nov 06, 2025 11:17:51 AM io.gapi.emulators.netty.HttpVersionRoutingHandler channelRead
INFO: Detected non-HTTP/2 connection.
Nov 06, 2025 11:17:51 AM io.gapi.emulators.netty.HttpVersionRoutingHandler channelRead
INFO: Detected non-HTTP/2 connection.
Nov 06, 2025 11:17:52 AM io.gapi.emulators.netty.HttpVersionRoutingHandler channelRead
INFO: Detected non-HTTP/2 connection.
Nov 06, 2025 11:17:52 AM com.google.cloud.datastore.emulator.impl.context.EmulatorAuthorization warnAboutSecuredJwt
WARNING: expected an unsecured JWT, the emulator does not validate JWTs and IS NOT SECURE
Nov 06, 2025 11:17:52 AM io.gapi.emulators.netty.HttpVersionRoutingHandler channelRead
INFO: Detected non-HTTP/2 connection.
Nov 06, 2025 11:17:52 AM io.gapi.emulators.netty.HttpVersionRoutingHandler channelRead
INFO: Detected non-HTTP/2 connection.
Nov 06, 2025 11:17:52 AM io.gapi.emulators.netty.HttpVersionRoutingHandler channelRead
INFO: Detected non-HTTP/2 connection.
Nov 06, 2025 11:17:52 AM io.gapi.emulators.netty.HttpVersionRoutingHandler channelRead
INFO: Detected non-HTTP/2 connection.
Nov 06, 2025 11:17:52 AM com.google.cloud.datastore.emulator.impl.context.EmulatorAuthorization warnAboutSecuredJwt
WARNING: expected an unsecured JWT, the emulator does not validate JWTs and IS NOT SECURE
Nov 06, 2025 11:17:52 AM io.gapi.emulators.netty.HttpVersionRoutingHandler channelRead
INFO: Detected non-HTTP/2 connection.
Nov 06, 2025 11:17:52 AM io.gapi.emulators.netty.HttpVersionRoutingHandler channelRead
INFO: Detected non-HTTP/2 connection.
Nov 06, 2025 11:17:52 AM io.gapi.emulators.netty.HttpVersionRoutingHandler channelRead
INFO: Detected non-HTTP/2 connection.
Nov 06, 2025 11:17:52 AM io.gapi.emulators.netty.HttpVersionRoutingHandler channelRead
INFO: Detected non-HTTP/2 connection.
Nov 06, 2025 11:17:52 AM com.google.cloud.datastore.emulator.impl.context.EmulatorAuthorization warnAboutSecuredJwt
WARNING: expected an unsecured JWT, the emulator does not validate JWTs and IS NOT SECURE
Nov 06, 2025 11:17:52 AM io.gapi.emulators.netty.HttpVersionRoutingHandler channelRead
INFO: Detected non-HTTP/2 connection.
Nov 06, 2025 11:17:52 AM io.gapi.emulators.netty.HttpVersionRoutingHandler channelRead
INFO: Detected non-HTTP/2 connection.
Nov 06, 2025 11:17:52 AM io.gapi.emulators.netty.HttpVersionRoutingHandler channelRead
INFO: Detected non-HTTP/2 connection.
Nov 06, 2025 11:17:53 AM io.gapi.emulators.netty.HttpVersionRoutingHandler channelRead
INFO: Detected non-HTTP/2 connection.
Nov 06, 2025 11:17:53 AM com.google.cloud.datastore.emulator.impl.context.EmulatorAuthorization warnAboutSecuredJwt
WARNING: expected an unsecured JWT, the emulator does not validate JWTs and IS NOT SECURE
Nov 06, 2025 11:17:53 AM io.gapi.emulators.netty.HttpVersionRoutingHandler channelRead
INFO: Detected non-HTTP/2 connection.
Nov 06, 2025 11:17:53 AM io.gapi.emulators.netty.HttpVersionRoutingHandler channelRead
INFO: Detected non-HTTP/2 connection.
Nov 06, 2025 11:17:53 AM io.gapi.emulators.netty.HttpVersionRoutingHandler channelRead
INFO: Detected non-HTTP/2 connection.
Nov 06, 2025 11:17:53 AM io.gapi.emulators.netty.HttpVersionRoutingHandler channelRead
INFO: Detected non-HTTP/2 connection.
Nov 06, 2025 11:17:53 AM com.google.cloud.datastore.emulator.impl.context.EmulatorAuthorization warnAboutSecuredJwt
WARNING: expected an unsecured JWT, the emulator does not validate JWTs and IS NOT SECURE
Nov 06, 2025 11:17:53 AM io.gapi.emulators.netty.HttpVersionRoutingHandler channelRead
INFO: Detected non-HTTP/2 connection.
Nov 06, 2025 11:17:53 AM io.gapi.emulators.netty.HttpVersionRoutingHandler channelRead
INFO: Detected non-HTTP/2 connection.
Nov 06, 2025 11:17:53 AM io.gapi.emulators.netty.HttpVersionRoutingHandler channelRead
INFO: Detected non-HTTP/2 connection.
Nov 06, 2025 11:17:54 AM io.gapi.emulators.netty.HttpVersionRoutingHandler channelRead
INFO: Detected non-HTTP/2 connection.
Nov 06, 2025 11:17:54 AM com.google.cloud.datastore.emulator.impl.context.EmulatorAuthorization warnAboutSecuredJwt
WARNING: expected an unsecured JWT, the emulator does not validate JWTs and IS NOT SECURE
Nov 06, 2025 11:17:54 AM io.gapi.emulators.netty.HttpVersionRoutingHandler channelRead
INFO: Detected non-HTTP/2 connection.
Nov 06, 2025 11:17:54 AM io.gapi.emulators.netty.HttpVersionRoutingHandler channelRead
INFO: Detected non-HTTP/2 connection.
Nov 06, 2025 11:17:54 AM io.gapi.emulators.netty.HttpVersionRoutingHandler channelRead
INFO: Detected non-HTTP/2 connection.
Nov 06, 2025 11:17:54 AM io.gapi.emulators.netty.HttpVersionRoutingHandler channelRead
INFO: Detected non-HTTP/2 connection.
Nov 06, 2025 11:17:54 AM com.google.cloud.datastore.emulator.impl.context.EmulatorAuthorization warnAboutSecuredJwt
WARNING: expected an unsecured JWT, the emulator does not validate JWTs and IS NOT SECURE
Nov 06, 2025 11:17:54 AM io.gapi.emulators.netty.HttpVersionRoutingHandler channelRead
INFO: Detected non-HTTP/2 connection.
Nov 06, 2025 11:17:54 AM io.gapi.emulators.netty.HttpVersionRoutingHandler channelRead
INFO: Detected non-HTTP/2 connection.
Nov 06, 2025 11:17:54 AM io.gapi.emulators.netty.HttpVersionRoutingHandler channelRead
INFO: Detected non-HTTP/2 connection.
Nov 06, 2025 11:17:55 AM io.gapi.emulators.netty.HttpVersionRoutingHandler channelRead
INFO: Detected non-HTTP/2 connection.
Nov 06, 2025 11:17:55 AM com.google.cloud.datastore.emulator.impl.context.EmulatorAuthorization warnAboutSecuredJwt
WARNING: expected an unsecured JWT, the emulator does not validate JWTs and IS NOT SECURE
Nov 06, 2025 11:17:55 AM io.gapi.emulators.netty.HttpVersionRoutingHandler channelRead
INFO: Detected non-HTTP/2 connection.
Nov 06, 2025 11:17:55 AM io.gapi.emulators.netty.HttpVersionRoutingHandler channelRead
INFO: Detected non-HTTP/2 connection.
Nov 06, 2025 11:17:55 AM io.gapi.emulators.netty.HttpVersionRoutingHandler channelRead
INFO: Detected non-HTTP/2 connection.
Nov 06, 2025 11:17:55 AM io.gapi.emulators.netty.HttpVersionRoutingHandler channelRead
INFO: Detected non-HTTP/2 connection.
Nov 06, 2025 11:17:55 AM com.google.cloud.datastore.emulator.impl.context.EmulatorAuthorization warnAboutSecuredJwt
WARNING: expected an unsecured JWT, the emulator does not validate JWTs and IS NOT SECURE
Nov 06, 2025 11:17:55 AM io.gapi.emulators.netty.HttpVersionRoutingHandler channelRead
INFO: Detected non-HTTP/2 connection.
Nov 06, 2025 11:17:55 AM io.gapi.emulators.netty.HttpVersionRoutingHandler channelRead
INFO: Detected non-HTTP/2 connection.
Nov 06, 2025 11:17:55 AM io.gapi.emulators.netty.HttpVersionRoutingHandler channelRead
INFO: Detected non-HTTP/2 connection.
Nov 06, 2025 11:17:55 AM io.gapi.emulators.netty.HttpVersionRoutingHandler channelRead
INFO: Detected non-HTTP/2 connection.
Nov 06, 2025 11:17:55 AM com.google.cloud.datastore.emulator.impl.context.EmulatorAuthorization warnAboutSecuredJwt
WARNING: expected an unsecured JWT, the emulator does not validate JWTs and IS NOT SECURE
Nov 06, 2025 11:17:55 AM io.gapi.emulators.netty.HttpVersionRoutingHandler channelRead
INFO: Detected non-HTTP/2 connection.
Nov 06, 2025 11:17:55 AM io.gapi.emulators.netty.HttpVersionRoutingHandler channelRead
INFO: Detected non-HTTP/2 connection.
Nov 06, 2025 11:17:55 AM io.gapi.emulators.netty.HttpVersionRoutingHandler channelRead
INFO: Detected non-HTTP/2 connection.
Nov 06, 2025 11:17:56 AM io.gapi.emulators.netty.HttpVersionRoutingHandler channelRead
INFO: Detected non-HTTP/2 connection.
Nov 06, 2025 11:17:56 AM com.google.cloud.datastore.emulator.impl.context.EmulatorAuthorization warnAboutSecuredJwt
WARNING: expected an unsecured JWT, the emulator does not validate JWTs and IS NOT SECURE
Nov 06, 2025 11:17:56 AM io.gapi.emulators.netty.HttpVersionRoutingHandler channelRead
INFO: Detected non-HTTP/2 connection.
Nov 06, 2025 11:17:56 AM io.gapi.emulators.netty.HttpVersionRoutingHandler channelRead
INFO: Detected non-HTTP/2 connection.
Nov 06, 2025 11:17:56 AM io.gapi.emulators.netty.HttpVersionRoutingHandler channelRead
INFO: Detected non-HTTP/2 connection.
Nov 06, 2025 11:17:56 AM io.gapi.emulators.netty.HttpVersionRoutingHandler channelRead
INFO: Detected non-HTTP/2 connection.
Nov 06, 2025 11:17:56 AM com.google.cloud.datastore.emulator.impl.context.EmulatorAuthorization warnAboutSecuredJwt
WARNING: expected an unsecured JWT, the emulator does not validate JWTs and IS NOT SECURE
Nov 06, 2025 11:17:56 AM io.gapi.emulators.netty.HttpVersionRoutingHandler channelRead
INFO: Detected non-HTTP/2 connection.
Nov 06, 2025 11:17:56 AM io.gapi.emulators.netty.HttpVersionRoutingHandler channelRead
INFO: Detected non-HTTP/2 connection.
Nov 06, 2025 11:17:56 AM io.gapi.emulators.netty.HttpVersionRoutingHandler channelRead
INFO: Detected non-HTTP/2 connection.
Nov 06, 2025 11:17:57 AM io.gapi.emulators.netty.HttpVersionRoutingHandler channelRead
INFO: Detected non-HTTP/2 connection.
Nov 06, 2025 11:17:57 AM com.google.cloud.datastore.emulator.impl.context.EmulatorAuthorization warnAboutSecuredJwt
WARNING: expected an unsecured JWT, the emulator does not validate JWTs and IS NOT SECURE
Nov 06, 2025 11:17:57 AM io.gapi.emulators.netty.HttpVersionRoutingHandler channelRead
INFO: Detected non-HTTP/2 connection.
Nov 06, 2025 11:17:57 AM io.gapi.emulators.netty.HttpVersionRoutingHandler channelRead
INFO: Detected non-HTTP/2 connection.
Nov 06, 2025 11:17:57 AM io.gapi.emulators.netty.HttpVersionRoutingHandler channelRead
INFO: Detected non-HTTP/2 connection.
Nov 06, 2025 11:17:57 AM io.gapi.emulators.netty.HttpVersionRoutingHandler channelRead
INFO: Detected non-HTTP/2 connection.
Nov 06, 2025 11:17:58 AM com.google.cloud.datastore.emulator.impl.context.EmulatorAuthorization warnAboutSecuredJwt
WARNING: expected an unsecured JWT, the emulator does not validate JWTs and IS NOT SECURE
Nov 06, 2025 11:17:58 AM io.gapi.emulators.netty.HttpVersionRoutingHandler channelRead
INFO: Detected non-HTTP/2 connection.
Nov 06, 2025 11:17:58 AM io.gapi.emulators.netty.HttpVersionRoutingHandler channelRead
INFO: Detected non-HTTP/2 connection.
Nov 06, 2025 11:17:58 AM io.gapi.emulators.netty.HttpVersionRoutingHandler channelRead
INFO: Detected non-HTTP/2 connection.
Nov 06, 2025 11:17:58 AM io.gapi.emulators.netty.HttpVersionRoutingHandler channelRead
INFO: Detected non-HTTP/2 connection.
Nov 06, 2025 11:17:58 AM com.google.cloud.datastore.emulator.impl.context.EmulatorAuthorization warnAboutSecuredJwt
WARNING: expected an unsecured JWT, the emulator does not validate JWTs and IS NOT SECURE
Nov 06, 2025 11:17:58 AM io.gapi.emulators.netty.HttpVersionRoutingHandler channelRead
INFO: Detected non-HTTP/2 connection.
Nov 06, 2025 11:17:58 AM io.gapi.emulators.netty.HttpVersionRoutingHandler channelRead
INFO: Detected non-HTTP/2 connection.
Nov 06, 2025 11:17:58 AM io.gapi.emulators.netty.HttpVersionRoutingHandler channelRead
INFO: Detected non-HTTP/2 connection.
Nov 06, 2025 11:17:59 AM io.gapi.emulators.netty.HttpVersionRoutingHandler channelRead
INFO: Detected non-HTTP/2 connection.
Nov 06, 2025 11:17:59 AM com.google.cloud.datastore.emulator.impl.context.EmulatorAuthorization warnAboutSecuredJwt
WARNING: expected an unsecured JWT, the emulator does not validate JWTs and IS NOT SECURE
Nov 06, 2025 11:17:59 AM io.gapi.emulators.netty.HttpVersionRoutingHandler channelRead
INFO: Detected non-HTTP/2 connection.
Nov 06, 2025 11:17:59 AM io.gapi.emulators.netty.HttpVersionRoutingHandler channelRead
INFO: Detected non-HTTP/2 connection.
Nov 06, 2025 11:17:59 AM io.gapi.emulators.netty.HttpVersionRoutingHandler channelRead
INFO: Detected non-HTTP/2 connection.
Nov 06, 2025 11:17:59 AM io.gapi.emulators.netty.HttpVersionRoutingHandler channelRead
INFO: Detected non-HTTP/2 connection.
Nov 06, 2025 11:17:59 AM com.google.cloud.datastore.emulator.impl.context.EmulatorAuthorization warnAboutSecuredJwt
WARNING: expected an unsecured JWT, the emulator does not validate JWTs and IS NOT SECURE
Nov 06, 2025 11:17:59 AM io.gapi.emulators.netty.HttpVersionRoutingHandler channelRead
INFO: Detected non-HTTP/2 connection.
Nov 06, 2025 11:17:59 AM io.gapi.emulators.netty.HttpVersionRoutingHandler channelRead
INFO: Detected non-HTTP/2 connection.
Nov 06, 2025 11:17:59 AM io.gapi.emulators.netty.HttpVersionRoutingHandler channelRead
INFO: Detected non-HTTP/2 connection.
Nov 06, 2025 11:17:59 AM io.gapi.emulators.netty.HttpVersionRoutingHandler channelRead
INFO: Detected non-HTTP/2 connection.
Nov 06, 2025 11:17:59 AM com.google.cloud.datastore.emulator.impl.context.EmulatorAuthorization warnAboutSecuredJwt
WARNING: expected an unsecured JWT, the emulator does not validate JWTs and IS NOT SECURE
Nov 06, 2025 11:17:59 AM io.gapi.emulators.netty.HttpVersionRoutingHandler channelRead
INFO: Detected non-HTTP/2 connection.
Nov 06, 2025 11:17:59 AM io.gapi.emulators.netty.HttpVersionRoutingHandler channelRead
INFO: Detected non-HTTP/2 connection.
Nov 06, 2025 11:17:59 AM io.gapi.emulators.netty.HttpVersionRoutingHandler channelRead
INFO: Detected non-HTTP/2 connection.
Nov 06, 2025 11:18:00 AM io.gapi.emulators.netty.HttpVersionRoutingHandler channelRead
INFO: Detected non-HTTP/2 connection.
Nov 06, 2025 11:18:00 AM com.google.cloud.datastore.emulator.impl.context.EmulatorAuthorization warnAboutSecuredJwt
WARNING: expected an unsecured JWT, the emulator does not validate JWTs and IS NOT SECURE
Nov 06, 2025 11:18:00 AM io.gapi.emulators.netty.HttpVersionRoutingHandler channelRead
INFO: Detected non-HTTP/2 connection.
Nov 06, 2025 11:18:00 AM io.gapi.emulators.netty.HttpVersionRoutingHandler channelRead
INFO: Detected non-HTTP/2 connection.
Nov 06, 2025 11:18:00 AM io.gapi.emulators.netty.HttpVersionRoutingHandler channelRead
INFO: Detected non-HTTP/2 connection.
Nov 06, 2025 11:18:00 AM io.gapi.emulators.netty.HttpVersionRoutingHandler channelRead
INFO: Detected non-HTTP/2 connection.
Nov 06, 2025 11:18:00 AM com.google.cloud.datastore.emulator.impl.context.EmulatorAuthorization warnAboutSecuredJwt
WARNING: expected an unsecured JWT, the emulator does not validate JWTs and IS NOT SECURE
Nov 06, 2025 11:18:00 AM io.gapi.emulators.netty.HttpVersionRoutingHandler channelRead
INFO: Detected non-HTTP/2 connection.
Nov 06, 2025 11:18:00 AM io.gapi.emulators.netty.HttpVersionRoutingHandler channelRead
INFO: Detected non-HTTP/2 connection.
Nov 06, 2025 11:18:00 AM io.gapi.emulators.netty.HttpVersionRoutingHandler channelRead
INFO: Detected non-HTTP/2 connection.
Nov 06, 2025 11:18:01 AM io.gapi.emulators.netty.HttpVersionRoutingHandler channelRead
INFO: Detected non-HTTP/2 connection.
Nov 06, 2025 11:18:01 AM com.google.cloud.datastore.emulator.impl.context.EmulatorAuthorization warnAboutSecuredJwt
WARNING: expected an unsecured JWT, the emulator does not validate JWTs and IS NOT SECURE
Nov 06, 2025 11:18:01 AM io.gapi.emulators.netty.HttpVersionRoutingHandler channelRead
INFO: Detected non-HTTP/2 connection.
Nov 06, 2025 11:18:01 AM io.gapi.emulators.netty.HttpVersionRoutingHandler channelRead
INFO: Detected non-HTTP/2 connection.
Nov 06, 2025 11:18:01 AM io.gapi.emulators.netty.HttpVersionRoutingHandler channelRead
INFO: Detected non-HTTP/2 connection.
Nov 06, 2025 11:18:01 AM io.gapi.emulators.netty.HttpVersionRoutingHandler channelRead
INFO: Detected non-HTTP/2 connection.
Nov 06, 2025 11:18:01 AM com.google.cloud.datastore.emulator.impl.context.EmulatorAuthorization warnAboutSecuredJwt
WARNING: expected an unsecured JWT, the emulator does not validate JWTs and IS NOT SECURE
Nov 06, 2025 11:18:01 AM io.gapi.emulators.netty.HttpVersionRoutingHandler channelRead
INFO: Detected non-HTTP/2 connection.
Nov 06, 2025 11:18:01 AM io.gapi.emulators.netty.HttpVersionRoutingHandler channelRead
INFO: Detected non-HTTP/2 connection.
Nov 06, 2025 11:18:01 AM io.gapi.emulators.netty.HttpVersionRoutingHandler channelRead
INFO: Detected non-HTTP/2 connection.
Nov 06, 2025 11:18:02 AM io.gapi.emulators.netty.HttpVersionRoutingHandler channelRead
INFO: Detected non-HTTP/2 connection.
Nov 06, 2025 11:18:02 AM com.google.cloud.datastore.emulator.impl.context.EmulatorAuthorization warnAboutSecuredJwt
WARNING: expected an unsecured JWT, the emulator does not validate JWTs and IS NOT SECURE
Nov 06, 2025 11:18:02 AM io.gapi.emulators.netty.HttpVersionRoutingHandler channelRead
INFO: Detected non-HTTP/2 connection.
Nov 06, 2025 11:18:02 AM io.gapi.emulators.netty.HttpVersionRoutingHandler channelRead
INFO: Detected non-HTTP/2 connection.
Nov 06, 2025 11:18:02 AM io.gapi.emulators.netty.HttpVersionRoutingHandler channelRead
INFO: Detected non-HTTP/2 connection.
Nov 06, 2025 11:18:02 AM io.gapi.emulators.netty.HttpVersionRoutingHandler channelRead
INFO: Detected non-HTTP/2 connection.
Nov 06, 2025 11:18:02 AM com.google.cloud.datastore.emulator.impl.context.EmulatorAuthorization warnAboutSecuredJwt
WARNING: expected an unsecured JWT, the emulator does not validate JWTs and IS NOT SECURE
Nov 06, 2025 11:18:02 AM io.gapi.emulators.netty.HttpVersionRoutingHandler channelRead
INFO: Detected non-HTTP/2 connection.
Nov 06, 2025 11:18:02 AM io.gapi.emulators.netty.HttpVersionRoutingHandler channelRead
INFO: Detected non-HTTP/2 connection.
Nov 06, 2025 11:18:02 AM io.gapi.emulators.netty.HttpVersionRoutingHandler channelRead
INFO: Detected non-HTTP/2 connection.
Nov 06, 2025 11:18:03 AM io.gapi.emulators.netty.HttpVersionRoutingHandler channelRead
INFO: Detected non-HTTP/2 connection.
Nov 06, 2025 11:18:03 AM com.google.cloud.datastore.emulator.impl.context.EmulatorAuthorization warnAboutSecuredJwt
WARNING: expected an unsecured JWT, the emulator does not validate JWTs and IS NOT SECURE
Nov 06, 2025 11:18:03 AM io.gapi.emulators.netty.HttpVersionRoutingHandler channelRead
INFO: Detected non-HTTP/2 connection.
Nov 06, 2025 11:18:03 AM io.gapi.emulators.netty.HttpVersionRoutingHandler channelRead
INFO: Detected non-HTTP/2 connection.
Nov 06, 2025 11:18:03 AM io.gapi.emulators.netty.HttpVersionRoutingHandler channelRead
INFO: Detected non-HTTP/2 connection.
Nov 06, 2025 11:18:03 AM io.gapi.emulators.netty.HttpVersionRoutingHandler channelRead
INFO: Detected non-HTTP/2 connection.
Nov 06, 2025 11:18:03 AM com.google.cloud.datastore.emulator.impl.context.EmulatorAuthorization warnAboutSecuredJwt
WARNING: expected an unsecured JWT, the emulator does not validate JWTs and IS NOT SECURE
Nov 06, 2025 11:18:03 AM io.gapi.emulators.netty.HttpVersionRoutingHandler channelRead
INFO: Detected non-HTTP/2 connection.
Nov 06, 2025 11:18:03 AM io.gapi.emulators.netty.HttpVersionRoutingHandler channelRead
INFO: Detected non-HTTP/2 connection.
Nov 06, 2025 11:18:03 AM io.gapi.emulators.netty.HttpVersionRoutingHandler channelRead
INFO: Detected non-HTTP/2 connection.
Nov 06, 2025 11:18:03 AM io.gapi.emulators.netty.HttpVersionRoutingHandler channelRead
INFO: Detected non-HTTP/2 connection.
Nov 06, 2025 11:18:03 AM com.google.cloud.datastore.emulator.impl.context.EmulatorAuthorization warnAboutSecuredJwt
WARNING: expected an unsecured JWT, the emulator does not validate JWTs and IS NOT SECURE
Nov 06, 2025 11:18:03 AM io.gapi.emulators.netty.HttpVersionRoutingHandler channelRead
INFO: Detected non-HTTP/2 connection.
Nov 06, 2025 11:18:03 AM io.gapi.emulators.netty.HttpVersionRoutingHandler channelRead
INFO: Detected non-HTTP/2 connection.
Nov 06, 2025 11:18:03 AM io.gapi.emulators.netty.HttpVersionRoutingHandler channelRead
INFO: Detected non-HTTP/2 connection.
Nov 06, 2025 11:18:04 AM io.gapi.emulators.netty.HttpVersionRoutingHandler channelRead
INFO: Detected non-HTTP/2 connection.
Nov 06, 2025 11:18:04 AM com.google.cloud.datastore.emulator.impl.context.EmulatorAuthorization warnAboutSecuredJwt
WARNING: expected an unsecured JWT, the emulator does not validate JWTs and IS NOT SECURE
Nov 06, 2025 11:18:04 AM io.gapi.emulators.netty.HttpVersionRoutingHandler channelRead
INFO: Detected non-HTTP/2 connection.
Nov 06, 2025 11:18:04 AM io.gapi.emulators.netty.HttpVersionRoutingHandler channelRead
INFO: Detected non-HTTP/2 connection.
Nov 06, 2025 11:18:04 AM io.gapi.emulators.netty.HttpVersionRoutingHandler channelRead
INFO: Detected non-HTTP/2 connection.
Nov 06, 2025 11:18:04 AM io.gapi.emulators.netty.HttpVersionRoutingHandler channelRead
INFO: Detected non-HTTP/2 connection.
Nov 06, 2025 11:18:04 AM com.google.cloud.datastore.emulator.impl.context.EmulatorAuthorization warnAboutSecuredJwt
WARNING: expected an unsecured JWT, the emulator does not validate JWTs and IS NOT SECURE
Nov 06, 2025 11:18:04 AM io.gapi.emulators.netty.HttpVersionRoutingHandler channelRead
INFO: Detected non-HTTP/2 connection.
Nov 06, 2025 11:18:04 AM io.gapi.emulators.netty.HttpVersionRoutingHandler channelRead
INFO: Detected non-HTTP/2 connection.
Nov 06, 2025 11:18:04 AM io.gapi.emulators.netty.HttpVersionRoutingHandler channelRead
INFO: Detected non-HTTP/2 connection.
Nov 06, 2025 11:18:05 AM io.gapi.emulators.netty.HttpVersionRoutingHandler channelRead
INFO: Detected non-HTTP/2 connection.
Nov 06, 2025 11:18:05 AM com.google.cloud.datastore.emulator.impl.context.EmulatorAuthorization warnAboutSecuredJwt
WARNING: expected an unsecured JWT, the emulator does not validate JWTs and IS NOT SECURE
Nov 06, 2025 11:18:05 AM io.gapi.emulators.netty.HttpVersionRoutingHandler channelRead
INFO: Detected non-HTTP/2 connection.
Nov 06, 2025 11:18:05 AM io.gapi.emulators.netty.HttpVersionRoutingHandler channelRead
INFO: Detected non-HTTP/2 connection.
Nov 06, 2025 11:18:05 AM io.gapi.emulators.netty.HttpVersionRoutingHandler channelRead
INFO: Detected non-HTTP/2 connection.
Nov 06, 2025 11:18:05 AM io.gapi.emulators.netty.HttpVersionRoutingHandler channelRead
INFO: Detected non-HTTP/2 connection.
Nov 06, 2025 11:18:05 AM com.google.cloud.datastore.emulator.impl.context.EmulatorAuthorization warnAboutSecuredJwt
WARNING: expected an unsecured JWT, the emulator does not validate JWTs and IS NOT SECURE
Nov 06, 2025 11:18:05 AM io.gapi.emulators.netty.HttpVersionRoutingHandler channelRead
INFO: Detected non-HTTP/2 connection.
Nov 06, 2025 11:18:05 AM io.gapi.emulators.netty.HttpVersionRoutingHandler channelRead
INFO: Detected non-HTTP/2 connection.
Nov 06, 2025 11:18:05 AM io.gapi.emulators.netty.HttpVersionRoutingHandler channelRead
INFO: Detected non-HTTP/2 connection.
Nov 06, 2025 11:18:06 AM io.gapi.emulators.netty.HttpVersionRoutingHandler channelRead
INFO: Detected non-HTTP/2 connection.
Nov 06, 2025 11:18:06 AM com.google.cloud.datastore.emulator.impl.context.EmulatorAuthorization warnAboutSecuredJwt
WARNING: expected an unsecured JWT, the emulator does not validate JWTs and IS NOT SECURE
Nov 06, 2025 11:18:06 AM io.gapi.emulators.netty.HttpVersionRoutingHandler channelRead
INFO: Detected non-HTTP/2 connection.
Nov 06, 2025 11:18:06 AM io.gapi.emulators.netty.HttpVersionRoutingHandler channelRead
INFO: Detected non-HTTP/2 connection.
Nov 06, 2025 11:18:06 AM io.gapi.emulators.netty.HttpVersionRoutingHandler channelRead
INFO: Detected non-HTTP/2 connection.
Nov 06, 2025 11:18:06 AM io.gapi.emulators.netty.HttpVersionRoutingHandler channelRead
INFO: Detected non-HTTP/2 connection.
Nov 06, 2025 11:18:06 AM com.google.cloud.datastore.emulator.impl.context.EmulatorAuthorization warnAboutSecuredJwt
WARNING: expected an unsecured JWT, the emulator does not validate JWTs and IS NOT SECURE
Nov 06, 2025 11:18:06 AM io.gapi.emulators.netty.HttpVersionRoutingHandler channelRead
INFO: Detected non-HTTP/2 connection.
Nov 06, 2025 11:18:06 AM io.gapi.emulators.netty.HttpVersionRoutingHandler channelRead
INFO: Detected non-HTTP/2 connection.
Nov 06, 2025 11:18:06 AM io.gapi.emulators.netty.HttpVersionRoutingHandler channelRead
INFO: Detected non-HTTP/2 connection.
Nov 06, 2025 11:18:06 AM io.gapi.emulators.netty.HttpVersionRoutingHandler channelRead
INFO: Detected non-HTTP/2 connection.
Nov 06, 2025 11:18:06 AM com.google.cloud.datastore.emulator.impl.context.EmulatorAuthorization warnAboutSecuredJwt
WARNING: expected an unsecured JWT, the emulator does not validate JWTs and IS NOT SECURE
Nov 06, 2025 11:18:06 AM io.gapi.emulators.netty.HttpVersionRoutingHandler channelRead
INFO: Detected non-HTTP/2 connection.
Nov 06, 2025 11:18:06 AM io.gapi.emulators.netty.HttpVersionRoutingHandler channelRead
INFO: Detected non-HTTP/2 connection.
Nov 06, 2025 11:18:06 AM io.gapi.emulators.netty.HttpVersionRoutingHandler channelRead
INFO: Detected non-HTTP/2 connection.
Nov 06, 2025 11:18:07 AM io.gapi.emulators.netty.HttpVersionRoutingHandler channelRead
INFO: Detected non-HTTP/2 connection.
Nov 06, 2025 11:18:07 AM com.google.cloud.datastore.emulator.impl.context.EmulatorAuthorization warnAboutSecuredJwt
WARNING: expected an unsecured JWT, the emulator does not validate JWTs and IS NOT SECURE
Nov 06, 2025 11:18:07 AM io.gapi.emulators.netty.HttpVersionRoutingHandler channelRead
INFO: Detected non-HTTP/2 connection.
Nov 06, 2025 11:18:07 AM io.gapi.emulators.netty.HttpVersionRoutingHandler channelRead
INFO: Detected non-HTTP/2 connection.
Nov 06, 2025 11:18:07 AM io.gapi.emulators.netty.HttpVersionRoutingHandler channelRead
INFO: Detected non-HTTP/2 connection.
Nov 06, 2025 11:18:07 AM io.gapi.emulators.netty.HttpVersionRoutingHandler channelRead
INFO: Detected non-HTTP/2 connection.
Nov 06, 2025 11:18:07 AM com.google.cloud.datastore.emulator.impl.context.EmulatorAuthorization warnAboutSecuredJwt
WARNING: expected an unsecured JWT, the emulator does not validate JWTs and IS NOT SECURE
Nov 06, 2025 11:18:07 AM io.gapi.emulators.netty.HttpVersionRoutingHandler channelRead
INFO: Detected non-HTTP/2 connection.
Nov 06, 2025 11:18:07 AM io.gapi.emulators.netty.HttpVersionRoutingHandler channelRead
INFO: Detected non-HTTP/2 connection.
Nov 06, 2025 11:18:08 AM io.gapi.emulators.netty.HttpVersionRoutingHandler channelRead
INFO: Detected non-HTTP/2 connection.
Nov 06, 2025 11:18:08 AM io.gapi.emulators.netty.HttpVersionRoutingHandler channelRead
INFO: Detected non-HTTP/2 connection.
Nov 06, 2025 11:18:08 AM com.google.cloud.datastore.emulator.impl.context.EmulatorAuthorization warnAboutSecuredJwt
WARNING: expected an unsecured JWT, the emulator does not validate JWTs and IS NOT SECURE
Nov 06, 2025 11:18:08 AM io.gapi.emulators.netty.HttpVersionRoutingHandler channelRead
INFO: Detected non-HTTP/2 connection.
Nov 06, 2025 11:18:08 AM io.gapi.emulators.netty.HttpVersionRoutingHandler channelRead
INFO: Detected non-HTTP/2 connection.
Nov 06, 2025 11:18:08 AM io.gapi.emulators.netty.HttpVersionRoutingHandler channelRead
INFO: Detected non-HTTP/2 connection.
Nov 06, 2025 11:18:09 AM io.gapi.emulators.netty.HttpVersionRoutingHandler channelRead
INFO: Detected non-HTTP/2 connection.
Nov 06, 2025 11:18:09 AM com.google.cloud.datastore.emulator.impl.context.EmulatorAuthorization warnAboutSecuredJwt
WARNING: expected an unsecured JWT, the emulator does not validate JWTs and IS NOT SECURE
Nov 06, 2025 11:18:09 AM io.gapi.emulators.netty.HttpVersionRoutingHandler channelRead
INFO: Detected non-HTTP/2 connection.
Nov 06, 2025 11:18:09 AM io.gapi.emulators.netty.HttpVersionRoutingHandler channelRead
INFO: Detected non-HTTP/2 connection.
Nov 06, 2025 11:18:09 AM io.gapi.emulators.netty.HttpVersionRoutingHandler channelRead
INFO: Detected non-HTTP/2 connection.
Nov 06, 2025 11:18:09 AM io.gapi.emulators.netty.HttpVersionRoutingHandler channelRead
INFO: Detected non-HTTP/2 connection.
Nov 06, 2025 11:18:09 AM com.google.cloud.datastore.emulator.impl.context.EmulatorAuthorization warnAboutSecuredJwt
WARNING: expected an unsecured JWT, the emulator does not validate JWTs and IS NOT SECURE
Nov 06, 2025 11:18:09 AM io.gapi.emulators.netty.HttpVersionRoutingHandler channelRead
INFO: Detected non-HTTP/2 connection.
Nov 06, 2025 11:18:09 AM io.gapi.emulators.netty.HttpVersionRoutingHandler channelRead
INFO: Detected non-HTTP/2 connection.
Nov 06, 2025 11:18:09 AM io.gapi.emulators.netty.HttpVersionRoutingHandler channelRead
INFO: Detected non-HTTP/2 connection.
Nov 06, 2025 11:18:09 AM io.gapi.emulators.netty.HttpVersionRoutingHandler channelRead
INFO: Detected non-HTTP/2 connection.
Nov 06, 2025 11:18:09 AM com.google.cloud.datastore.emulator.impl.context.EmulatorAuthorization warnAboutSecuredJwt
WARNING: expected an unsecured JWT, the emulator does not validate JWTs and IS NOT SECURE
Nov 06, 2025 11:18:09 AM io.gapi.emulators.netty.HttpVersionRoutingHandler channelRead
INFO: Detected non-HTTP/2 connection.
Nov 06, 2025 11:18:10 AM io.gapi.emulators.netty.HttpVersionRoutingHandler channelRead
INFO: Detected non-HTTP/2 connection.
Nov 06, 2025 11:18:10 AM io.gapi.emulators.netty.HttpVersionRoutingHandler channelRead
INFO: Detected non-HTTP/2 connection.
Nov 06, 2025 11:18:10 AM io.gapi.emulators.netty.HttpVersionRoutingHandler channelRead
INFO: Detected non-HTTP/2 connection.
Nov 06, 2025 11:18:10 AM com.google.cloud.datastore.emulator.impl.context.EmulatorAuthorization warnAboutSecuredJwt
WARNING: expected an unsecured JWT, the emulator does not validate JWTs and IS NOT SECURE
Nov 06, 2025 11:18:10 AM io.gapi.emulators.netty.HttpVersionRoutingHandler channelRead
INFO: Detected non-HTTP/2 connection.
Nov 06, 2025 11:18:10 AM io.gapi.emulators.netty.HttpVersionRoutingHandler channelRead
INFO: Detected non-HTTP/2 connection.
Nov 06, 2025 11:18:10 AM io.gapi.emulators.netty.HttpVersionRoutingHandler channelRead
INFO: Detected non-HTTP/2 connection.
Nov 06, 2025 11:18:10 AM io.gapi.emulators.netty.HttpVersionRoutingHandler channelRead
INFO: Detected non-HTTP/2 connection.
Nov 06, 2025 11:18:10 AM com.google.cloud.datastore.emulator.impl.context.EmulatorAuthorization warnAboutSecuredJwt
WARNING: expected an unsecured JWT, the emulator does not validate JWTs and IS NOT SECURE
Nov 06, 2025 11:18:10 AM io.gapi.emulators.netty.HttpVersionRoutingHandler channelRead
INFO: Detected non-HTTP/2 connection.
Nov 06, 2025 11:18:10 AM io.gapi.emulators.netty.HttpVersionRoutingHandler channelRead
INFO: Detected non-HTTP/2 connection.
Nov 06, 2025 11:18:10 AM io.gapi.emulators.netty.HttpVersionRoutingHandler channelRead
INFO: Detected non-HTTP/2 connection.
Nov 06, 2025 11:18:11 AM io.gapi.emulators.netty.HttpVersionRoutingHandler channelRead
INFO: Detected non-HTTP/2 connection.
Nov 06, 2025 11:18:11 AM com.google.cloud.datastore.emulator.impl.context.EmulatorAuthorization warnAboutSecuredJwt
WARNING: expected an unsecured JWT, the emulator does not validate JWTs and IS NOT SECURE
Nov 06, 2025 11:18:11 AM io.gapi.emulators.netty.HttpVersionRoutingHandler channelRead
INFO: Detected non-HTTP/2 connection.
Nov 06, 2025 11:18:11 AM io.gapi.emulators.netty.HttpVersionRoutingHandler channelRead
INFO: Detected non-HTTP/2 connection.
Nov 06, 2025 11:18:11 AM io.gapi.emulators.netty.HttpVersionRoutingHandler channelRead
INFO: Detected non-HTTP/2 connection.
Nov 06, 2025 11:18:11 AM io.gapi.emulators.netty.HttpVersionRoutingHandler channelRead
INFO: Detected non-HTTP/2 connection.
Nov 06, 2025 11:18:11 AM com.google.cloud.datastore.emulator.impl.context.EmulatorAuthorization warnAboutSecuredJwt
WARNING: expected an unsecured JWT, the emulator does not validate JWTs and IS NOT SECURE
Nov 06, 2025 11:18:11 AM io.gapi.emulators.netty.HttpVersionRoutingHandler channelRead
INFO: Detected non-HTTP/2 connection.
Nov 06, 2025 11:18:11 AM io.gapi.emulators.netty.HttpVersionRoutingHandler channelRead
INFO: Detected non-HTTP/2 connection.
Nov 06, 2025 11:18:11 AM io.gapi.emulators.netty.HttpVersionRoutingHandler channelRead
INFO: Detected non-HTTP/2 connection.
Nov 06, 2025 11:18:12 AM io.gapi.emulators.netty.HttpVersionRoutingHandler channelRead
INFO: Detected non-HTTP/2 connection.
Nov 06, 2025 11:18:12 AM com.google.cloud.datastore.emulator.impl.context.EmulatorAuthorization warnAboutSecuredJwt
WARNING: expected an unsecured JWT, the emulator does not validate JWTs and IS NOT SECURE
Nov 06, 2025 11:18:12 AM io.gapi.emulators.netty.HttpVersionRoutingHandler channelRead
INFO: Detected non-HTTP/2 connection.
Nov 06, 2025 11:18:12 AM io.gapi.emulators.netty.HttpVersionRoutingHandler channelRead
INFO: Detected non-HTTP/2 connection.
Nov 06, 2025 11:18:12 AM io.gapi.emulators.netty.HttpVersionRoutingHandler channelRead
INFO: Detected non-HTTP/2 connection.
Nov 06, 2025 11:18:12 AM io.gapi.emulators.netty.HttpVersionRoutingHandler channelRead
INFO: Detected non-HTTP/2 connection.
Nov 06, 2025 11:18:12 AM com.google.cloud.datastore.emulator.impl.context.EmulatorAuthorization warnAboutSecuredJwt
WARNING: expected an unsecured JWT, the emulator does not validate JWTs and IS NOT SECURE
Nov 06, 2025 11:18:12 AM io.gapi.emulators.netty.HttpVersionRoutingHandler channelRead
INFO: Detected non-HTTP/2 connection.
Nov 06, 2025 11:18:12 AM io.gapi.emulators.netty.HttpVersionRoutingHandler channelRead
INFO: Detected non-HTTP/2 connection.
Nov 06, 2025 11:18:12 AM io.gapi.emulators.netty.HttpVersionRoutingHandler channelRead
INFO: Detected non-HTTP/2 connection.
Nov 06, 2025 11:18:12 AM io.gapi.emulators.netty.HttpVersionRoutingHandler channelRead
INFO: Detected non-HTTP/2 connection.
Nov 06, 2025 11:18:12 AM com.google.cloud.datastore.emulator.impl.context.EmulatorAuthorization warnAboutSecuredJwt
WARNING: expected an unsecured JWT, the emulator does not validate JWTs and IS NOT SECURE
Nov 06, 2025 11:18:12 AM io.gapi.emulators.netty.HttpVersionRoutingHandler channelRead
INFO: Detected non-HTTP/2 connection.
Nov 06, 2025 11:18:12 AM io.gapi.emulators.netty.HttpVersionRoutingHandler channelRead
INFO: Detected non-HTTP/2 connection.
Nov 06, 2025 11:18:13 AM io.gapi.emulators.netty.HttpVersionRoutingHandler channelRead
INFO: Detected non-HTTP/2 connection.
Nov 06, 2025 11:18:13 AM io.gapi.emulators.netty.HttpVersionRoutingHandler channelRead
INFO: Detected non-HTTP/2 connection.
Nov 06, 2025 11:18:13 AM com.google.cloud.datastore.emulator.impl.context.EmulatorAuthorization warnAboutSecuredJwt
WARNING: expected an unsecured JWT, the emulator does not validate JWTs and IS NOT SECURE
Nov 06, 2025 11:18:13 AM io.gapi.emulators.netty.HttpVersionRoutingHandler channelRead
INFO: Detected non-HTTP/2 connection.
Nov 06, 2025 11:18:13 AM io.gapi.emulators.netty.HttpVersionRoutingHandler channelRead
INFO: Detected non-HTTP/2 connection.
Nov 06, 2025 11:18:13 AM io.gapi.emulators.netty.HttpVersionRoutingHandler channelRead
INFO: Detected non-HTTP/2 connection.
Nov 06, 2025 11:18:13 AM io.gapi.emulators.netty.HttpVersionRoutingHandler channelRead
INFO: Detected non-HTTP/2 connection.
Nov 06, 2025 11:18:13 AM com.google.cloud.datastore.emulator.impl.context.EmulatorAuthorization warnAboutSecuredJwt
WARNING: expected an unsecured JWT, the emulator does not validate JWTs and IS NOT SECURE
Nov 06, 2025 11:18:13 AM io.gapi.emulators.netty.HttpVersionRoutingHandler channelRead
INFO: Detected non-HTTP/2 connection.
Nov 06, 2025 11:18:13 AM io.gapi.emulators.netty.HttpVersionRoutingHandler channelRead
INFO: Detected non-HTTP/2 connection.
Nov 06, 2025 11:18:13 AM io.gapi.emulators.netty.HttpVersionRoutingHandler channelRead
INFO: Detected non-HTTP/2 connection.
Nov 06, 2025 11:18:14 AM io.gapi.emulators.netty.HttpVersionRoutingHandler channelRead
INFO: Detected non-HTTP/2 connection.
Nov 06, 2025 11:18:14 AM com.google.cloud.datastore.emulator.impl.context.EmulatorAuthorization warnAboutSecuredJwt
WARNING: expected an unsecured JWT, the emulator does not validate JWTs and IS NOT SECURE
Nov 06, 2025 11:18:14 AM io.gapi.emulators.netty.HttpVersionRoutingHandler channelRead
INFO: Detected non-HTTP/2 connection.
Nov 06, 2025 11:18:14 AM io.gapi.emulators.netty.HttpVersionRoutingHandler channelRead
INFO: Detected non-HTTP/2 connection.
Nov 06, 2025 11:18:14 AM io.gapi.emulators.netty.HttpVersionRoutingHandler channelRead
INFO: Detected non-HTTP/2 connection.
Nov 06, 2025 11:18:14 AM io.gapi.emulators.netty.HttpVersionRoutingHandler channelRead
INFO: Detected non-HTTP/2 connection.
Nov 06, 2025 11:18:14 AM com.google.cloud.datastore.emulator.impl.context.EmulatorAuthorization warnAboutSecuredJwt
WARNING: expected an unsecured JWT, the emulator does not validate JWTs and IS NOT SECURE
Nov 06, 2025 11:18:14 AM io.gapi.emulators.netty.HttpVersionRoutingHandler channelRead
INFO: Detected non-HTTP/2 connection.
Nov 06, 2025 11:18:14 AM io.gapi.emulators.netty.HttpVersionRoutingHandler channelRead
INFO: Detected non-HTTP/2 connection.
Nov 06, 2025 11:18:14 AM io.gapi.emulators.netty.HttpVersionRoutingHandler channelRead
INFO: Detected non-HTTP/2 connection.
Nov 06, 2025 11:18:15 AM io.gapi.emulators.netty.HttpVersionRoutingHandler channelRead
INFO: Detected non-HTTP/2 connection.
Nov 06, 2025 11:18:15 AM com.google.cloud.datastore.emulator.impl.context.EmulatorAuthorization warnAboutSecuredJwt
WARNING: expected an unsecured JWT, the emulator does not validate JWTs and IS NOT SECURE
Nov 06, 2025 11:18:15 AM io.gapi.emulators.netty.HttpVersionRoutingHandler channelRead
INFO: Detected non-HTTP/2 connection.
Nov 06, 2025 11:18:15 AM io.gapi.emulators.netty.HttpVersionRoutingHandler channelRead
INFO: Detected non-HTTP/2 connection.
Nov 06, 2025 11:18:15 AM io.gapi.emulators.netty.HttpVersionRoutingHandler channelRead
INFO: Detected non-HTTP/2 connection.
Nov 06, 2025 11:18:15 AM io.gapi.emulators.netty.HttpVersionRoutingHandler channelRead
INFO: Detected non-HTTP/2 connection.
Nov 06, 2025 11:18:15 AM com.google.cloud.datastore.emulator.impl.context.EmulatorAuthorization warnAboutSecuredJwt
WARNING: expected an unsecured JWT, the emulator does not validate JWTs and IS NOT SECURE
Nov 06, 2025 11:18:15 AM io.gapi.emulators.netty.HttpVersionRoutingHandler channelRead
INFO: Detected non-HTTP/2 connection.
Nov 06, 2025 11:18:15 AM io.gapi.emulators.netty.HttpVersionRoutingHandler channelRead
INFO: Detected non-HTTP/2 connection.
Nov 06, 2025 11:18:15 AM io.gapi.emulators.netty.HttpVersionRoutingHandler channelRead
INFO: Detected non-HTTP/2 connection.
Nov 06, 2025 11:18:16 AM io.gapi.emulators.netty.HttpVersionRoutingHandler channelRead
INFO: Detected non-HTTP/2 connection.
Nov 06, 2025 11:18:16 AM com.google.cloud.datastore.emulator.impl.context.EmulatorAuthorization warnAboutSecuredJwt
WARNING: expected an unsecured JWT, the emulator does not validate JWTs and IS NOT SECURE
Nov 06, 2025 11:18:16 AM io.gapi.emulators.netty.HttpVersionRoutingHandler channelRead
INFO: Detected non-HTTP/2 connection.
Nov 06, 2025 11:18:16 AM io.gapi.emulators.netty.HttpVersionRoutingHandler channelRead
INFO: Detected non-HTTP/2 connection.
Nov 06, 2025 11:18:16 AM io.gapi.emulators.netty.HttpVersionRoutingHandler channelRead
INFO: Detected non-HTTP/2 connection.
Nov 06, 2025 11:18:16 AM io.gapi.emulators.netty.HttpVersionRoutingHandler channelRead
INFO: Detected non-HTTP/2 connection.
Nov 06, 2025 11:18:16 AM com.google.cloud.datastore.emulator.impl.context.EmulatorAuthorization warnAboutSecuredJwt
WARNING: expected an unsecured JWT, the emulator does not validate JWTs and IS NOT SECURE
Nov 06, 2025 11:18:16 AM io.gapi.emulators.netty.HttpVersionRoutingHandler channelRead
INFO: Detected non-HTTP/2 connection.
Nov 06, 2025 11:18:16 AM io.gapi.emulators.netty.HttpVersionRoutingHandler channelRead
INFO: Detected non-HTTP/2 connection.
Nov 06, 2025 11:18:16 AM io.gapi.emulators.netty.HttpVersionRoutingHandler channelRead
INFO: Detected non-HTTP/2 connection.
Nov 06, 2025 11:18:16 AM io.gapi.emulators.netty.HttpVersionRoutingHandler channelRead
INFO: Detected non-HTTP/2 connection.
Nov 06, 2025 11:18:16 AM com.google.cloud.datastore.emulator.impl.context.EmulatorAuthorization warnAboutSecuredJwt
WARNING: expected an unsecured JWT, the emulator does not validate JWTs and IS NOT SECURE
Nov 06, 2025 11:18:16 AM io.gapi.emulators.netty.HttpVersionRoutingHandler channelRead
INFO: Detected non-HTTP/2 connection.
Nov 06, 2025 11:18:16 AM io.gapi.emulators.netty.HttpVersionRoutingHandler channelRead
INFO: Detected non-HTTP/2 connection.
Nov 06, 2025 11:18:16 AM io.gapi.emulators.netty.HttpVersionRoutingHandler channelRead
INFO: Detected non-HTTP/2 connection.
Nov 06, 2025 11:18:17 AM io.gapi.emulators.netty.HttpVersionRoutingHandler channelRead
INFO: Detected non-HTTP/2 connection.
Nov 06, 2025 11:18:17 AM com.google.cloud.datastore.emulator.impl.context.EmulatorAuthorization warnAboutSecuredJwt
WARNING: expected an unsecured JWT, the emulator does not validate JWTs and IS NOT SECURE
Nov 06, 2025 11:18:17 AM io.gapi.emulators.netty.HttpVersionRoutingHandler channelRead
INFO: Detected non-HTTP/2 connection.
Nov 06, 2025 11:18:17 AM io.gapi.emulators.netty.HttpVersionRoutingHandler channelRead
INFO: Detected non-HTTP/2 connection.
Nov 06, 2025 11:18:17 AM io.gapi.emulators.netty.HttpVersionRoutingHandler channelRead
INFO: Detected non-HTTP/2 connection.
Nov 06, 2025 11:18:17 AM io.gapi.emulators.netty.HttpVersionRoutingHandler channelRead
INFO: Detected non-HTTP/2 connection.
Nov 06, 2025 11:18:17 AM com.google.cloud.datastore.emulator.impl.context.EmulatorAuthorization warnAboutSecuredJwt
WARNING: expected an unsecured JWT, the emulator does not validate JWTs and IS NOT SECURE
Nov 06, 2025 11:18:17 AM io.gapi.emulators.netty.HttpVersionRoutingHandler channelRead
INFO: Detected non-HTTP/2 connection.
Nov 06, 2025 11:18:17 AM io.gapi.emulators.netty.HttpVersionRoutingHandler channelRead
INFO: Detected non-HTTP/2 connection.
Nov 06, 2025 11:18:17 AM io.gapi.emulators.netty.HttpVersionRoutingHandler channelRead
INFO: Detected non-HTTP/2 connection.
Nov 06, 2025 11:18:18 AM io.gapi.emulators.netty.HttpVersionRoutingHandler channelRead
INFO: Detected non-HTTP/2 connection.
Nov 06, 2025 11:18:18 AM com.google.cloud.datastore.emulator.impl.context.EmulatorAuthorization warnAboutSecuredJwt
WARNING: expected an unsecured JWT, the emulator does not validate JWTs and IS NOT SECURE
Nov 06, 2025 11:18:18 AM io.gapi.emulators.netty.HttpVersionRoutingHandler channelRead
INFO: Detected non-HTTP/2 connection.
Nov 06, 2025 11:18:18 AM io.gapi.emulators.netty.HttpVersionRoutingHandler channelRead
INFO: Detected non-HTTP/2 connection.
Nov 06, 2025 11:18:18 AM io.gapi.emulators.netty.HttpVersionRoutingHandler channelRead
INFO: Detected non-HTTP/2 connection.
Nov 06, 2025 11:18:18 AM io.gapi.emulators.netty.HttpVersionRoutingHandler channelRead
INFO: Detected non-HTTP/2 connection.
Nov 06, 2025 11:18:18 AM com.google.cloud.datastore.emulator.impl.context.EmulatorAuthorization warnAboutSecuredJwt
WARNING: expected an unsecured JWT, the emulator does not validate JWTs and IS NOT SECURE
Nov 06, 2025 11:18:18 AM io.gapi.emulators.netty.HttpVersionRoutingHandler channelRead
INFO: Detected non-HTTP/2 connection.
Nov 06, 2025 11:18:18 AM io.gapi.emulators.netty.HttpVersionRoutingHandler channelRead
INFO: Detected non-HTTP/2 connection.
Nov 06, 2025 11:18:18 AM io.gapi.emulators.netty.HttpVersionRoutingHandler channelRead
INFO: Detected non-HTTP/2 connection.
Nov 06, 2025 11:18:19 AM io.gapi.emulators.netty.HttpVersionRoutingHandler channelRead
INFO: Detected non-HTTP/2 connection.
Nov 06, 2025 11:18:19 AM com.google.cloud.datastore.emulator.impl.context.EmulatorAuthorization warnAboutSecuredJwt
WARNING: expected an unsecured JWT, the emulator does not validate JWTs and IS NOT SECURE
Nov 06, 2025 11:18:19 AM io.gapi.emulators.netty.HttpVersionRoutingHandler channelRead
INFO: Detected non-HTTP/2 connection.
Nov 06, 2025 11:18:19 AM io.gapi.emulators.netty.HttpVersionRoutingHandler channelRead
INFO: Detected non-HTTP/2 connection.
Nov 06, 2025 11:18:19 AM io.gapi.emulators.netty.HttpVersionRoutingHandler channelRead
INFO: Detected non-HTTP/2 connection.
Nov 06, 2025 11:18:19 AM io.gapi.emulators.netty.HttpVersionRoutingHandler channelRead
INFO: Detected non-HTTP/2 connection.
Nov 06, 2025 11:18:19 AM com.google.cloud.datastore.emulator.impl.context.EmulatorAuthorization warnAboutSecuredJwt
WARNING: expected an unsecured JWT, the emulator does not validate JWTs and IS NOT SECURE
Nov 06, 2025 11:18:19 AM io.gapi.emulators.netty.HttpVersionRoutingHandler channelRead
INFO: Detected non-HTTP/2 connection.
Nov 06, 2025 11:18:19 AM io.gapi.emulators.netty.HttpVersionRoutingHandler channelRead
INFO: Detected non-HTTP/2 connection.
Nov 06, 2025 11:18:19 AM io.gapi.emulators.netty.HttpVersionRoutingHandler channelRead
INFO: Detected non-HTTP/2 connection.
Nov 06, 2025 11:18:20 AM io.gapi.emulators.netty.HttpVersionRoutingHandler channelRead
INFO: Detected non-HTTP/2 connection.
Nov 06, 2025 11:18:20 AM com.google.cloud.datastore.emulator.impl.context.EmulatorAuthorization warnAboutSecuredJwt
WARNING: expected an unsecured JWT, the emulator does not validate JWTs and IS NOT SECURE
Nov 06, 2025 11:18:20 AM io.gapi.emulators.netty.HttpVersionRoutingHandler channelRead
INFO: Detected non-HTTP/2 connection.
Nov 06, 2025 11:18:20 AM io.gapi.emulators.netty.HttpVersionRoutingHandler channelRead
INFO: Detected non-HTTP/2 connection.
Nov 06, 2025 11:18:20 AM io.gapi.emulators.netty.HttpVersionRoutingHandler channelRead
INFO: Detected non-HTTP/2 connection.
Nov 06, 2025 11:18:20 AM io.gapi.emulators.netty.HttpVersionRoutingHandler channelRead
INFO: Detected non-HTTP/2 connection.
Nov 06, 2025 11:18:20 AM com.google.cloud.datastore.emulator.impl.context.EmulatorAuthorization warnAboutSecuredJwt
WARNING: expected an unsecured JWT, the emulator does not validate JWTs and IS NOT SECURE
Nov 06, 2025 11:18:20 AM io.gapi.emulators.netty.HttpVersionRoutingHandler channelRead
INFO: Detected non-HTTP/2 connection.
Nov 06, 2025 11:18:20 AM io.gapi.emulators.netty.HttpVersionRoutingHandler channelRead
INFO: Detected non-HTTP/2 connection.
Nov 06, 2025 11:18:20 AM io.gapi.emulators.netty.HttpVersionRoutingHandler channelRead
INFO: Detected non-HTTP/2 connection.
Nov 06, 2025 11:18:21 AM io.gapi.emulators.netty.HttpVersionRoutingHandler channelRead
INFO: Detected non-HTTP/2 connection.
Nov 06, 2025 11:18:21 AM com.google.cloud.datastore.emulator.impl.context.EmulatorAuthorization warnAboutSecuredJwt
WARNING: expected an unsecured JWT, the emulator does not validate JWTs and IS NOT SECURE
Nov 06, 2025 11:18:21 AM io.gapi.emulators.netty.HttpVersionRoutingHandler channelRead
INFO: Detected non-HTTP/2 connection.
Nov 06, 2025 11:18:21 AM io.gapi.emulators.netty.HttpVersionRoutingHandler channelRead
INFO: Detected non-HTTP/2 connection.
Nov 06, 2025 11:18:21 AM io.gapi.emulators.netty.HttpVersionRoutingHandler channelRead
INFO: Detected non-HTTP/2 connection.
Nov 06, 2025 11:18:21 AM io.gapi.emulators.netty.HttpVersionRoutingHandler channelRead
INFO: Detected non-HTTP/2 connection.
Nov 06, 2025 11:18:21 AM com.google.cloud.datastore.emulator.impl.context.EmulatorAuthorization warnAboutSecuredJwt
WARNING: expected an unsecured JWT, the emulator does not validate JWTs and IS NOT SECURE
Nov 06, 2025 11:18:21 AM io.gapi.emulators.netty.HttpVersionRoutingHandler channelRead
INFO: Detected non-HTTP/2 connection.
Nov 06, 2025 11:18:21 AM io.gapi.emulators.netty.HttpVersionRoutingHandler channelRead
INFO: Detected non-HTTP/2 connection.
Nov 06, 2025 11:18:21 AM io.gapi.emulators.netty.HttpVersionRoutingHandler channelRead
INFO: Detected non-HTTP/2 connection.
Nov 06, 2025 11:18:21 AM io.gapi.emulators.netty.HttpVersionRoutingHandler channelRead
INFO: Detected non-HTTP/2 connection.
Nov 06, 2025 11:18:21 AM com.google.cloud.datastore.emulator.impl.context.EmulatorAuthorization warnAboutSecuredJwt
WARNING: expected an unsecured JWT, the emulator does not validate JWTs and IS NOT SECURE
Nov 06, 2025 11:18:21 AM io.gapi.emulators.netty.HttpVersionRoutingHandler channelRead
INFO: Detected non-HTTP/2 connection.
Nov 06, 2025 11:18:21 AM io.gapi.emulators.netty.HttpVersionRoutingHandler channelRead
INFO: Detected non-HTTP/2 connection.
Nov 06, 2025 11:18:21 AM io.gapi.emulators.netty.HttpVersionRoutingHandler channelRead
INFO: Detected non-HTTP/2 connection.
Nov 06, 2025 11:18:22 AM io.gapi.emulators.netty.HttpVersionRoutingHandler channelRead
INFO: Detected non-HTTP/2 connection.
Nov 06, 2025 11:18:22 AM com.google.cloud.datastore.emulator.impl.context.EmulatorAuthorization warnAboutSecuredJwt
WARNING: expected an unsecured JWT, the emulator does not validate JWTs and IS NOT SECURE
Nov 06, 2025 11:18:22 AM io.gapi.emulators.netty.HttpVersionRoutingHandler channelRead
INFO: Detected non-HTTP/2 connection.
Nov 06, 2025 11:18:22 AM io.gapi.emulators.netty.HttpVersionRoutingHandler channelRead
INFO: Detected non-HTTP/2 connection.
Nov 06, 2025 11:18:22 AM io.gapi.emulators.netty.HttpVersionRoutingHandler channelRead
INFO: Detected non-HTTP/2 connection.
Nov 06, 2025 11:18:23 AM io.gapi.emulators.netty.HttpVersionRoutingHandler channelRead
INFO: Detected non-HTTP/2 connection.
Nov 06, 2025 11:18:23 AM com.google.cloud.datastore.emulator.impl.context.EmulatorAuthorization warnAboutSecuredJwt
WARNING: expected an unsecured JWT, the emulator does not validate JWTs and IS NOT SECURE
Nov 06, 2025 11:18:23 AM io.gapi.emulators.netty.HttpVersionRoutingHandler channelRead
INFO: Detected non-HTTP/2 connection.
Nov 06, 2025 11:18:23 AM io.gapi.emulators.netty.HttpVersionRoutingHandler channelRead
INFO: Detected non-HTTP/2 connection.
Nov 06, 2025 11:18:23 AM io.gapi.emulators.netty.HttpVersionRoutingHandler channelRead
INFO: Detected non-HTTP/2 connection.
Nov 06, 2025 11:18:23 AM io.gapi.emulators.netty.HttpVersionRoutingHandler channelRead
INFO: Detected non-HTTP/2 connection.
Nov 06, 2025 11:18:23 AM com.google.cloud.datastore.emulator.impl.context.EmulatorAuthorization warnAboutSecuredJwt
WARNING: expected an unsecured JWT, the emulator does not validate JWTs and IS NOT SECURE
Nov 06, 2025 11:18:23 AM io.gapi.emulators.netty.HttpVersionRoutingHandler channelRead
INFO: Detected non-HTTP/2 connection.
Nov 06, 2025 11:18:23 AM io.gapi.emulators.netty.HttpVersionRoutingHandler channelRead
INFO: Detected non-HTTP/2 connection.
Nov 06, 2025 11:18:23 AM io.gapi.emulators.netty.HttpVersionRoutingHandler channelRead
INFO: Detected non-HTTP/2 connection.
Nov 06, 2025 11:18:24 AM io.gapi.emulators.netty.HttpVersionRoutingHandler channelRead
INFO: Detected non-HTTP/2 connection.
Nov 06, 2025 11:18:24 AM com.google.cloud.datastore.emulator.impl.context.EmulatorAuthorization warnAboutSecuredJwt
WARNING: expected an unsecured JWT, the emulator does not validate JWTs and IS NOT SECURE
Nov 06, 2025 11:18:24 AM io.gapi.emulators.netty.HttpVersionRoutingHandler channelRead
INFO: Detected non-HTTP/2 connection.
Nov 06, 2025 11:18:24 AM io.gapi.emulators.netty.HttpVersionRoutingHandler channelRead
INFO: Detected non-HTTP/2 connection.
Nov 06, 2025 11:18:24 AM io.gapi.emulators.netty.HttpVersionRoutingHandler channelRead
INFO: Detected non-HTTP/2 connection.
Nov 06, 2025 11:18:24 AM io.gapi.emulators.netty.HttpVersionRoutingHandler channelRead
INFO: Detected non-HTTP/2 connection.
Nov 06, 2025 11:18:24 AM com.google.cloud.datastore.emulator.impl.context.EmulatorAuthorization warnAboutSecuredJwt
WARNING: expected an unsecured JWT, the emulator does not validate JWTs and IS NOT SECURE
Nov 06, 2025 11:18:24 AM io.gapi.emulators.netty.HttpVersionRoutingHandler channelRead
INFO: Detected non-HTTP/2 connection.
Nov 06, 2025 11:18:24 AM io.gapi.emulators.netty.HttpVersionRoutingHandler channelRead
INFO: Detected non-HTTP/2 connection.
Nov 06, 2025 11:18:24 AM io.gapi.emulators.netty.HttpVersionRoutingHandler channelRead
INFO: Detected non-HTTP/2 connection.
Nov 06, 2025 11:18:24 AM io.gapi.emulators.netty.HttpVersionRoutingHandler channelRead
INFO: Detected non-HTTP/2 connection.
Nov 06, 2025 11:18:24 AM com.google.cloud.datastore.emulator.impl.context.EmulatorAuthorization warnAboutSecuredJwt
WARNING: expected an unsecured JWT, the emulator does not validate JWTs and IS NOT SECURE
Nov 06, 2025 11:18:24 AM io.gapi.emulators.netty.HttpVersionRoutingHandler channelRead
INFO: Detected non-HTTP/2 connection.
Nov 06, 2025 11:18:24 AM io.gapi.emulators.netty.HttpVersionRoutingHandler channelRead
INFO: Detected non-HTTP/2 connection.
Nov 06, 2025 11:18:24 AM io.gapi.emulators.netty.HttpVersionRoutingHandler channelRead
INFO: Detected non-HTTP/2 connection.
Nov 06, 2025 11:18:25 AM io.gapi.emulators.netty.HttpVersionRoutingHandler channelRead
INFO: Detected non-HTTP/2 connection.
Nov 06, 2025 11:18:25 AM com.google.cloud.datastore.emulator.impl.context.EmulatorAuthorization warnAboutSecuredJwt
WARNING: expected an unsecured JWT, the emulator does not validate JWTs and IS NOT SECURE
Nov 06, 2025 11:18:25 AM io.gapi.emulators.netty.HttpVersionRoutingHandler channelRead
INFO: Detected non-HTTP/2 connection.
Nov 06, 2025 11:18:25 AM io.gapi.emulators.netty.HttpVersionRoutingHandler channelRead
INFO: Detected non-HTTP/2 connection.
Nov 06, 2025 11:18:25 AM io.gapi.emulators.netty.HttpVersionRoutingHandler channelRead
INFO: Detected non-HTTP/2 connection.
Nov 06, 2025 11:18:25 AM io.gapi.emulators.netty.HttpVersionRoutingHandler channelRead
INFO: Detected non-HTTP/2 connection.
Nov 06, 2025 11:18:25 AM com.google.cloud.datastore.emulator.impl.context.EmulatorAuthorization warnAboutSecuredJwt
WARNING: expected an unsecured JWT, the emulator does not validate JWTs and IS NOT SECURE
Nov 06, 2025 11:18:25 AM io.gapi.emulators.netty.HttpVersionRoutingHandler channelRead
INFO: Detected non-HTTP/2 connection.
Nov 06, 2025 11:18:25 AM io.gapi.emulators.netty.HttpVersionRoutingHandler channelRead
INFO: Detected non-HTTP/2 connection.
Nov 06, 2025 11:18:25 AM io.gapi.emulators.netty.HttpVersionRoutingHandler channelRead
INFO: Detected non-HTTP/2 connection.
Nov 06, 2025 11:18:26 AM io.gapi.emulators.netty.HttpVersionRoutingHandler channelRead
INFO: Detected non-HTTP/2 connection.
Nov 06, 2025 11:18:26 AM com.google.cloud.datastore.emulator.impl.context.EmulatorAuthorization warnAboutSecuredJwt
WARNING: expected an unsecured JWT, the emulator does not validate JWTs and IS NOT SECURE
Nov 06, 2025 11:18:26 AM io.gapi.emulators.netty.HttpVersionRoutingHandler channelRead
INFO: Detected non-HTTP/2 connection.
Nov 06, 2025 11:18:26 AM io.gapi.emulators.netty.HttpVersionRoutingHandler channelRead
INFO: Detected non-HTTP/2 connection.
Nov 06, 2025 11:18:26 AM io.gapi.emulators.netty.HttpVersionRoutingHandler channelRead
INFO: Detected non-HTTP/2 connection.
Nov 06, 2025 11:18:26 AM io.gapi.emulators.netty.HttpVersionRoutingHandler channelRead
INFO: Detected non-HTTP/2 connection.
Nov 06, 2025 11:18:26 AM com.google.cloud.datastore.emulator.impl.context.EmulatorAuthorization warnAboutSecuredJwt
WARNING: expected an unsecured JWT, the emulator does not validate JWTs and IS NOT SECURE
Nov 06, 2025 11:18:26 AM io.gapi.emulators.netty.HttpVersionRoutingHandler channelRead
INFO: Detected non-HTTP/2 connection.
Nov 06, 2025 11:18:26 AM io.gapi.emulators.netty.HttpVersionRoutingHandler channelRead
INFO: Detected non-HTTP/2 connection.
Nov 06, 2025 11:18:26 AM io.gapi.emulators.netty.HttpVersionRoutingHandler channelRead
INFO: Detected non-HTTP/2 connection.
Nov 06, 2025 11:18:27 AM io.gapi.emulators.netty.HttpVersionRoutingHandler channelRead
INFO: Detected non-HTTP/2 connection.
Nov 06, 2025 11:18:27 AM com.google.cloud.datastore.emulator.impl.context.EmulatorAuthorization warnAboutSecuredJwt
WARNING: expected an unsecured JWT, the emulator does not validate JWTs and IS NOT SECURE
Nov 06, 2025 11:18:27 AM io.gapi.emulators.netty.HttpVersionRoutingHandler channelRead
INFO: Detected non-HTTP/2 connection.
Nov 06, 2025 11:18:27 AM io.gapi.emulators.netty.HttpVersionRoutingHandler channelRead
INFO: Detected non-HTTP/2 connection.
Nov 06, 2025 11:18:27 AM io.gapi.emulators.netty.HttpVersionRoutingHandler channelRead
INFO: Detected non-HTTP/2 connection.
Nov 06, 2025 11:18:27 AM io.gapi.emulators.netty.HttpVersionRoutingHandler channelRead
INFO: Detected non-HTTP/2 connection.
Nov 06, 2025 11:18:27 AM com.google.cloud.datastore.emulator.impl.context.EmulatorAuthorization warnAboutSecuredJwt
WARNING: expected an unsecured JWT, the emulator does not validate JWTs and IS NOT SECURE
Nov 06, 2025 11:18:27 AM io.gapi.emulators.netty.HttpVersionRoutingHandler channelRead
INFO: Detected non-HTTP/2 connection.
Nov 06, 2025 11:18:27 AM io.gapi.emulators.netty.HttpVersionRoutingHandler channelRead
INFO: Detected non-HTTP/2 connection.
Nov 06, 2025 11:18:27 AM io.gapi.emulators.netty.HttpVersionRoutingHandler channelRead
INFO: Detected non-HTTP/2 connection.
Nov 06, 2025 11:18:28 AM io.gapi.emulators.netty.HttpVersionRoutingHandler channelRead
INFO: Detected non-HTTP/2 connection.
Nov 06, 2025 11:18:28 AM com.google.cloud.datastore.emulator.impl.context.EmulatorAuthorization warnAboutSecuredJwt
WARNING: expected an unsecured JWT, the emulator does not validate JWTs and IS NOT SECURE
Nov 06, 2025 11:18:28 AM io.gapi.emulators.netty.HttpVersionRoutingHandler channelRead
INFO: Detected non-HTTP/2 connection.
Nov 06, 2025 11:18:28 AM io.gapi.emulators.netty.HttpVersionRoutingHandler channelRead
INFO: Detected non-HTTP/2 connection.
Nov 06, 2025 11:18:28 AM io.gapi.emulators.netty.HttpVersionRoutingHandler channelRead
INFO: Detected non-HTTP/2 connection.
Nov 06, 2025 11:18:28 AM io.gapi.emulators.netty.HttpVersionRoutingHandler channelRead
INFO: Detected non-HTTP/2 connection.
Nov 06, 2025 11:18:28 AM com.google.cloud.datastore.emulator.impl.context.EmulatorAuthorization warnAboutSecuredJwt
WARNING: expected an unsecured JWT, the emulator does not validate JWTs and IS NOT SECURE
Nov 06, 2025 11:18:28 AM io.gapi.emulators.netty.HttpVersionRoutingHandler channelRead
INFO: Detected non-HTTP/2 connection.
Nov 06, 2025 11:18:28 AM io.gapi.emulators.netty.HttpVersionRoutingHandler channelRead
INFO: Detected non-HTTP/2 connection.
Nov 06, 2025 11:18:28 AM io.gapi.emulators.netty.HttpVersionRoutingHandler channelRead
INFO: Detected non-HTTP/2 connection.
Nov 06, 2025 11:18:29 AM io.gapi.emulators.netty.HttpVersionRoutingHandler channelRead
INFO: Detected non-HTTP/2 connection.
Nov 06, 2025 11:18:29 AM com.google.cloud.datastore.emulator.impl.context.EmulatorAuthorization warnAboutSecuredJwt
WARNING: expected an unsecured JWT, the emulator does not validate JWTs and IS NOT SECURE
Nov 06, 2025 11:18:29 AM io.gapi.emulators.netty.HttpVersionRoutingHandler channelRead
INFO: Detected non-HTTP/2 connection.
Nov 06, 2025 11:18:29 AM io.gapi.emulators.netty.HttpVersionRoutingHandler channelRead
INFO: Detected non-HTTP/2 connection.
Nov 06, 2025 11:18:29 AM io.gapi.emulators.netty.HttpVersionRoutingHandler channelRead
INFO: Detected non-HTTP/2 connection.
Nov 06, 2025 11:18:29 AM io.gapi.emulators.netty.HttpVersionRoutingHandler channelRead
INFO: Detected non-HTTP/2 connection.
Nov 06, 2025 11:18:29 AM com.google.cloud.datastore.emulator.impl.context.EmulatorAuthorization warnAboutSecuredJwt
WARNING: expected an unsecured JWT, the emulator does not validate JWTs and IS NOT SECURE
Nov 06, 2025 11:18:29 AM io.gapi.emulators.netty.HttpVersionRoutingHandler channelRead
INFO: Detected non-HTTP/2 connection.
Nov 06, 2025 11:18:29 AM io.gapi.emulators.netty.HttpVersionRoutingHandler channelRead
INFO: Detected non-HTTP/2 connection.
Nov 06, 2025 11:18:29 AM io.gapi.emulators.netty.HttpVersionRoutingHandler channelRead
INFO: Detected non-HTTP/2 connection.
Nov 06, 2025 11:18:29 AM io.gapi.emulators.netty.HttpVersionRoutingHandler channelRead
INFO: Detected non-HTTP/2 connection.
Nov 06, 2025 11:18:29 AM com.google.cloud.datastore.emulator.impl.context.EmulatorAuthorization warnAboutSecuredJwt
WARNING: expected an unsecured JWT, the emulator does not validate JWTs and IS NOT SECURE
Nov 06, 2025 11:18:29 AM io.gapi.emulators.netty.HttpVersionRoutingHandler channelRead
INFO: Detected non-HTTP/2 connection.
Nov 06, 2025 11:18:29 AM io.gapi.emulators.netty.HttpVersionRoutingHandler channelRead
INFO: Detected non-HTTP/2 connection.
Nov 06, 2025 11:18:30 AM io.gapi.emulators.netty.HttpVersionRoutingHandler channelRead
INFO: Detected non-HTTP/2 connection.
Nov 06, 2025 11:18:30 AM io.gapi.emulators.netty.HttpVersionRoutingHandler channelRead
INFO: Detected non-HTTP/2 connection.
Nov 06, 2025 11:18:30 AM com.google.cloud.datastore.emulator.impl.context.EmulatorAuthorization warnAboutSecuredJwt
WARNING: expected an unsecured JWT, the emulator does not validate JWTs and IS NOT SECURE
Nov 06, 2025 11:18:30 AM io.gapi.emulators.netty.HttpVersionRoutingHandler channelRead
INFO: Detected non-HTTP/2 connection.
Nov 06, 2025 11:18:30 AM io.gapi.emulators.netty.HttpVersionRoutingHandler channelRead
INFO: Detected non-HTTP/2 connection.
Nov 06, 2025 11:18:30 AM io.gapi.emulators.netty.HttpVersionRoutingHandler channelRead
INFO: Detected non-HTTP/2 connection.
Nov 06, 2025 11:18:30 AM io.gapi.emulators.netty.HttpVersionRoutingHandler channelRead
INFO: Detected non-HTTP/2 connection.
Nov 06, 2025 11:18:30 AM com.google.cloud.datastore.emulator.impl.context.EmulatorAuthorization warnAboutSecuredJwt
WARNING: expected an unsecured JWT, the emulator does not validate JWTs and IS NOT SECURE
Nov 06, 2025 11:18:30 AM io.gapi.emulators.netty.HttpVersionRoutingHandler channelRead
INFO: Detected non-HTTP/2 connection.
Nov 06, 2025 11:18:30 AM io.gapi.emulators.netty.HttpVersionRoutingHandler channelRead
INFO: Detected non-HTTP/2 connection.
Nov 06, 2025 11:18:30 AM io.gapi.emulators.netty.HttpVersionRoutingHandler channelRead
INFO: Detected non-HTTP/2 connection.
Nov 06, 2025 11:18:31 AM io.gapi.emulators.netty.HttpVersionRoutingHandler channelRead
INFO: Detected non-HTTP/2 connection.
Nov 06, 2025 11:18:31 AM com.google.cloud.datastore.emulator.impl.context.EmulatorAuthorization warnAboutSecuredJwt
WARNING: expected an unsecured JWT, the emulator does not validate JWTs and IS NOT SECURE
Nov 06, 2025 11:18:31 AM io.gapi.emulators.netty.HttpVersionRoutingHandler channelRead
INFO: Detected non-HTTP/2 connection.
Nov 06, 2025 11:18:31 AM io.gapi.emulators.netty.HttpVersionRoutingHandler channelRead
INFO: Detected non-HTTP/2 connection.
Nov 06, 2025 11:18:31 AM io.gapi.emulators.netty.HttpVersionRoutingHandler channelRead
INFO: Detected non-HTTP/2 connection.
Nov 06, 2025 11:18:31 AM io.gapi.emulators.netty.HttpVersionRoutingHandler channelRead
INFO: Detected non-HTTP/2 connection.
Nov 06, 2025 11:18:31 AM com.google.cloud.datastore.emulator.impl.context.EmulatorAuthorization warnAboutSecuredJwt
WARNING: expected an unsecured JWT, the emulator does not validate JWTs and IS NOT SECURE
Nov 06, 2025 11:18:31 AM io.gapi.emulators.netty.HttpVersionRoutingHandler channelRead
INFO: Detected non-HTTP/2 connection.
Nov 06, 2025 11:18:31 AM io.gapi.emulators.netty.HttpVersionRoutingHandler channelRead
INFO: Detected non-HTTP/2 connection.
Nov 06, 2025 11:18:31 AM io.gapi.emulators.netty.HttpVersionRoutingHandler channelRead
INFO: Detected non-HTTP/2 connection.
Nov 06, 2025 11:18:32 AM io.gapi.emulators.netty.HttpVersionRoutingHandler channelRead
INFO: Detected non-HTTP/2 connection.
Nov 06, 2025 11:18:32 AM com.google.cloud.datastore.emulator.impl.context.EmulatorAuthorization warnAboutSecuredJwt
WARNING: expected an unsecured JWT, the emulator does not validate JWTs and IS NOT SECURE
Nov 06, 2025 11:18:32 AM io.gapi.emulators.netty.HttpVersionRoutingHandler channelRead
INFO: Detected non-HTTP/2 connection.
Nov 06, 2025 11:18:32 AM io.gapi.emulators.netty.HttpVersionRoutingHandler channelRead
INFO: Detected non-HTTP/2 connection.
Nov 06, 2025 11:18:32 AM io.gapi.emulators.netty.HttpVersionRoutingHandler channelRead
INFO: Detected non-HTTP/2 connection.
Nov 06, 2025 11:18:32 AM io.gapi.emulators.netty.HttpVersionRoutingHandler channelRead
INFO: Detected non-HTTP/2 connection.
Nov 06, 2025 11:18:32 AM com.google.cloud.datastore.emulator.impl.context.EmulatorAuthorization warnAboutSecuredJwt
WARNING: expected an unsecured JWT, the emulator does not validate JWTs and IS NOT SECURE
Nov 06, 2025 11:18:32 AM io.gapi.emulators.netty.HttpVersionRoutingHandler channelRead
INFO: Detected non-HTTP/2 connection.
Nov 06, 2025 11:18:32 AM io.gapi.emulators.netty.HttpVersionRoutingHandler channelRead
INFO: Detected non-HTTP/2 connection.
Nov 06, 2025 11:18:32 AM io.gapi.emulators.netty.HttpVersionRoutingHandler channelRead
INFO: Detected non-HTTP/2 connection.
Nov 06, 2025 11:18:32 AM io.gapi.emulators.netty.HttpVersionRoutingHandler channelRead
INFO: Detected non-HTTP/2 connection.
Nov 06, 2025 11:18:32 AM com.google.cloud.datastore.emulator.impl.context.EmulatorAuthorization warnAboutSecuredJwt
WARNING: expected an unsecured JWT, the emulator does not validate JWTs and IS NOT SECURE
Nov 06, 2025 11:18:32 AM io.gapi.emulators.netty.HttpVersionRoutingHandler channelRead
INFO: Detected non-HTTP/2 connection.
Nov 06, 2025 11:18:32 AM io.gapi.emulators.netty.HttpVersionRoutingHandler channelRead
INFO: Detected non-HTTP/2 connection.
Nov 06, 2025 11:18:32 AM io.gapi.emulators.netty.HttpVersionRoutingHandler channelRead
INFO: Detected non-HTTP/2 connection.
Nov 06, 2025 11:18:33 AM io.gapi.emulators.netty.HttpVersionRoutingHandler channelRead
INFO: Detected non-HTTP/2 connection.
Nov 06, 2025 11:18:33 AM com.google.cloud.datastore.emulator.impl.context.EmulatorAuthorization warnAboutSecuredJwt
WARNING: expected an unsecured JWT, the emulator does not validate JWTs and IS NOT SECURE
Nov 06, 2025 11:18:33 AM io.gapi.emulators.netty.HttpVersionRoutingHandler channelRead
INFO: Detected non-HTTP/2 connection.
Nov 06, 2025 11:18:33 AM io.gapi.emulators.netty.HttpVersionRoutingHandler channelRead
INFO: Detected non-HTTP/2 connection.
Nov 06, 2025 11:18:33 AM io.gapi.emulators.netty.HttpVersionRoutingHandler channelRead
INFO: Detected non-HTTP/2 connection.
Nov 06, 2025 11:18:33 AM io.gapi.emulators.netty.HttpVersionRoutingHandler channelRead
INFO: Detected non-HTTP/2 connection.
Nov 06, 2025 11:18:33 AM com.google.cloud.datastore.emulator.impl.context.EmulatorAuthorization warnAboutSecuredJwt
WARNING: expected an unsecured JWT, the emulator does not validate JWTs and IS NOT SECURE
Nov 06, 2025 11:18:33 AM io.gapi.emulators.netty.HttpVersionRoutingHandler channelRead
INFO: Detected non-HTTP/2 connection.
Nov 06, 2025 11:18:33 AM io.gapi.emulators.netty.HttpVersionRoutingHandler channelRead
INFO: Detected non-HTTP/2 connection.
Nov 06, 2025 11:18:33 AM io.gapi.emulators.netty.HttpVersionRoutingHandler channelRead
INFO: Detected non-HTTP/2 connection.
Nov 06, 2025 11:18:34 AM io.gapi.emulators.netty.HttpVersionRoutingHandler channelRead
INFO: Detected non-HTTP/2 connection.
Nov 06, 2025 11:18:34 AM com.google.cloud.datastore.emulator.impl.context.EmulatorAuthorization warnAboutSecuredJwt
WARNING: expected an unsecured JWT, the emulator does not validate JWTs and IS NOT SECURE
Nov 06, 2025 11:18:34 AM io.gapi.emulators.netty.HttpVersionRoutingHandler channelRead
INFO: Detected non-HTTP/2 connection.
Nov 06, 2025 11:18:34 AM io.gapi.emulators.netty.HttpVersionRoutingHandler channelRead
INFO: Detected non-HTTP/2 connection.
Nov 06, 2025 11:18:34 AM io.gapi.emulators.netty.HttpVersionRoutingHandler channelRead
INFO: Detected non-HTTP/2 connection.
Nov 06, 2025 11:18:34 AM io.gapi.emulators.netty.HttpVersionRoutingHandler channelRead
INFO: Detected non-HTTP/2 connection.
Nov 06, 2025 11:18:34 AM com.google.cloud.datastore.emulator.impl.context.EmulatorAuthorization warnAboutSecuredJwt
WARNING: expected an unsecured JWT, the emulator does not validate JWTs and IS NOT SECURE
Nov 06, 2025 11:18:34 AM io.gapi.emulators.netty.HttpVersionRoutingHandler channelRead
INFO: Detected non-HTTP/2 connection.
Nov 06, 2025 11:18:34 AM io.gapi.emulators.netty.HttpVersionRoutingHandler channelRead
INFO: Detected non-HTTP/2 connection.
Nov 06, 2025 11:18:34 AM io.gapi.emulators.netty.HttpVersionRoutingHandler channelRead
INFO: Detected non-HTTP/2 connection.
Nov 06, 2025 11:18:35 AM io.gapi.emulators.netty.HttpVersionRoutingHandler channelRead
INFO: Detected non-HTTP/2 connection.
Nov 06, 2025 11:18:35 AM com.google.cloud.datastore.emulator.impl.context.EmulatorAuthorization warnAboutSecuredJwt
WARNING: expected an unsecured JWT, the emulator does not validate JWTs and IS NOT SECURE
Nov 06, 2025 11:18:35 AM io.gapi.emulators.netty.HttpVersionRoutingHandler channelRead
INFO: Detected non-HTTP/2 connection.
Nov 06, 2025 11:18:35 AM io.gapi.emulators.netty.HttpVersionRoutingHandler channelRead
INFO: Detected non-HTTP/2 connection.
Nov 06, 2025 11:18:35 AM io.gapi.emulators.netty.HttpVersionRoutingHandler channelRead
INFO: Detected non-HTTP/2 connection.
Nov 06, 2025 11:18:35 AM io.gapi.emulators.netty.HttpVersionRoutingHandler channelRead
INFO: Detected non-HTTP/2 connection.
Nov 06, 2025 11:18:35 AM com.google.cloud.datastore.emulator.impl.context.EmulatorAuthorization warnAboutSecuredJwt
WARNING: expected an unsecured JWT, the emulator does not validate JWTs and IS NOT SECURE
Nov 06, 2025 11:18:35 AM io.gapi.emulators.netty.HttpVersionRoutingHandler channelRead
INFO: Detected non-HTTP/2 connection.
Nov 06, 2025 11:18:35 AM io.gapi.emulators.netty.HttpVersionRoutingHandler channelRead
INFO: Detected non-HTTP/2 connection.
Nov 06, 2025 11:18:35 AM io.gapi.emulators.netty.HttpVersionRoutingHandler channelRead
INFO: Detected non-HTTP/2 connection.
Nov 06, 2025 11:18:36 AM io.gapi.emulators.netty.HttpVersionRoutingHandler channelRead
INFO: Detected non-HTTP/2 connection.
Nov 06, 2025 11:18:36 AM com.google.cloud.datastore.emulator.impl.context.EmulatorAuthorization warnAboutSecuredJwt
WARNING: expected an unsecured JWT, the emulator does not validate JWTs and IS NOT SECURE
Nov 06, 2025 11:18:36 AM io.gapi.emulators.netty.HttpVersionRoutingHandler channelRead
INFO: Detected non-HTTP/2 connection.
Nov 06, 2025 11:18:36 AM io.gapi.emulators.netty.HttpVersionRoutingHandler channelRead
INFO: Detected non-HTTP/2 connection.
Nov 06, 2025 11:18:36 AM io.gapi.emulators.netty.HttpVersionRoutingHandler channelRead
INFO: Detected non-HTTP/2 connection.
Nov 06, 2025 11:18:36 AM io.gapi.emulators.netty.HttpVersionRoutingHandler channelRead
INFO: Detected non-HTTP/2 connection.
Nov 06, 2025 11:18:36 AM com.google.cloud.datastore.emulator.impl.context.EmulatorAuthorization warnAboutSecuredJwt
WARNING: expected an unsecured JWT, the emulator does not validate JWTs and IS NOT SECURE
Nov 06, 2025 11:18:36 AM io.gapi.emulators.netty.HttpVersionRoutingHandler channelRead
INFO: Detected non-HTTP/2 connection.
Nov 06, 2025 11:18:36 AM io.gapi.emulators.netty.HttpVersionRoutingHandler channelRead
INFO: Detected non-HTTP/2 connection.
Nov 06, 2025 11:18:36 AM io.gapi.emulators.netty.HttpVersionRoutingHandler channelRead
INFO: Detected non-HTTP/2 connection.
Nov 06, 2025 11:18:37 AM io.gapi.emulators.netty.HttpVersionRoutingHandler channelRead
INFO: Detected non-HTTP/2 connection.
Nov 06, 2025 11:18:37 AM com.google.cloud.datastore.emulator.impl.context.EmulatorAuthorization warnAboutSecuredJwt
WARNING: expected an unsecured JWT, the emulator does not validate JWTs and IS NOT SECURE
Nov 06, 2025 11:18:37 AM io.gapi.emulators.netty.HttpVersionRoutingHandler channelRead
INFO: Detected non-HTTP/2 connection.
Nov 06, 2025 11:18:37 AM io.gapi.emulators.netty.HttpVersionRoutingHandler channelRead
INFO: Detected non-HTTP/2 connection.
Nov 06, 2025 11:18:37 AM io.gapi.emulators.netty.HttpVersionRoutingHandler channelRead
INFO: Detected non-HTTP/2 connection.
Nov 06, 2025 11:18:37 AM io.gapi.emulators.netty.HttpVersionRoutingHandler channelRead
INFO: Detected non-HTTP/2 connection.
Nov 06, 2025 11:18:37 AM com.google.cloud.datastore.emulator.impl.context.EmulatorAuthorization warnAboutSecuredJwt
WARNING: expected an unsecured JWT, the emulator does not validate JWTs and IS NOT SECURE
Nov 06, 2025 11:18:37 AM io.gapi.emulators.netty.HttpVersionRoutingHandler channelRead
INFO: Detected non-HTTP/2 connection.
Nov 06, 2025 11:18:37 AM io.gapi.emulators.netty.HttpVersionRoutingHandler channelRead
INFO: Detected non-HTTP/2 connection.
Nov 06, 2025 11:18:37 AM io.gapi.emulators.netty.HttpVersionRoutingHandler channelRead
INFO: Detected non-HTTP/2 connection.
Nov 06, 2025 11:18:38 AM io.gapi.emulators.netty.HttpVersionRoutingHandler channelRead
INFO: Detected non-HTTP/2 connection.
Nov 06, 2025 11:18:38 AM com.google.cloud.datastore.emulator.impl.context.EmulatorAuthorization warnAboutSecuredJwt
WARNING: expected an unsecured JWT, the emulator does not validate JWTs and IS NOT SECURE
Nov 06, 2025 11:18:38 AM io.gapi.emulators.netty.HttpVersionRoutingHandler channelRead
INFO: Detected non-HTTP/2 connection.
Nov 06, 2025 11:18:38 AM io.gapi.emulators.netty.HttpVersionRoutingHandler channelRead
INFO: Detected non-HTTP/2 connection.
Nov 06, 2025 11:18:38 AM io.gapi.emulators.netty.HttpVersionRoutingHandler channelRead
INFO: Detected non-HTTP/2 connection.
Nov 06, 2025 11:18:38 AM io.gapi.emulators.netty.HttpVersionRoutingHandler channelRead
INFO: Detected non-HTTP/2 connection.
Nov 06, 2025 11:18:38 AM com.google.cloud.datastore.emulator.impl.context.EmulatorAuthorization warnAboutSecuredJwt
WARNING: expected an unsecured JWT, the emulator does not validate JWTs and IS NOT SECURE
Nov 06, 2025 11:18:38 AM io.gapi.emulators.netty.HttpVersionRoutingHandler channelRead
INFO: Detected non-HTTP/2 connection.
Nov 06, 2025 11:18:38 AM io.gapi.emulators.netty.HttpVersionRoutingHandler channelRead
INFO: Detected non-HTTP/2 connection.
Nov 06, 2025 11:18:38 AM io.gapi.emulators.netty.HttpVersionRoutingHandler channelRead
INFO: Detected non-HTTP/2 connection.
Nov 06, 2025 11:18:39 AM io.gapi.emulators.netty.HttpVersionRoutingHandler channelRead
INFO: Detected non-HTTP/2 connection.
Nov 06, 2025 11:18:39 AM com.google.cloud.datastore.emulator.impl.context.EmulatorAuthorization warnAboutSecuredJwt
WARNING: expected an unsecured JWT, the emulator does not validate JWTs and IS NOT SECURE
Nov 06, 2025 11:18:39 AM io.gapi.emulators.netty.HttpVersionRoutingHandler channelRead
INFO: Detected non-HTTP/2 connection.
Nov 06, 2025 11:18:39 AM io.gapi.emulators.netty.HttpVersionRoutingHandler channelRead
INFO: Detected non-HTTP/2 connection.
Nov 06, 2025 11:18:39 AM io.gapi.emulators.netty.HttpVersionRoutingHandler channelRead
INFO: Detected non-HTTP/2 connection.
Nov 06, 2025 11:18:39 AM io.gapi.emulators.netty.HttpVersionRoutingHandler channelRead
INFO: Detected non-HTTP/2 connection.
Nov 06, 2025 11:18:39 AM com.google.cloud.datastore.emulator.impl.context.EmulatorAuthorization warnAboutSecuredJwt
WARNING: expected an unsecured JWT, the emulator does not validate JWTs and IS NOT SECURE
Nov 06, 2025 11:18:39 AM io.gapi.emulators.netty.HttpVersionRoutingHandler channelRead
INFO: Detected non-HTTP/2 connection.
Nov 06, 2025 11:18:39 AM io.gapi.emulators.netty.HttpVersionRoutingHandler channelRead
INFO: Detected non-HTTP/2 connection.
Nov 06, 2025 11:18:39 AM io.gapi.emulators.netty.HttpVersionRoutingHandler channelRead
INFO: Detected non-HTTP/2 connection.
Nov 06, 2025 11:18:40 AM io.gapi.emulators.netty.HttpVersionRoutingHandler channelRead
INFO: Detected non-HTTP/2 connection.
Nov 06, 2025 11:18:40 AM com.google.cloud.datastore.emulator.impl.context.EmulatorAuthorization warnAboutSecuredJwt
WARNING: expected an unsecured JWT, the emulator does not validate JWTs and IS NOT SECURE
Nov 06, 2025 11:18:40 AM io.gapi.emulators.netty.HttpVersionRoutingHandler channelRead
INFO: Detected non-HTTP/2 connection.
Nov 06, 2025 11:18:40 AM io.gapi.emulators.netty.HttpVersionRoutingHandler channelRead
INFO: Detected non-HTTP/2 connection.
Nov 06, 2025 11:18:40 AM io.gapi.emulators.netty.HttpVersionRoutingHandler channelRead
INFO: Detected non-HTTP/2 connection.
Nov 06, 2025 11:18:40 AM io.gapi.emulators.netty.HttpVersionRoutingHandler channelRead
INFO: Detected non-HTTP/2 connection.
Nov 06, 2025 11:18:40 AM com.google.cloud.datastore.emulator.impl.context.EmulatorAuthorization warnAboutSecuredJwt
WARNING: expected an unsecured JWT, the emulator does not validate JWTs and IS NOT SECURE
Nov 06, 2025 11:18:40 AM io.gapi.emulators.netty.HttpVersionRoutingHandler channelRead
INFO: Detected non-HTTP/2 connection.
Nov 06, 2025 11:18:40 AM io.gapi.emulators.netty.HttpVersionRoutingHandler channelRead
INFO: Detected non-HTTP/2 connection.
Nov 06, 2025 11:18:40 AM io.gapi.emulators.netty.HttpVersionRoutingHandler channelRead
INFO: Detected non-HTTP/2 connection.
Nov 06, 2025 11:18:40 AM io.gapi.emulators.netty.HttpVersionRoutingHandler channelRead
INFO: Detected non-HTTP/2 connection.
Nov 06, 2025 11:18:40 AM com.google.cloud.datastore.emulator.impl.context.EmulatorAuthorization warnAboutSecuredJwt
WARNING: expected an unsecured JWT, the emulator does not validate JWTs and IS NOT SECURE
Nov 06, 2025 11:18:40 AM io.gapi.emulators.netty.HttpVersionRoutingHandler channelRead
INFO: Detected non-HTTP/2 connection.
Nov 06, 2025 11:18:40 AM io.gapi.emulators.netty.HttpVersionRoutingHandler channelRead
INFO: Detected non-HTTP/2 connection.
Nov 06, 2025 11:18:40 AM io.gapi.emulators.netty.HttpVersionRoutingHandler channelRead
INFO: Detected non-HTTP/2 connection.
Nov 06, 2025 11:18:41 AM io.gapi.emulators.netty.HttpVersionRoutingHandler channelRead
INFO: Detected non-HTTP/2 connection.
Nov 06, 2025 11:18:41 AM com.google.cloud.datastore.emulator.impl.context.EmulatorAuthorization warnAboutSecuredJwt
WARNING: expected an unsecured JWT, the emulator does not validate JWTs and IS NOT SECURE
Nov 06, 2025 11:18:41 AM io.gapi.emulators.netty.HttpVersionRoutingHandler channelRead
INFO: Detected non-HTTP/2 connection.
Nov 06, 2025 11:18:41 AM io.gapi.emulators.netty.HttpVersionRoutingHandler channelRead
INFO: Detected non-HTTP/2 connection.
Nov 06, 2025 11:18:41 AM io.gapi.emulators.netty.HttpVersionRoutingHandler channelRead
INFO: Detected non-HTTP/2 connection.
Nov 06, 2025 11:18:41 AM io.gapi.emulators.netty.HttpVersionRoutingHandler channelRead
INFO: Detected non-HTTP/2 connection.
Nov 06, 2025 11:18:41 AM com.google.cloud.datastore.emulator.impl.context.EmulatorAuthorization warnAboutSecuredJwt
WARNING: expected an unsecured JWT, the emulator does not validate JWTs and IS NOT SECURE
Nov 06, 2025 11:18:41 AM io.gapi.emulators.netty.HttpVersionRoutingHandler channelRead
INFO: Detected non-HTTP/2 connection.
Nov 06, 2025 11:18:41 AM io.gapi.emulators.netty.HttpVersionRoutingHandler channelRead
INFO: Detected non-HTTP/2 connection.
Nov 06, 2025 11:18:41 AM io.gapi.emulators.netty.HttpVersionRoutingHandler channelRead
INFO: Detected non-HTTP/2 connection.
Nov 06, 2025 11:18:42 AM io.gapi.emulators.netty.HttpVersionRoutingHandler channelRead
INFO: Detected non-HTTP/2 connection.
Nov 06, 2025 11:18:42 AM com.google.cloud.datastore.emulator.impl.context.EmulatorAuthorization warnAboutSecuredJwt
WARNING: expected an unsecured JWT, the emulator does not validate JWTs and IS NOT SECURE
Nov 06, 2025 11:18:42 AM io.gapi.emulators.netty.HttpVersionRoutingHandler channelRead
INFO: Detected non-HTTP/2 connection.
Nov 06, 2025 11:18:42 AM io.gapi.emulators.netty.HttpVersionRoutingHandler channelRead
INFO: Detected non-HTTP/2 connection.
Nov 06, 2025 11:18:42 AM io.gapi.emulators.netty.HttpVersionRoutingHandler channelRead
INFO: Detected non-HTTP/2 connection.
Nov 06, 2025 11:18:42 AM io.gapi.emulators.netty.HttpVersionRoutingHandler channelRead
INFO: Detected non-HTTP/2 connection.
Nov 06, 2025 11:18:42 AM com.google.cloud.datastore.emulator.impl.context.EmulatorAuthorization warnAboutSecuredJwt
WARNING: expected an unsecured JWT, the emulator does not validate JWTs and IS NOT SECURE
Nov 06, 2025 11:18:42 AM io.gapi.emulators.netty.HttpVersionRoutingHandler channelRead
INFO: Detected non-HTTP/2 connection.
Nov 06, 2025 11:18:42 AM io.gapi.emulators.netty.HttpVersionRoutingHandler channelRead
INFO: Detected non-HTTP/2 connection.
Nov 06, 2025 11:18:42 AM io.gapi.emulators.netty.HttpVersionRoutingHandler channelRead
INFO: Detected non-HTTP/2 connection.
Nov 06, 2025 11:18:43 AM io.gapi.emulators.netty.HttpVersionRoutingHandler channelRead
INFO: Detected non-HTTP/2 connection.
Nov 06, 2025 11:18:43 AM com.google.cloud.datastore.emulator.impl.context.EmulatorAuthorization warnAboutSecuredJwt
WARNING: expected an unsecured JWT, the emulator does not validate JWTs and IS NOT SECURE
Nov 06, 2025 11:18:43 AM io.gapi.emulators.netty.HttpVersionRoutingHandler channelRead
INFO: Detected non-HTTP/2 connection.
Nov 06, 2025 11:18:43 AM io.gapi.emulators.netty.HttpVersionRoutingHandler channelRead
INFO: Detected non-HTTP/2 connection.
Nov 06, 2025 11:18:43 AM io.gapi.emulators.netty.HttpVersionRoutingHandler channelRead
INFO: Detected non-HTTP/2 connection.
Nov 06, 2025 11:18:43 AM io.gapi.emulators.netty.HttpVersionRoutingHandler channelRead
INFO: Detected non-HTTP/2 connection.
Nov 06, 2025 11:18:43 AM com.google.cloud.datastore.emulator.impl.context.EmulatorAuthorization warnAboutSecuredJwt
WARNING: expected an unsecured JWT, the emulator does not validate JWTs and IS NOT SECURE
Nov 06, 2025 11:18:43 AM io.gapi.emulators.netty.HttpVersionRoutingHandler channelRead
INFO: Detected non-HTTP/2 connection.
Nov 06, 2025 11:18:43 AM io.gapi.emulators.netty.HttpVersionRoutingHandler channelRead
INFO: Detected non-HTTP/2 connection.
Nov 06, 2025 11:18:43 AM io.gapi.emulators.netty.HttpVersionRoutingHandler channelRead
INFO: Detected non-HTTP/2 connection.
Nov 06, 2025 11:18:44 AM io.gapi.emulators.netty.HttpVersionRoutingHandler channelRead
INFO: Detected non-HTTP/2 connection.
Nov 06, 2025 11:18:44 AM com.google.cloud.datastore.emulator.impl.context.EmulatorAuthorization warnAboutSecuredJwt
WARNING: expected an unsecured JWT, the emulator does not validate JWTs and IS NOT SECURE
Nov 06, 2025 11:18:44 AM io.gapi.emulators.netty.HttpVersionRoutingHandler channelRead
INFO: Detected non-HTTP/2 connection.
Nov 06, 2025 11:18:44 AM io.gapi.emulators.netty.HttpVersionRoutingHandler channelRead
INFO: Detected non-HTTP/2 connection.
Nov 06, 2025 11:18:44 AM io.gapi.emulators.netty.HttpVersionRoutingHandler channelRead
INFO: Detected non-HTTP/2 connection.
Nov 06, 2025 11:18:44 AM io.gapi.emulators.netty.HttpVersionRoutingHandler channelRead
INFO: Detected non-HTTP/2 connection.
Nov 06, 2025 11:18:44 AM com.google.cloud.datastore.emulator.impl.context.EmulatorAuthorization warnAboutSecuredJwt
WARNING: expected an unsecured JWT, the emulator does not validate JWTs and IS NOT SECURE
Nov 06, 2025 11:18:44 AM io.gapi.emulators.netty.HttpVersionRoutingHandler channelRead
INFO: Detected non-HTTP/2 connection.
Nov 06, 2025 11:18:44 AM io.gapi.emulators.netty.HttpVersionRoutingHandler channelRead
INFO: Detected non-HTTP/2 connection.
Nov 06, 2025 11:18:44 AM io.gapi.emulators.netty.HttpVersionRoutingHandler channelRead
INFO: Detected non-HTTP/2 connection.
Nov 06, 2025 11:18:44 AM io.gapi.emulators.netty.HttpVersionRoutingHandler channelRead
INFO: Detected non-HTTP/2 connection.
Nov 06, 2025 11:18:44 AM com.google.cloud.datastore.emulator.impl.context.EmulatorAuthorization warnAboutSecuredJwt
WARNING: expected an unsecured JWT, the emulator does not validate JWTs and IS NOT SECURE
Nov 06, 2025 11:18:45 AM io.gapi.emulators.netty.HttpVersionRoutingHandler channelRead
INFO: Detected non-HTTP/2 connection.
Nov 06, 2025 11:18:45 AM io.gapi.emulators.netty.HttpVersionRoutingHandler channelRead
INFO: Detected non-HTTP/2 connection.
Nov 06, 2025 11:18:45 AM io.gapi.emulators.netty.HttpVersionRoutingHandler channelRead
INFO: Detected non-HTTP/2 connection.
Nov 06, 2025 11:18:45 AM io.gapi.emulators.netty.HttpVersionRoutingHandler channelRead
INFO: Detected non-HTTP/2 connection.
Nov 06, 2025 11:18:45 AM com.google.cloud.datastore.emulator.impl.context.EmulatorAuthorization warnAboutSecuredJwt
WARNING: expected an unsecured JWT, the emulator does not validate JWTs and IS NOT SECURE
Nov 06, 2025 11:18:45 AM io.gapi.emulators.netty.HttpVersionRoutingHandler channelRead
INFO: Detected non-HTTP/2 connection.
Nov 06, 2025 11:18:45 AM io.gapi.emulators.netty.HttpVersionRoutingHandler channelRead
INFO: Detected non-HTTP/2 connection.
Nov 06, 2025 11:18:45 AM io.gapi.emulators.netty.HttpVersionRoutingHandler channelRead
INFO: Detected non-HTTP/2 connection.
Nov 06, 2025 11:18:45 AM io.gapi.emulators.netty.HttpVersionRoutingHandler channelRead
INFO: Detected non-HTTP/2 connection.
Nov 06, 2025 11:18:45 AM com.google.cloud.datastore.emulator.impl.context.EmulatorAuthorization warnAboutSecuredJwt
WARNING: expected an unsecured JWT, the emulator does not validate JWTs and IS NOT SECURE
Nov 06, 2025 11:18:45 AM io.gapi.emulators.netty.HttpVersionRoutingHandler channelRead
INFO: Detected non-HTTP/2 connection.
Nov 06, 2025 11:18:45 AM io.gapi.emulators.netty.HttpVersionRoutingHandler channelRead
INFO: Detected non-HTTP/2 connection.
Nov 06, 2025 11:18:45 AM io.gapi.emulators.netty.HttpVersionRoutingHandler channelRead
INFO: Detected non-HTTP/2 connection.
Nov 06, 2025 11:18:46 AM io.gapi.emulators.netty.HttpVersionRoutingHandler channelRead
INFO: Detected non-HTTP/2 connection.
Nov 06, 2025 11:18:46 AM com.google.cloud.datastore.emulator.impl.context.EmulatorAuthorization warnAboutSecuredJwt
WARNING: expected an unsecured JWT, the emulator does not validate JWTs and IS NOT SECURE
Nov 06, 2025 11:18:46 AM io.gapi.emulators.netty.HttpVersionRoutingHandler channelRead
INFO: Detected non-HTTP/2 connection.
Nov 06, 2025 11:18:46 AM io.gapi.emulators.netty.HttpVersionRoutingHandler channelRead
INFO: Detected non-HTTP/2 connection.
Nov 06, 2025 11:18:46 AM io.gapi.emulators.netty.HttpVersionRoutingHandler channelRead
INFO: Detected non-HTTP/2 connection.
Nov 06, 2025 11:18:46 AM io.gapi.emulators.netty.HttpVersionRoutingHandler channelRead
INFO: Detected non-HTTP/2 connection.
Nov 06, 2025 11:18:46 AM com.google.cloud.datastore.emulator.impl.context.EmulatorAuthorization warnAboutSecuredJwt
WARNING: expected an unsecured JWT, the emulator does not validate JWTs and IS NOT SECURE
Nov 06, 2025 11:18:46 AM io.gapi.emulators.netty.HttpVersionRoutingHandler channelRead
INFO: Detected non-HTTP/2 connection.
Nov 06, 2025 11:18:46 AM io.gapi.emulators.netty.HttpVersionRoutingHandler channelRead
INFO: Detected non-HTTP/2 connection.
Nov 06, 2025 11:18:46 AM io.gapi.emulators.netty.HttpVersionRoutingHandler channelRead
INFO: Detected non-HTTP/2 connection.
Nov 06, 2025 11:18:47 AM io.gapi.emulators.netty.HttpVersionRoutingHandler channelRead
INFO: Detected non-HTTP/2 connection.
Nov 06, 2025 11:18:47 AM com.google.cloud.datastore.emulator.impl.context.EmulatorAuthorization warnAboutSecuredJwt
WARNING: expected an unsecured JWT, the emulator does not validate JWTs and IS NOT SECURE
Nov 06, 2025 11:18:47 AM io.gapi.emulators.netty.HttpVersionRoutingHandler channelRead
INFO: Detected non-HTTP/2 connection.
Nov 06, 2025 11:18:47 AM io.gapi.emulators.netty.HttpVersionRoutingHandler channelRead
INFO: Detected non-HTTP/2 connection.
Nov 06, 2025 11:18:47 AM io.gapi.emulators.netty.HttpVersionRoutingHandler channelRead
INFO: Detected non-HTTP/2 connection.
Nov 06, 2025 11:18:47 AM io.gapi.emulators.netty.HttpVersionRoutingHandler channelRead
INFO: Detected non-HTTP/2 connection.
Nov 06, 2025 11:18:47 AM com.google.cloud.datastore.emulator.impl.context.EmulatorAuthorization warnAboutSecuredJwt
WARNING: expected an unsecured JWT, the emulator does not validate JWTs and IS NOT SECURE
Nov 06, 2025 11:18:47 AM io.gapi.emulators.netty.HttpVersionRoutingHandler channelRead
INFO: Detected non-HTTP/2 connection.
Nov 06, 2025 11:18:47 AM io.gapi.emulators.netty.HttpVersionRoutingHandler channelRead
INFO: Detected non-HTTP/2 connection.
Nov 06, 2025 11:18:47 AM io.gapi.emulators.netty.HttpVersionRoutingHandler channelRead
INFO: Detected non-HTTP/2 connection.
Nov 06, 2025 11:18:47 AM io.gapi.emulators.netty.HttpVersionRoutingHandler channelRead
INFO: Detected non-HTTP/2 connection.
Nov 06, 2025 11:18:47 AM com.google.cloud.datastore.emulator.impl.context.EmulatorAuthorization warnAboutSecuredJwt
WARNING: expected an unsecured JWT, the emulator does not validate JWTs and IS NOT SECURE
Nov 06, 2025 11:18:47 AM io.gapi.emulators.netty.HttpVersionRoutingHandler channelRead
INFO: Detected non-HTTP/2 connection.
Nov 06, 2025 11:18:47 AM io.gapi.emulators.netty.HttpVersionRoutingHandler channelRead
INFO: Detected non-HTTP/2 connection.
Nov 06, 2025 11:18:47 AM io.gapi.emulators.netty.HttpVersionRoutingHandler channelRead
INFO: Detected non-HTTP/2 connection.
Nov 06, 2025 11:18:48 AM io.gapi.emulators.netty.HttpVersionRoutingHandler channelRead
INFO: Detected non-HTTP/2 connection.
Nov 06, 2025 11:18:48 AM com.google.cloud.datastore.emulator.impl.context.EmulatorAuthorization warnAboutSecuredJwt
WARNING: expected an unsecured JWT, the emulator does not validate JWTs and IS NOT SECURE
Nov 06, 2025 11:18:48 AM io.gapi.emulators.netty.HttpVersionRoutingHandler channelRead
INFO: Detected non-HTTP/2 connection.
Nov 06, 2025 11:18:48 AM io.gapi.emulators.netty.HttpVersionRoutingHandler channelRead
INFO: Detected non-HTTP/2 connection.
Nov 06, 2025 11:18:48 AM io.gapi.emulators.netty.HttpVersionRoutingHandler channelRead
INFO: Detected non-HTTP/2 connection.
Nov 06, 2025 11:18:48 AM io.gapi.emulators.netty.HttpVersionRoutingHandler channelRead
INFO: Detected non-HTTP/2 connection.
Nov 06, 2025 11:18:48 AM com.google.cloud.datastore.emulator.impl.context.EmulatorAuthorization warnAboutSecuredJwt
WARNING: expected an unsecured JWT, the emulator does not validate JWTs and IS NOT SECURE
Nov 06, 2025 11:18:48 AM io.gapi.emulators.netty.HttpVersionRoutingHandler channelRead
INFO: Detected non-HTTP/2 connection.
Nov 06, 2025 11:18:48 AM io.gapi.emulators.netty.HttpVersionRoutingHandler channelRead
INFO: Detected non-HTTP/2 connection.
Nov 06, 2025 11:18:48 AM io.gapi.emulators.netty.HttpVersionRoutingHandler channelRead
INFO: Detected non-HTTP/2 connection.
Nov 06, 2025 11:18:49 AM io.gapi.emulators.netty.HttpVersionRoutingHandler channelRead
INFO: Detected non-HTTP/2 connection.
Nov 06, 2025 11:18:49 AM com.google.cloud.datastore.emulator.impl.context.EmulatorAuthorization warnAboutSecuredJwt
WARNING: expected an unsecured JWT, the emulator does not validate JWTs and IS NOT SECURE
Nov 06, 2025 11:18:49 AM io.gapi.emulators.netty.HttpVersionRoutingHandler channelRead
INFO: Detected non-HTTP/2 connection.
Nov 06, 2025 11:18:49 AM io.gapi.emulators.netty.HttpVersionRoutingHandler channelRead
INFO: Detected non-HTTP/2 connection.
Nov 06, 2025 11:18:49 AM io.gapi.emulators.netty.HttpVersionRoutingHandler channelRead
INFO: Detected non-HTTP/2 connection.
Nov 06, 2025 11:18:49 AM io.gapi.emulators.netty.HttpVersionRoutingHandler channelRead
INFO: Detected non-HTTP/2 connection.
Nov 06, 2025 11:18:49 AM com.google.cloud.datastore.emulator.impl.context.EmulatorAuthorization warnAboutSecuredJwt
WARNING: expected an unsecured JWT, the emulator does not validate JWTs and IS NOT SECURE
Nov 06, 2025 11:18:49 AM io.gapi.emulators.netty.HttpVersionRoutingHandler channelRead
INFO: Detected non-HTTP/2 connection.
Nov 06, 2025 11:18:49 AM io.gapi.emulators.netty.HttpVersionRoutingHandler channelRead
INFO: Detected non-HTTP/2 connection.
Nov 06, 2025 11:18:49 AM io.gapi.emulators.netty.HttpVersionRoutingHandler channelRead
INFO: Detected non-HTTP/2 connection.
Nov 06, 2025 11:18:50 AM io.gapi.emulators.netty.HttpVersionRoutingHandler channelRead
INFO: Detected non-HTTP/2 connection.
Nov 06, 2025 11:18:50 AM com.google.cloud.datastore.emulator.impl.context.EmulatorAuthorization warnAboutSecuredJwt
WARNING: expected an unsecured JWT, the emulator does not validate JWTs and IS NOT SECURE
Nov 06, 2025 11:18:50 AM io.gapi.emulators.netty.HttpVersionRoutingHandler channelRead
INFO: Detected non-HTTP/2 connection.
Nov 06, 2025 11:18:50 AM io.gapi.emulators.netty.HttpVersionRoutingHandler channelRead
INFO: Detected non-HTTP/2 connection.
Nov 06, 2025 11:18:50 AM io.gapi.emulators.netty.HttpVersionRoutingHandler channelRead
INFO: Detected non-HTTP/2 connection.
Nov 06, 2025 11:18:50 AM io.gapi.emulators.netty.HttpVersionRoutingHandler channelRead
INFO: Detected non-HTTP/2 connection.
Nov 06, 2025 11:18:50 AM com.google.cloud.datastore.emulator.impl.context.EmulatorAuthorization warnAboutSecuredJwt
WARNING: expected an unsecured JWT, the emulator does not validate JWTs and IS NOT SECURE
Nov 06, 2025 11:18:50 AM io.gapi.emulators.netty.HttpVersionRoutingHandler channelRead
INFO: Detected non-HTTP/2 connection.
Nov 06, 2025 11:18:50 AM io.gapi.emulators.netty.HttpVersionRoutingHandler channelRead
INFO: Detected non-HTTP/2 connection.
Nov 06, 2025 11:18:50 AM io.gapi.emulators.netty.HttpVersionRoutingHandler channelRead
INFO: Detected non-HTTP/2 connection.
Nov 06, 2025 11:18:50 AM io.gapi.emulators.netty.HttpVersionRoutingHandler channelRead
INFO: Detected non-HTTP/2 connection.
Nov 06, 2025 11:18:50 AM com.google.cloud.datastore.emulator.impl.context.EmulatorAuthorization warnAboutSecuredJwt
WARNING: expected an unsecured JWT, the emulator does not validate JWTs and IS NOT SECURE
Nov 06, 2025 11:18:50 AM io.gapi.emulators.netty.HttpVersionRoutingHandler channelRead
INFO: Detected non-HTTP/2 connection.
Nov 06, 2025 11:18:50 AM io.gapi.emulators.netty.HttpVersionRoutingHandler channelRead
INFO: Detected non-HTTP/2 connection.
Nov 06, 2025 11:18:51 AM io.gapi.emulators.netty.HttpVersionRoutingHandler channelRead
INFO: Detected non-HTTP/2 connection.
Nov 06, 2025 11:18:51 AM io.gapi.emulators.netty.HttpVersionRoutingHandler channelRead
INFO: Detected non-HTTP/2 connection.
Nov 06, 2025 11:18:51 AM com.google.cloud.datastore.emulator.impl.context.EmulatorAuthorization warnAboutSecuredJwt
WARNING: expected an unsecured JWT, the emulator does not validate JWTs and IS NOT SECURE
Nov 06, 2025 11:18:51 AM io.gapi.emulators.netty.HttpVersionRoutingHandler channelRead
INFO: Detected non-HTTP/2 connection.
Nov 06, 2025 11:18:51 AM io.gapi.emulators.netty.HttpVersionRoutingHandler channelRead
INFO: Detected non-HTTP/2 connection.
Nov 06, 2025 11:18:51 AM io.gapi.emulators.netty.HttpVersionRoutingHandler channelRead
INFO: Detected non-HTTP/2 connection.
Nov 06, 2025 11:18:51 AM io.gapi.emulators.netty.HttpVersionRoutingHandler channelRead
INFO: Detected non-HTTP/2 connection.
Nov 06, 2025 11:18:51 AM com.google.cloud.datastore.emulator.impl.context.EmulatorAuthorization warnAboutSecuredJwt
WARNING: expected an unsecured JWT, the emulator does not validate JWTs and IS NOT SECURE
Nov 06, 2025 11:18:51 AM io.gapi.emulators.netty.HttpVersionRoutingHandler channelRead
INFO: Detected non-HTTP/2 connection.
Nov 06, 2025 11:18:51 AM io.gapi.emulators.netty.HttpVersionRoutingHandler channelRead
INFO: Detected non-HTTP/2 connection.
Nov 06, 2025 11:18:51 AM io.gapi.emulators.netty.HttpVersionRoutingHandler channelRead
INFO: Detected non-HTTP/2 connection.
Nov 06, 2025 11:18:52 AM io.gapi.emulators.netty.HttpVersionRoutingHandler channelRead
INFO: Detected non-HTTP/2 connection.
Nov 06, 2025 11:18:52 AM com.google.cloud.datastore.emulator.impl.context.EmulatorAuthorization warnAboutSecuredJwt
WARNING: expected an unsecured JWT, the emulator does not validate JWTs and IS NOT SECURE
Nov 06, 2025 11:18:52 AM io.gapi.emulators.netty.HttpVersionRoutingHandler channelRead
INFO: Detected non-HTTP/2 connection.
Nov 06, 2025 11:18:52 AM io.gapi.emulators.netty.HttpVersionRoutingHandler channelRead
INFO: Detected non-HTTP/2 connection.
Nov 06, 2025 11:18:52 AM io.gapi.emulators.netty.HttpVersionRoutingHandler channelRead
INFO: Detected non-HTTP/2 connection.
Nov 06, 2025 11:18:52 AM io.gapi.emulators.netty.HttpVersionRoutingHandler channelRead
INFO: Detected non-HTTP/2 connection.
Nov 06, 2025 11:18:52 AM com.google.cloud.datastore.emulator.impl.context.EmulatorAuthorization warnAboutSecuredJwt
WARNING: expected an unsecured JWT, the emulator does not validate JWTs and IS NOT SECURE
Nov 06, 2025 11:18:52 AM io.gapi.emulators.netty.HttpVersionRoutingHandler channelRead
INFO: Detected non-HTTP/2 connection.
Nov 06, 2025 11:18:52 AM io.gapi.emulators.netty.HttpVersionRoutingHandler channelRead
INFO: Detected non-HTTP/2 connection.
Nov 06, 2025 11:18:52 AM io.gapi.emulators.netty.HttpVersionRoutingHandler channelRead
INFO: Detected non-HTTP/2 connection.
Nov 06, 2025 11:18:53 AM io.gapi.emulators.netty.HttpVersionRoutingHandler channelRead
INFO: Detected non-HTTP/2 connection.
Nov 06, 2025 11:18:53 AM com.google.cloud.datastore.emulator.impl.context.EmulatorAuthorization warnAboutSecuredJwt
WARNING: expected an unsecured JWT, the emulator does not validate JWTs and IS NOT SECURE
Nov 06, 2025 11:18:53 AM io.gapi.emulators.netty.HttpVersionRoutingHandler channelRead
INFO: Detected non-HTTP/2 connection.
Nov 06, 2025 11:18:53 AM io.gapi.emulators.netty.HttpVersionRoutingHandler channelRead
INFO: Detected non-HTTP/2 connection.
Nov 06, 2025 11:18:53 AM io.gapi.emulators.netty.HttpVersionRoutingHandler channelRead
INFO: Detected non-HTTP/2 connection.
Nov 06, 2025 11:18:53 AM io.gapi.emulators.netty.HttpVersionRoutingHandler channelRead
INFO: Detected non-HTTP/2 connection.
Nov 06, 2025 11:18:53 AM com.google.cloud.datastore.emulator.impl.context.EmulatorAuthorization warnAboutSecuredJwt
WARNING: expected an unsecured JWT, the emulator does not validate JWTs and IS NOT SECURE
Nov 06, 2025 11:18:54 AM io.gapi.emulators.netty.HttpVersionRoutingHandler channelRead
INFO: Detected non-HTTP/2 connection.
Nov 06, 2025 11:18:54 AM io.gapi.emulators.netty.HttpVersionRoutingHandler channelRead
INFO: Detected non-HTTP/2 connection.
Nov 06, 2025 11:18:54 AM io.gapi.emulators.netty.HttpVersionRoutingHandler channelRead
INFO: Detected non-HTTP/2 connection.
Nov 06, 2025 11:22:34 AM io.gapi.emulators.netty.HttpVersionRoutingHandler channelRead
INFO: Detected non-HTTP/2 connection.
Nov 06, 2025 11:22:34 AM com.google.cloud.datastore.emulator.impl.context.EmulatorAuthorization warnAboutSecuredJwt
WARNING: expected an unsecured JWT, the emulator does not validate JWTs and IS NOT SECURE
Nov 06, 2025 11:22:34 AM io.gapi.emulators.netty.HttpVersionRoutingHandler channelRead
INFO: Detected non-HTTP/2 connection.
Nov 06, 2025 11:22:34 AM io.gapi.emulators.netty.HttpVersionRoutingHandler channelRead
INFO: Detected non-HTTP/2 connection.
Nov 06, 2025 11:22:34 AM io.gapi.emulators.netty.HttpVersionRoutingHandler channelRead
INFO: Detected non-HTTP/2 connection.
Nov 06, 2025 11:22:35 AM io.gapi.emulators.netty.HttpVersionRoutingHandler channelRead
INFO: Detected non-HTTP/2 connection.
Nov 06, 2025 11:22:35 AM com.google.cloud.datastore.emulator.impl.context.EmulatorAuthorization warnAboutSecuredJwt
WARNING: expected an unsecured JWT, the emulator does not validate JWTs and IS NOT SECURE
Nov 06, 2025 11:22:35 AM io.gapi.emulators.netty.HttpVersionRoutingHandler channelRead
INFO: Detected non-HTTP/2 connection.
Nov 06, 2025 11:22:35 AM io.gapi.emulators.netty.HttpVersionRoutingHandler channelRead
INFO: Detected non-HTTP/2 connection.
Nov 06, 2025 11:22:35 AM io.gapi.emulators.netty.HttpVersionRoutingHandler channelRead
INFO: Detected non-HTTP/2 connection.
Nov 06, 2025 11:22:35 AM io.gapi.emulators.netty.HttpVersionRoutingHandler channelRead
INFO: Detected non-HTTP/2 connection.
Nov 06, 2025 11:22:35 AM com.google.cloud.datastore.emulator.impl.context.EmulatorAuthorization warnAboutSecuredJwt
WARNING: expected an unsecured JWT, the emulator does not validate JWTs and IS NOT SECURE
Nov 06, 2025 11:22:35 AM io.gapi.emulators.netty.HttpVersionRoutingHandler channelRead
INFO: Detected non-HTTP/2 connection.
Nov 06, 2025 11:22:35 AM io.gapi.emulators.netty.HttpVersionRoutingHandler channelRead
INFO: Detected non-HTTP/2 connection.
Nov 06, 2025 11:22:35 AM io.gapi.emulators.netty.HttpVersionRoutingHandler channelRead
INFO: Detected non-HTTP/2 connection.
Nov 06, 2025 11:22:36 AM io.gapi.emulators.netty.HttpVersionRoutingHandler channelRead
INFO: Detected non-HTTP/2 connection.
Nov 06, 2025 11:22:36 AM com.google.cloud.datastore.emulator.impl.context.EmulatorAuthorization warnAboutSecuredJwt
WARNING: expected an unsecured JWT, the emulator does not validate JWTs and IS NOT SECURE
Nov 06, 2025 11:22:36 AM io.gapi.emulators.netty.HttpVersionRoutingHandler channelRead
INFO: Detected non-HTTP/2 connection.
Nov 06, 2025 11:22:36 AM io.gapi.emulators.netty.HttpVersionRoutingHandler channelRead
INFO: Detected non-HTTP/2 connection.
Nov 06, 2025 11:22:36 AM io.gapi.emulators.netty.HttpVersionRoutingHandler channelRead
INFO: Detected non-HTTP/2 connection.
Nov 06, 2025 11:22:36 AM io.gapi.emulators.netty.HttpVersionRoutingHandler channelRead
INFO: Detected non-HTTP/2 connection.
Nov 06, 2025 11:22:36 AM com.google.cloud.datastore.emulator.impl.context.EmulatorAuthorization warnAboutSecuredJwt
WARNING: expected an unsecured JWT, the emulator does not validate JWTs and IS NOT SECURE
Nov 06, 2025 11:22:36 AM io.gapi.emulators.netty.HttpVersionRoutingHandler channelRead
INFO: Detected non-HTTP/2 connection.
Nov 06, 2025 11:22:36 AM io.gapi.emulators.netty.HttpVersionRoutingHandler channelRead
INFO: Detected non-HTTP/2 connection.
Nov 06, 2025 11:22:36 AM io.gapi.emulators.netty.HttpVersionRoutingHandler channelRead
INFO: Detected non-HTTP/2 connection.
Nov 06, 2025 11:22:37 AM io.gapi.emulators.netty.HttpVersionRoutingHandler channelRead
INFO: Detected non-HTTP/2 connection.
Nov 06, 2025 11:22:37 AM com.google.cloud.datastore.emulator.impl.context.EmulatorAuthorization warnAboutSecuredJwt
WARNING: expected an unsecured JWT, the emulator does not validate JWTs and IS NOT SECURE
Nov 06, 2025 11:22:37 AM io.gapi.emulators.netty.HttpVersionRoutingHandler channelRead
INFO: Detected non-HTTP/2 connection.
Nov 06, 2025 11:22:37 AM io.gapi.emulators.netty.HttpVersionRoutingHandler channelRead
INFO: Detected non-HTTP/2 connection.
Nov 06, 2025 11:22:37 AM io.gapi.emulators.netty.HttpVersionRoutingHandler channelRead
INFO: Detected non-HTTP/2 connection.
Nov 06, 2025 11:22:37 AM io.gapi.emulators.netty.HttpVersionRoutingHandler channelRead
INFO: Detected non-HTTP/2 connection.
Nov 06, 2025 11:22:37 AM com.google.cloud.datastore.emulator.impl.context.EmulatorAuthorization warnAboutSecuredJwt
WARNING: expected an unsecured JWT, the emulator does not validate JWTs and IS NOT SECURE
Nov 06, 2025 11:22:37 AM io.gapi.emulators.netty.HttpVersionRoutingHandler channelRead
INFO: Detected non-HTTP/2 connection.
Nov 06, 2025 11:22:37 AM io.gapi.emulators.netty.HttpVersionRoutingHandler channelRead
INFO: Detected non-HTTP/2 connection.
Nov 06, 2025 11:22:37 AM io.gapi.emulators.netty.HttpVersionRoutingHandler channelRead
INFO: Detected non-HTTP/2 connection.
Nov 06, 2025 11:22:38 AM io.gapi.emulators.netty.HttpVersionRoutingHandler channelRead
INFO: Detected non-HTTP/2 connection.
Nov 06, 2025 11:22:38 AM com.google.cloud.datastore.emulator.impl.context.EmulatorAuthorization warnAboutSecuredJwt
WARNING: expected an unsecured JWT, the emulator does not validate JWTs and IS NOT SECURE
Nov 06, 2025 11:22:38 AM io.gapi.emulators.netty.HttpVersionRoutingHandler channelRead
INFO: Detected non-HTTP/2 connection.
Nov 06, 2025 11:22:38 AM io.gapi.emulators.netty.HttpVersionRoutingHandler channelRead
INFO: Detected non-HTTP/2 connection.
Nov 06, 2025 11:22:38 AM io.gapi.emulators.netty.HttpVersionRoutingHandler channelRead
INFO: Detected non-HTTP/2 connection.
Nov 06, 2025 11:22:38 AM io.gapi.emulators.netty.HttpVersionRoutingHandler channelRead
INFO: Detected non-HTTP/2 connection.
Nov 06, 2025 11:22:38 AM com.google.cloud.datastore.emulator.impl.context.EmulatorAuthorization warnAboutSecuredJwt
WARNING: expected an unsecured JWT, the emulator does not validate JWTs and IS NOT SECURE
Nov 06, 2025 11:22:38 AM io.gapi.emulators.netty.HttpVersionRoutingHandler channelRead
INFO: Detected non-HTTP/2 connection.
Nov 06, 2025 11:22:38 AM io.gapi.emulators.netty.HttpVersionRoutingHandler channelRead
INFO: Detected non-HTTP/2 connection.
Nov 06, 2025 11:22:38 AM io.gapi.emulators.netty.HttpVersionRoutingHandler channelRead
INFO: Detected non-HTTP/2 connection.
Nov 06, 2025 11:22:39 AM io.gapi.emulators.netty.HttpVersionRoutingHandler channelRead
INFO: Detected non-HTTP/2 connection.
Nov 06, 2025 11:22:39 AM com.google.cloud.datastore.emulator.impl.context.EmulatorAuthorization warnAboutSecuredJwt
WARNING: expected an unsecured JWT, the emulator does not validate JWTs and IS NOT SECURE
Nov 06, 2025 11:22:39 AM io.gapi.emulators.netty.HttpVersionRoutingHandler channelRead
INFO: Detected non-HTTP/2 connection.
Nov 06, 2025 11:22:39 AM io.gapi.emulators.netty.HttpVersionRoutingHandler channelRead
INFO: Detected non-HTTP/2 connection.
Nov 06, 2025 11:22:39 AM io.gapi.emulators.netty.HttpVersionRoutingHandler channelRead
INFO: Detected non-HTTP/2 connection.
Nov 06, 2025 11:22:39 AM io.gapi.emulators.netty.HttpVersionRoutingHandler channelRead
INFO: Detected non-HTTP/2 connection.
Nov 06, 2025 11:22:39 AM com.google.cloud.datastore.emulator.impl.context.EmulatorAuthorization warnAboutSecuredJwt
WARNING: expected an unsecured JWT, the emulator does not validate JWTs and IS NOT SECURE
Nov 06, 2025 11:22:39 AM io.gapi.emulators.netty.HttpVersionRoutingHandler channelRead
INFO: Detected non-HTTP/2 connection.
Nov 06, 2025 11:22:39 AM io.gapi.emulators.netty.HttpVersionRoutingHandler channelRead
INFO: Detected non-HTTP/2 connection.
Nov 06, 2025 11:22:39 AM io.gapi.emulators.netty.HttpVersionRoutingHandler channelRead
INFO: Detected non-HTTP/2 connection.
Nov 06, 2025 11:22:40 AM io.gapi.emulators.netty.HttpVersionRoutingHandler channelRead
INFO: Detected non-HTTP/2 connection.
Nov 06, 2025 11:22:40 AM com.google.cloud.datastore.emulator.impl.context.EmulatorAuthorization warnAboutSecuredJwt
WARNING: expected an unsecured JWT, the emulator does not validate JWTs and IS NOT SECURE
Nov 06, 2025 11:22:40 AM io.gapi.emulators.netty.HttpVersionRoutingHandler channelRead
INFO: Detected non-HTTP/2 connection.
Nov 06, 2025 11:22:40 AM io.gapi.emulators.netty.HttpVersionRoutingHandler channelRead
INFO: Detected non-HTTP/2 connection.
Nov 06, 2025 11:22:40 AM io.gapi.emulators.netty.HttpVersionRoutingHandler channelRead
INFO: Detected non-HTTP/2 connection.
Nov 06, 2025 11:22:40 AM io.gapi.emulators.netty.HttpVersionRoutingHandler channelRead
INFO: Detected non-HTTP/2 connection.
Nov 06, 2025 11:22:40 AM com.google.cloud.datastore.emulator.impl.context.EmulatorAuthorization warnAboutSecuredJwt
WARNING: expected an unsecured JWT, the emulator does not validate JWTs and IS NOT SECURE
Nov 06, 2025 11:22:40 AM io.gapi.emulators.netty.HttpVersionRoutingHandler channelRead
INFO: Detected non-HTTP/2 connection.
Nov 06, 2025 11:22:40 AM io.gapi.emulators.netty.HttpVersionRoutingHandler channelRead
INFO: Detected non-HTTP/2 connection.
Nov 06, 2025 11:22:40 AM io.gapi.emulators.netty.HttpVersionRoutingHandler channelRead
INFO: Detected non-HTTP/2 connection.
Nov 06, 2025 11:22:41 AM io.gapi.emulators.netty.HttpVersionRoutingHandler channelRead
INFO: Detected non-HTTP/2 connection.
Nov 06, 2025 11:22:41 AM com.google.cloud.datastore.emulator.impl.context.EmulatorAuthorization warnAboutSecuredJwt
WARNING: expected an unsecured JWT, the emulator does not validate JWTs and IS NOT SECURE
Nov 06, 2025 11:22:41 AM io.gapi.emulators.netty.HttpVersionRoutingHandler channelRead
INFO: Detected non-HTTP/2 connection.
Nov 06, 2025 11:22:41 AM io.gapi.emulators.netty.HttpVersionRoutingHandler channelRead
INFO: Detected non-HTTP/2 connection.
Nov 06, 2025 11:22:41 AM io.gapi.emulators.netty.HttpVersionRoutingHandler channelRead
INFO: Detected non-HTTP/2 connection.
Nov 06, 2025 11:22:41 AM io.gapi.emulators.netty.HttpVersionRoutingHandler channelRead
INFO: Detected non-HTTP/2 connection.
Nov 06, 2025 11:22:41 AM com.google.cloud.datastore.emulator.impl.context.EmulatorAuthorization warnAboutSecuredJwt
WARNING: expected an unsecured JWT, the emulator does not validate JWTs and IS NOT SECURE
Nov 06, 2025 11:22:41 AM io.gapi.emulators.netty.HttpVersionRoutingHandler channelRead
INFO: Detected non-HTTP/2 connection.
Nov 06, 2025 11:22:41 AM io.gapi.emulators.netty.HttpVersionRoutingHandler channelRead
INFO: Detected non-HTTP/2 connection.
Nov 06, 2025 11:22:41 AM io.gapi.emulators.netty.HttpVersionRoutingHandler channelRead
INFO: Detected non-HTTP/2 connection.
Nov 06, 2025 11:22:42 AM io.gapi.emulators.netty.HttpVersionRoutingHandler channelRead
INFO: Detected non-HTTP/2 connection.
Nov 06, 2025 11:22:42 AM com.google.cloud.datastore.emulator.impl.context.EmulatorAuthorization warnAboutSecuredJwt
WARNING: expected an unsecured JWT, the emulator does not validate JWTs and IS NOT SECURE
Nov 06, 2025 11:22:42 AM io.gapi.emulators.netty.HttpVersionRoutingHandler channelRead
INFO: Detected non-HTTP/2 connection.
Nov 06, 2025 11:22:42 AM io.gapi.emulators.netty.HttpVersionRoutingHandler channelRead
INFO: Detected non-HTTP/2 connection.
Nov 06, 2025 11:22:42 AM io.gapi.emulators.netty.HttpVersionRoutingHandler channelRead
INFO: Detected non-HTTP/2 connection.
Nov 06, 2025 11:22:42 AM io.gapi.emulators.netty.HttpVersionRoutingHandler channelRead
INFO: Detected non-HTTP/2 connection.
Nov 06, 2025 11:22:42 AM com.google.cloud.datastore.emulator.impl.context.EmulatorAuthorization warnAboutSecuredJwt
WARNING: expected an unsecured JWT, the emulator does not validate JWTs and IS NOT SECURE
Nov 06, 2025 11:22:42 AM io.gapi.emulators.netty.HttpVersionRoutingHandler channelRead
INFO: Detected non-HTTP/2 connection.
Nov 06, 2025 11:22:42 AM io.gapi.emulators.netty.HttpVersionRoutingHandler channelRead
INFO: Detected non-HTTP/2 connection.
Nov 06, 2025 11:22:42 AM io.gapi.emulators.netty.HttpVersionRoutingHandler channelRead
INFO: Detected non-HTTP/2 connection.
Nov 06, 2025 11:22:43 AM io.gapi.emulators.netty.HttpVersionRoutingHandler channelRead
INFO: Detected non-HTTP/2 connection.
Nov 06, 2025 11:22:43 AM com.google.cloud.datastore.emulator.impl.context.EmulatorAuthorization warnAboutSecuredJwt
WARNING: expected an unsecured JWT, the emulator does not validate JWTs and IS NOT SECURE
Nov 06, 2025 11:22:43 AM io.gapi.emulators.netty.HttpVersionRoutingHandler channelRead
INFO: Detected non-HTTP/2 connection.
Nov 06, 2025 11:22:43 AM io.gapi.emulators.netty.HttpVersionRoutingHandler channelRead
INFO: Detected non-HTTP/2 connection.
Nov 06, 2025 11:22:43 AM io.gapi.emulators.netty.HttpVersionRoutingHandler channelRead
INFO: Detected non-HTTP/2 connection.
Nov 06, 2025 11:22:43 AM io.gapi.emulators.netty.HttpVersionRoutingHandler channelRead
INFO: Detected non-HTTP/2 connection.
Nov 06, 2025 11:22:43 AM com.google.cloud.datastore.emulator.impl.context.EmulatorAuthorization warnAboutSecuredJwt
WARNING: expected an unsecured JWT, the emulator does not validate JWTs and IS NOT SECURE
Nov 06, 2025 11:22:43 AM io.gapi.emulators.netty.HttpVersionRoutingHandler channelRead
INFO: Detected non-HTTP/2 connection.
Nov 06, 2025 11:22:43 AM io.gapi.emulators.netty.HttpVersionRoutingHandler channelRead
INFO: Detected non-HTTP/2 connection.
Nov 06, 2025 11:22:43 AM io.gapi.emulators.netty.HttpVersionRoutingHandler channelRead
INFO: Detected non-HTTP/2 connection.
Nov 06, 2025 11:22:43 AM io.gapi.emulators.netty.HttpVersionRoutingHandler channelRead
INFO: Detected non-HTTP/2 connection.
Nov 06, 2025 11:22:43 AM com.google.cloud.datastore.emulator.impl.context.EmulatorAuthorization warnAboutSecuredJwt
WARNING: expected an unsecured JWT, the emulator does not validate JWTs and IS NOT SECURE
Nov 06, 2025 11:22:43 AM io.gapi.emulators.netty.HttpVersionRoutingHandler channelRead
INFO: Detected non-HTTP/2 connection.
Nov 06, 2025 11:22:43 AM io.gapi.emulators.netty.HttpVersionRoutingHandler channelRead
INFO: Detected non-HTTP/2 connection.
Nov 06, 2025 11:22:44 AM io.gapi.emulators.netty.HttpVersionRoutingHandler channelRead
INFO: Detected non-HTTP/2 connection.
Nov 06, 2025 11:22:44 AM io.gapi.emulators.netty.HttpVersionRoutingHandler channelRead
INFO: Detected non-HTTP/2 connection.
Nov 06, 2025 11:22:44 AM com.google.cloud.datastore.emulator.impl.context.EmulatorAuthorization warnAboutSecuredJwt
WARNING: expected an unsecured JWT, the emulator does not validate JWTs and IS NOT SECURE
Nov 06, 2025 11:22:44 AM io.gapi.emulators.netty.HttpVersionRoutingHandler channelRead
INFO: Detected non-HTTP/2 connection.
Nov 06, 2025 11:22:44 AM io.gapi.emulators.netty.HttpVersionRoutingHandler channelRead
INFO: Detected non-HTTP/2 connection.
Nov 06, 2025 11:22:44 AM io.gapi.emulators.netty.HttpVersionRoutingHandler channelRead
INFO: Detected non-HTTP/2 connection.
Nov 06, 2025 11:22:44 AM io.gapi.emulators.netty.HttpVersionRoutingHandler channelRead
INFO: Detected non-HTTP/2 connection.
Nov 06, 2025 11:22:44 AM com.google.cloud.datastore.emulator.impl.context.EmulatorAuthorization warnAboutSecuredJwt
WARNING: expected an unsecured JWT, the emulator does not validate JWTs and IS NOT SECURE
Nov 06, 2025 11:22:44 AM io.gapi.emulators.netty.HttpVersionRoutingHandler channelRead
INFO: Detected non-HTTP/2 connection.
Nov 06, 2025 11:22:44 AM io.gapi.emulators.netty.HttpVersionRoutingHandler channelRead
INFO: Detected non-HTTP/2 connection.
Nov 06, 2025 11:22:44 AM io.gapi.emulators.netty.HttpVersionRoutingHandler channelRead
INFO: Detected non-HTTP/2 connection.
Nov 06, 2025 11:22:45 AM io.gapi.emulators.netty.HttpVersionRoutingHandler channelRead
INFO: Detected non-HTTP/2 connection.
Nov 06, 2025 11:22:45 AM com.google.cloud.datastore.emulator.impl.context.EmulatorAuthorization warnAboutSecuredJwt
WARNING: expected an unsecured JWT, the emulator does not validate JWTs and IS NOT SECURE
Nov 06, 2025 11:22:45 AM io.gapi.emulators.netty.HttpVersionRoutingHandler channelRead
INFO: Detected non-HTTP/2 connection.
Nov 06, 2025 11:22:45 AM io.gapi.emulators.netty.HttpVersionRoutingHandler channelRead
INFO: Detected non-HTTP/2 connection.
Nov 06, 2025 11:22:45 AM io.gapi.emulators.netty.HttpVersionRoutingHandler channelRead
INFO: Detected non-HTTP/2 connection.
Nov 06, 2025 11:22:45 AM io.gapi.emulators.netty.HttpVersionRoutingHandler channelRead
INFO: Detected non-HTTP/2 connection.
Nov 06, 2025 11:22:45 AM com.google.cloud.datastore.emulator.impl.context.EmulatorAuthorization warnAboutSecuredJwt
WARNING: expected an unsecured JWT, the emulator does not validate JWTs and IS NOT SECURE
Nov 06, 2025 11:22:45 AM io.gapi.emulators.netty.HttpVersionRoutingHandler channelRead
INFO: Detected non-HTTP/2 connection.
Nov 06, 2025 11:22:45 AM io.gapi.emulators.netty.HttpVersionRoutingHandler channelRead
INFO: Detected non-HTTP/2 connection.
Nov 06, 2025 11:22:45 AM io.gapi.emulators.netty.HttpVersionRoutingHandler channelRead
INFO: Detected non-HTTP/2 connection.
Nov 06, 2025 11:22:46 AM io.gapi.emulators.netty.HttpVersionRoutingHandler channelRead
INFO: Detected non-HTTP/2 connection.
Nov 06, 2025 11:22:46 AM com.google.cloud.datastore.emulator.impl.context.EmulatorAuthorization warnAboutSecuredJwt
WARNING: expected an unsecured JWT, the emulator does not validate JWTs and IS NOT SECURE
Nov 06, 2025 11:22:46 AM io.gapi.emulators.netty.HttpVersionRoutingHandler channelRead
INFO: Detected non-HTTP/2 connection.
Nov 06, 2025 11:22:46 AM io.gapi.emulators.netty.HttpVersionRoutingHandler channelRead
INFO: Detected non-HTTP/2 connection.
Nov 06, 2025 11:22:46 AM io.gapi.emulators.netty.HttpVersionRoutingHandler channelRead
INFO: Detected non-HTTP/2 connection.
Nov 06, 2025 11:22:46 AM io.gapi.emulators.netty.HttpVersionRoutingHandler channelRead
INFO: Detected non-HTTP/2 connection.
Nov 06, 2025 11:22:46 AM com.google.cloud.datastore.emulator.impl.context.EmulatorAuthorization warnAboutSecuredJwt
WARNING: expected an unsecured JWT, the emulator does not validate JWTs and IS NOT SECURE
Nov 06, 2025 11:22:46 AM io.gapi.emulators.netty.HttpVersionRoutingHandler channelRead
INFO: Detected non-HTTP/2 connection.
Nov 06, 2025 11:22:46 AM io.gapi.emulators.netty.HttpVersionRoutingHandler channelRead
INFO: Detected non-HTTP/2 connection.
Nov 06, 2025 11:22:46 AM io.gapi.emulators.netty.HttpVersionRoutingHandler channelRead
INFO: Detected non-HTTP/2 connection.
Nov 06, 2025 11:22:47 AM io.gapi.emulators.netty.HttpVersionRoutingHandler channelRead
INFO: Detected non-HTTP/2 connection.
Nov 06, 2025 11:22:47 AM com.google.cloud.datastore.emulator.impl.context.EmulatorAuthorization warnAboutSecuredJwt
WARNING: expected an unsecured JWT, the emulator does not validate JWTs and IS NOT SECURE
Nov 06, 2025 11:22:47 AM io.gapi.emulators.netty.HttpVersionRoutingHandler channelRead
INFO: Detected non-HTTP/2 connection.
Nov 06, 2025 11:22:47 AM io.gapi.emulators.netty.HttpVersionRoutingHandler channelRead
INFO: Detected non-HTTP/2 connection.
Nov 06, 2025 11:22:47 AM io.gapi.emulators.netty.HttpVersionRoutingHandler channelRead
INFO: Detected non-HTTP/2 connection.
Nov 06, 2025 11:22:47 AM io.gapi.emulators.netty.HttpVersionRoutingHandler channelRead
INFO: Detected non-HTTP/2 connection.
Nov 06, 2025 11:22:47 AM com.google.cloud.datastore.emulator.impl.context.EmulatorAuthorization warnAboutSecuredJwt
WARNING: expected an unsecured JWT, the emulator does not validate JWTs and IS NOT SECURE
Nov 06, 2025 11:22:47 AM io.gapi.emulators.netty.HttpVersionRoutingHandler channelRead
INFO: Detected non-HTTP/2 connection.
Nov 06, 2025 11:22:47 AM io.gapi.emulators.netty.HttpVersionRoutingHandler channelRead
INFO: Detected non-HTTP/2 connection.
Nov 06, 2025 11:22:48 AM io.gapi.emulators.netty.HttpVersionRoutingHandler channelRead
INFO: Detected non-HTTP/2 connection.
Nov 06, 2025 11:22:48 AM io.gapi.emulators.netty.HttpVersionRoutingHandler channelRead
INFO: Detected non-HTTP/2 connection.
Nov 06, 2025 11:22:48 AM com.google.cloud.datastore.emulator.impl.context.EmulatorAuthorization warnAboutSecuredJwt
WARNING: expected an unsecured JWT, the emulator does not validate JWTs and IS NOT SECURE
Nov 06, 2025 11:22:48 AM io.gapi.emulators.netty.HttpVersionRoutingHandler channelRead
INFO: Detected non-HTTP/2 connection.
Nov 06, 2025 11:22:48 AM io.gapi.emulators.netty.HttpVersionRoutingHandler channelRead
INFO: Detected non-HTTP/2 connection.
Nov 06, 2025 11:22:48 AM io.gapi.emulators.netty.HttpVersionRoutingHandler channelRead
INFO: Detected non-HTTP/2 connection.
Nov 06, 2025 11:22:49 AM io.gapi.emulators.netty.HttpVersionRoutingHandler channelRead
INFO: Detected non-HTTP/2 connection.
Nov 06, 2025 11:22:49 AM com.google.cloud.datastore.emulator.impl.context.EmulatorAuthorization warnAboutSecuredJwt
WARNING: expected an unsecured JWT, the emulator does not validate JWTs and IS NOT SECURE
Nov 06, 2025 11:22:49 AM io.gapi.emulators.netty.HttpVersionRoutingHandler channelRead
INFO: Detected non-HTTP/2 connection.
Nov 06, 2025 11:22:49 AM io.gapi.emulators.netty.HttpVersionRoutingHandler channelRead
INFO: Detected non-HTTP/2 connection.
Nov 06, 2025 11:22:49 AM io.gapi.emulators.netty.HttpVersionRoutingHandler channelRead
INFO: Detected non-HTTP/2 connection.
Nov 06, 2025 11:22:49 AM io.gapi.emulators.netty.HttpVersionRoutingHandler channelRead
INFO: Detected non-HTTP/2 connection.
Nov 06, 2025 11:22:49 AM com.google.cloud.datastore.emulator.impl.context.EmulatorAuthorization warnAboutSecuredJwt
WARNING: expected an unsecured JWT, the emulator does not validate JWTs and IS NOT SECURE
Nov 06, 2025 11:22:49 AM io.gapi.emulators.netty.HttpVersionRoutingHandler channelRead
INFO: Detected non-HTTP/2 connection.
Nov 06, 2025 11:22:49 AM io.gapi.emulators.netty.HttpVersionRoutingHandler channelRead
INFO: Detected non-HTTP/2 connection.
Nov 06, 2025 11:22:49 AM io.gapi.emulators.netty.HttpVersionRoutingHandler channelRead
INFO: Detected non-HTTP/2 connection.
Nov 06, 2025 11:22:50 AM io.gapi.emulators.netty.HttpVersionRoutingHandler channelRead
INFO: Detected non-HTTP/2 connection.
Nov 06, 2025 11:22:50 AM com.google.cloud.datastore.emulator.impl.context.EmulatorAuthorization warnAboutSecuredJwt
WARNING: expected an unsecured JWT, the emulator does not validate JWTs and IS NOT SECURE
Nov 06, 2025 11:22:50 AM io.gapi.emulators.netty.HttpVersionRoutingHandler channelRead
INFO: Detected non-HTTP/2 connection.
Nov 06, 2025 11:22:50 AM io.gapi.emulators.netty.HttpVersionRoutingHandler channelRead
INFO: Detected non-HTTP/2 connection.
Nov 06, 2025 11:22:50 AM io.gapi.emulators.netty.HttpVersionRoutingHandler channelRead
INFO: Detected non-HTTP/2 connection.
Nov 06, 2025 11:22:50 AM io.gapi.emulators.netty.HttpVersionRoutingHandler channelRead
INFO: Detected non-HTTP/2 connection.
Nov 06, 2025 11:22:50 AM com.google.cloud.datastore.emulator.impl.context.EmulatorAuthorization warnAboutSecuredJwt
WARNING: expected an unsecured JWT, the emulator does not validate JWTs and IS NOT SECURE
Nov 06, 2025 11:22:50 AM io.gapi.emulators.netty.HttpVersionRoutingHandler channelRead
INFO: Detected non-HTTP/2 connection.
Nov 06, 2025 11:22:50 AM io.gapi.emulators.netty.HttpVersionRoutingHandler channelRead
INFO: Detected non-HTTP/2 connection.
Nov 06, 2025 11:22:50 AM io.gapi.emulators.netty.HttpVersionRoutingHandler channelRead
INFO: Detected non-HTTP/2 connection.
Nov 06, 2025 11:22:50 AM io.gapi.emulators.netty.HttpVersionRoutingHandler channelRead
INFO: Detected non-HTTP/2 connection.
Nov 06, 2025 11:22:50 AM com.google.cloud.datastore.emulator.impl.context.EmulatorAuthorization warnAboutSecuredJwt
WARNING: expected an unsecured JWT, the emulator does not validate JWTs and IS NOT SECURE
Nov 06, 2025 11:22:50 AM io.gapi.emulators.netty.HttpVersionRoutingHandler channelRead
INFO: Detected non-HTTP/2 connection.
Nov 06, 2025 11:22:50 AM io.gapi.emulators.netty.HttpVersionRoutingHandler channelRead
INFO: Detected non-HTTP/2 connection.
Nov 06, 2025 11:22:50 AM io.gapi.emulators.netty.HttpVersionRoutingHandler channelRead
INFO: Detected non-HTTP/2 connection.
Nov 06, 2025 11:22:51 AM io.gapi.emulators.netty.HttpVersionRoutingHandler channelRead
INFO: Detected non-HTTP/2 connection.
Nov 06, 2025 11:22:51 AM com.google.cloud.datastore.emulator.impl.context.EmulatorAuthorization warnAboutSecuredJwt
WARNING: expected an unsecured JWT, the emulator does not validate JWTs and IS NOT SECURE
Nov 06, 2025 11:22:51 AM io.gapi.emulators.netty.HttpVersionRoutingHandler channelRead
INFO: Detected non-HTTP/2 connection.
Nov 06, 2025 11:22:51 AM io.gapi.emulators.netty.HttpVersionRoutingHandler channelRead
INFO: Detected non-HTTP/2 connection.
Nov 06, 2025 11:22:51 AM io.gapi.emulators.netty.HttpVersionRoutingHandler channelRead
INFO: Detected non-HTTP/2 connection.
Nov 06, 2025 11:22:51 AM io.gapi.emulators.netty.HttpVersionRoutingHandler channelRead
INFO: Detected non-HTTP/2 connection.
Nov 06, 2025 11:22:51 AM com.google.cloud.datastore.emulator.impl.context.EmulatorAuthorization warnAboutSecuredJwt
WARNING: expected an unsecured JWT, the emulator does not validate JWTs and IS NOT SECURE
Nov 06, 2025 11:22:51 AM io.gapi.emulators.netty.HttpVersionRoutingHandler channelRead
INFO: Detected non-HTTP/2 connection.
Nov 06, 2025 11:22:51 AM io.gapi.emulators.netty.HttpVersionRoutingHandler channelRead
INFO: Detected non-HTTP/2 connection.
Nov 06, 2025 11:22:51 AM io.gapi.emulators.netty.HttpVersionRoutingHandler channelRead
INFO: Detected non-HTTP/2 connection.
Nov 06, 2025 11:22:52 AM io.gapi.emulators.netty.HttpVersionRoutingHandler channelRead
INFO: Detected non-HTTP/2 connection.
Nov 06, 2025 11:22:52 AM com.google.cloud.datastore.emulator.impl.context.EmulatorAuthorization warnAboutSecuredJwt
WARNING: expected an unsecured JWT, the emulator does not validate JWTs and IS NOT SECURE
Nov 06, 2025 11:22:52 AM io.gapi.emulators.netty.HttpVersionRoutingHandler channelRead
INFO: Detected non-HTTP/2 connection.
Nov 06, 2025 11:22:52 AM io.gapi.emulators.netty.HttpVersionRoutingHandler channelRead
INFO: Detected non-HTTP/2 connection.
Nov 06, 2025 11:22:52 AM io.gapi.emulators.netty.HttpVersionRoutingHandler channelRead
INFO: Detected non-HTTP/2 connection.
Nov 06, 2025 11:22:52 AM io.gapi.emulators.netty.HttpVersionRoutingHandler channelRead
INFO: Detected non-HTTP/2 connection.
Nov 06, 2025 11:22:52 AM com.google.cloud.datastore.emulator.impl.context.EmulatorAuthorization warnAboutSecuredJwt
WARNING: expected an unsecured JWT, the emulator does not validate JWTs and IS NOT SECURE
Nov 06, 2025 11:22:52 AM io.gapi.emulators.netty.HttpVersionRoutingHandler channelRead
INFO: Detected non-HTTP/2 connection.
Nov 06, 2025 11:22:52 AM io.gapi.emulators.netty.HttpVersionRoutingHandler channelRead
INFO: Detected non-HTTP/2 connection.
Nov 06, 2025 11:22:52 AM io.gapi.emulators.netty.HttpVersionRoutingHandler channelRead
INFO: Detected non-HTTP/2 connection.
Nov 06, 2025 11:22:52 AM io.gapi.emulators.netty.HttpVersionRoutingHandler channelRead
INFO: Detected non-HTTP/2 connection.
Nov 06, 2025 11:22:52 AM com.google.cloud.datastore.emulator.impl.context.EmulatorAuthorization warnAboutSecuredJwt
WARNING: expected an unsecured JWT, the emulator does not validate JWTs and IS NOT SECURE
Nov 06, 2025 11:22:52 AM io.gapi.emulators.netty.HttpVersionRoutingHandler channelRead
INFO: Detected non-HTTP/2 connection.
Nov 06, 2025 11:22:52 AM io.gapi.emulators.netty.HttpVersionRoutingHandler channelRead
INFO: Detected non-HTTP/2 connection.
Nov 06, 2025 11:22:53 AM io.gapi.emulators.netty.HttpVersionRoutingHandler channelRead
INFO: Detected non-HTTP/2 connection.
Nov 06, 2025 11:22:53 AM io.gapi.emulators.netty.HttpVersionRoutingHandler channelRead
INFO: Detected non-HTTP/2 connection.
Nov 06, 2025 11:22:53 AM com.google.cloud.datastore.emulator.impl.context.EmulatorAuthorization warnAboutSecuredJwt
WARNING: expected an unsecured JWT, the emulator does not validate JWTs and IS NOT SECURE
Nov 06, 2025 11:22:53 AM io.gapi.emulators.netty.HttpVersionRoutingHandler channelRead
INFO: Detected non-HTTP/2 connection.
Nov 06, 2025 11:22:53 AM io.gapi.emulators.netty.HttpVersionRoutingHandler channelRead
INFO: Detected non-HTTP/2 connection.
Nov 06, 2025 11:22:53 AM io.gapi.emulators.netty.HttpVersionRoutingHandler channelRead
INFO: Detected non-HTTP/2 connection.
Nov 06, 2025 11:22:53 AM io.gapi.emulators.netty.HttpVersionRoutingHandler channelRead
INFO: Detected non-HTTP/2 connection.
Nov 06, 2025 11:22:53 AM com.google.cloud.datastore.emulator.impl.context.EmulatorAuthorization warnAboutSecuredJwt
WARNING: expected an unsecured JWT, the emulator does not validate JWTs and IS NOT SECURE
Nov 06, 2025 11:22:53 AM io.gapi.emulators.netty.HttpVersionRoutingHandler channelRead
INFO: Detected non-HTTP/2 connection.
Nov 06, 2025 11:22:53 AM io.gapi.emulators.netty.HttpVersionRoutingHandler channelRead
INFO: Detected non-HTTP/2 connection.
Nov 06, 2025 11:22:53 AM io.gapi.emulators.netty.HttpVersionRoutingHandler channelRead
INFO: Detected non-HTTP/2 connection.
Nov 06, 2025 11:22:54 AM io.gapi.emulators.netty.HttpVersionRoutingHandler channelRead
INFO: Detected non-HTTP/2 connection.
Nov 06, 2025 11:22:54 AM com.google.cloud.datastore.emulator.impl.context.EmulatorAuthorization warnAboutSecuredJwt
WARNING: expected an unsecured JWT, the emulator does not validate JWTs and IS NOT SECURE
Nov 06, 2025 11:22:54 AM io.gapi.emulators.netty.HttpVersionRoutingHandler channelRead
INFO: Detected non-HTTP/2 connection.
Nov 06, 2025 11:22:54 AM io.gapi.emulators.netty.HttpVersionRoutingHandler channelRead
INFO: Detected non-HTTP/2 connection.
Nov 06, 2025 11:22:54 AM io.gapi.emulators.netty.HttpVersionRoutingHandler channelRead
INFO: Detected non-HTTP/2 connection.
Nov 06, 2025 11:22:54 AM io.gapi.emulators.netty.HttpVersionRoutingHandler channelRead
INFO: Detected non-HTTP/2 connection.
Nov 06, 2025 11:22:54 AM com.google.cloud.datastore.emulator.impl.context.EmulatorAuthorization warnAboutSecuredJwt
WARNING: expected an unsecured JWT, the emulator does not validate JWTs and IS NOT SECURE
Nov 06, 2025 11:22:54 AM io.gapi.emulators.netty.HttpVersionRoutingHandler channelRead
INFO: Detected non-HTTP/2 connection.
Nov 06, 2025 11:22:54 AM io.gapi.emulators.netty.HttpVersionRoutingHandler channelRead
INFO: Detected non-HTTP/2 connection.
Nov 06, 2025 11:22:54 AM io.gapi.emulators.netty.HttpVersionRoutingHandler channelRead
INFO: Detected non-HTTP/2 connection.
Nov 06, 2025 11:22:55 AM io.gapi.emulators.netty.HttpVersionRoutingHandler channelRead
INFO: Detected non-HTTP/2 connection.
Nov 06, 2025 11:22:55 AM com.google.cloud.datastore.emulator.impl.context.EmulatorAuthorization warnAboutSecuredJwt
WARNING: expected an unsecured JWT, the emulator does not validate JWTs and IS NOT SECURE
Nov 06, 2025 11:22:55 AM io.gapi.emulators.netty.HttpVersionRoutingHandler channelRead
INFO: Detected non-HTTP/2 connection.
Nov 06, 2025 11:22:55 AM io.gapi.emulators.netty.HttpVersionRoutingHandler channelRead
INFO: Detected non-HTTP/2 connection.
Nov 06, 2025 11:22:55 AM io.gapi.emulators.netty.HttpVersionRoutingHandler channelRead
INFO: Detected non-HTTP/2 connection.
Nov 06, 2025 11:22:55 AM io.gapi.emulators.netty.HttpVersionRoutingHandler channelRead
INFO: Detected non-HTTP/2 connection.
Nov 06, 2025 11:22:55 AM com.google.cloud.datastore.emulator.impl.context.EmulatorAuthorization warnAboutSecuredJwt
WARNING: expected an unsecured JWT, the emulator does not validate JWTs and IS NOT SECURE
Nov 06, 2025 11:22:55 AM io.gapi.emulators.netty.HttpVersionRoutingHandler channelRead
INFO: Detected non-HTTP/2 connection.
Nov 06, 2025 11:22:55 AM io.gapi.emulators.netty.HttpVersionRoutingHandler channelRead
INFO: Detected non-HTTP/2 connection.
Nov 06, 2025 11:22:55 AM io.gapi.emulators.netty.HttpVersionRoutingHandler channelRead
INFO: Detected non-HTTP/2 connection.
Nov 06, 2025 11:22:56 AM io.gapi.emulators.netty.HttpVersionRoutingHandler channelRead
INFO: Detected non-HTTP/2 connection.
Nov 06, 2025 11:22:56 AM com.google.cloud.datastore.emulator.impl.context.EmulatorAuthorization warnAboutSecuredJwt
WARNING: expected an unsecured JWT, the emulator does not validate JWTs and IS NOT SECURE
Nov 06, 2025 11:22:56 AM io.gapi.emulators.netty.HttpVersionRoutingHandler channelRead
INFO: Detected non-HTTP/2 connection.
Nov 06, 2025 11:22:56 AM io.gapi.emulators.netty.HttpVersionRoutingHandler channelRead
INFO: Detected non-HTTP/2 connection.
Nov 06, 2025 11:22:56 AM io.gapi.emulators.netty.HttpVersionRoutingHandler channelRead
INFO: Detected non-HTTP/2 connection.
Nov 06, 2025 11:22:56 AM io.gapi.emulators.netty.HttpVersionRoutingHandler channelRead
INFO: Detected non-HTTP/2 connection.
Nov 06, 2025 11:22:56 AM com.google.cloud.datastore.emulator.impl.context.EmulatorAuthorization warnAboutSecuredJwt
WARNING: expected an unsecured JWT, the emulator does not validate JWTs and IS NOT SECURE
Nov 06, 2025 11:22:56 AM io.gapi.emulators.netty.HttpVersionRoutingHandler channelRead
INFO: Detected non-HTTP/2 connection.
Nov 06, 2025 11:22:56 AM io.gapi.emulators.netty.HttpVersionRoutingHandler channelRead
INFO: Detected non-HTTP/2 connection.
Nov 06, 2025 11:22:56 AM io.gapi.emulators.netty.HttpVersionRoutingHandler channelRead
INFO: Detected non-HTTP/2 connection.
Nov 06, 2025 11:22:57 AM io.gapi.emulators.netty.HttpVersionRoutingHandler channelRead
INFO: Detected non-HTTP/2 connection.
Nov 06, 2025 11:22:57 AM com.google.cloud.datastore.emulator.impl.context.EmulatorAuthorization warnAboutSecuredJwt
WARNING: expected an unsecured JWT, the emulator does not validate JWTs and IS NOT SECURE
Nov 06, 2025 11:22:57 AM io.gapi.emulators.netty.HttpVersionRoutingHandler channelRead
INFO: Detected non-HTTP/2 connection.
Nov 06, 2025 11:22:57 AM io.gapi.emulators.netty.HttpVersionRoutingHandler channelRead
INFO: Detected non-HTTP/2 connection.
Nov 06, 2025 11:22:57 AM io.gapi.emulators.netty.HttpVersionRoutingHandler channelRead
INFO: Detected non-HTTP/2 connection.
Nov 06, 2025 11:22:57 AM io.gapi.emulators.netty.HttpVersionRoutingHandler channelRead
INFO: Detected non-HTTP/2 connection.
Nov 06, 2025 11:22:57 AM com.google.cloud.datastore.emulator.impl.context.EmulatorAuthorization warnAboutSecuredJwt
WARNING: expected an unsecured JWT, the emulator does not validate JWTs and IS NOT SECURE
Nov 06, 2025 11:22:57 AM io.gapi.emulators.netty.HttpVersionRoutingHandler channelRead
INFO: Detected non-HTTP/2 connection.
Nov 06, 2025 11:22:57 AM io.gapi.emulators.netty.HttpVersionRoutingHandler channelRead
INFO: Detected non-HTTP/2 connection.
Nov 06, 2025 11:22:57 AM io.gapi.emulators.netty.HttpVersionRoutingHandler channelRead
INFO: Detected non-HTTP/2 connection.
Nov 06, 2025 11:22:58 AM io.gapi.emulators.netty.HttpVersionRoutingHandler channelRead
INFO: Detected non-HTTP/2 connection.
Nov 06, 2025 11:22:58 AM com.google.cloud.datastore.emulator.impl.context.EmulatorAuthorization warnAboutSecuredJwt
WARNING: expected an unsecured JWT, the emulator does not validate JWTs and IS NOT SECURE
Nov 06, 2025 11:22:58 AM io.gapi.emulators.netty.HttpVersionRoutingHandler channelRead
INFO: Detected non-HTTP/2 connection.
Nov 06, 2025 11:22:58 AM io.gapi.emulators.netty.HttpVersionRoutingHandler channelRead
INFO: Detected non-HTTP/2 connection.
Nov 06, 2025 11:22:58 AM io.gapi.emulators.netty.HttpVersionRoutingHandler channelRead
INFO: Detected non-HTTP/2 connection.
Nov 06, 2025 11:22:58 AM io.gapi.emulators.netty.HttpVersionRoutingHandler channelRead
INFO: Detected non-HTTP/2 connection.
Nov 06, 2025 11:22:58 AM com.google.cloud.datastore.emulator.impl.context.EmulatorAuthorization warnAboutSecuredJwt
WARNING: expected an unsecured JWT, the emulator does not validate JWTs and IS NOT SECURE
Nov 06, 2025 11:22:58 AM io.gapi.emulators.netty.HttpVersionRoutingHandler channelRead
INFO: Detected non-HTTP/2 connection.
Nov 06, 2025 11:22:58 AM io.gapi.emulators.netty.HttpVersionRoutingHandler channelRead
INFO: Detected non-HTTP/2 connection.
Nov 06, 2025 11:22:58 AM io.gapi.emulators.netty.HttpVersionRoutingHandler channelRead
INFO: Detected non-HTTP/2 connection.
Nov 06, 2025 11:22:59 AM io.gapi.emulators.netty.HttpVersionRoutingHandler channelRead
INFO: Detected non-HTTP/2 connection.
Nov 06, 2025 11:22:59 AM com.google.cloud.datastore.emulator.impl.context.EmulatorAuthorization warnAboutSecuredJwt
WARNING: expected an unsecured JWT, the emulator does not validate JWTs and IS NOT SECURE
Nov 06, 2025 11:22:59 AM io.gapi.emulators.netty.HttpVersionRoutingHandler channelRead
INFO: Detected non-HTTP/2 connection.
Nov 06, 2025 11:22:59 AM io.gapi.emulators.netty.HttpVersionRoutingHandler channelRead
INFO: Detected non-HTTP/2 connection.
Nov 06, 2025 11:22:59 AM io.gapi.emulators.netty.HttpVersionRoutingHandler channelRead
INFO: Detected non-HTTP/2 connection.
Nov 06, 2025 11:22:59 AM io.gapi.emulators.netty.HttpVersionRoutingHandler channelRead
INFO: Detected non-HTTP/2 connection.
Nov 06, 2025 11:22:59 AM com.google.cloud.datastore.emulator.impl.context.EmulatorAuthorization warnAboutSecuredJwt
WARNING: expected an unsecured JWT, the emulator does not validate JWTs and IS NOT SECURE
Nov 06, 2025 11:22:59 AM io.gapi.emulators.netty.HttpVersionRoutingHandler channelRead
INFO: Detected non-HTTP/2 connection.
Nov 06, 2025 11:22:59 AM io.gapi.emulators.netty.HttpVersionRoutingHandler channelRead
INFO: Detected non-HTTP/2 connection.
Nov 06, 2025 11:22:59 AM io.gapi.emulators.netty.HttpVersionRoutingHandler channelRead
INFO: Detected non-HTTP/2 connection.
Nov 06, 2025 11:23:00 AM io.gapi.emulators.netty.HttpVersionRoutingHandler channelRead
INFO: Detected non-HTTP/2 connection.
Nov 06, 2025 11:23:00 AM com.google.cloud.datastore.emulator.impl.context.EmulatorAuthorization warnAboutSecuredJwt
WARNING: expected an unsecured JWT, the emulator does not validate JWTs and IS NOT SECURE
Nov 06, 2025 11:23:00 AM io.gapi.emulators.netty.HttpVersionRoutingHandler channelRead
INFO: Detected non-HTTP/2 connection.
Nov 06, 2025 11:23:00 AM io.gapi.emulators.netty.HttpVersionRoutingHandler channelRead
INFO: Detected non-HTTP/2 connection.
Nov 06, 2025 11:23:00 AM io.gapi.emulators.netty.HttpVersionRoutingHandler channelRead
INFO: Detected non-HTTP/2 connection.
Nov 06, 2025 11:23:00 AM io.gapi.emulators.netty.HttpVersionRoutingHandler channelRead
INFO: Detected non-HTTP/2 connection.
Nov 06, 2025 11:23:00 AM com.google.cloud.datastore.emulator.impl.context.EmulatorAuthorization warnAboutSecuredJwt
WARNING: expected an unsecured JWT, the emulator does not validate JWTs and IS NOT SECURE
Nov 06, 2025 11:23:00 AM io.gapi.emulators.netty.HttpVersionRoutingHandler channelRead
INFO: Detected non-HTTP/2 connection.
Nov 06, 2025 11:23:00 AM io.gapi.emulators.netty.HttpVersionRoutingHandler channelRead
INFO: Detected non-HTTP/2 connection.
Nov 06, 2025 11:23:00 AM io.gapi.emulators.netty.HttpVersionRoutingHandler channelRead
INFO: Detected non-HTTP/2 connection.
Nov 06, 2025 11:23:01 AM io.gapi.emulators.netty.HttpVersionRoutingHandler channelRead
INFO: Detected non-HTTP/2 connection.
Nov 06, 2025 11:23:01 AM com.google.cloud.datastore.emulator.impl.context.EmulatorAuthorization warnAboutSecuredJwt
WARNING: expected an unsecured JWT, the emulator does not validate JWTs and IS NOT SECURE
Nov 06, 2025 11:23:01 AM io.gapi.emulators.netty.HttpVersionRoutingHandler channelRead
INFO: Detected non-HTTP/2 connection.
Nov 06, 2025 11:23:01 AM io.gapi.emulators.netty.HttpVersionRoutingHandler channelRead
INFO: Detected non-HTTP/2 connection.
Nov 06, 2025 11:23:01 AM io.gapi.emulators.netty.HttpVersionRoutingHandler channelRead
INFO: Detected non-HTTP/2 connection.
Nov 06, 2025 11:23:01 AM io.gapi.emulators.netty.HttpVersionRoutingHandler channelRead
INFO: Detected non-HTTP/2 connection.
Nov 06, 2025 11:23:01 AM com.google.cloud.datastore.emulator.impl.context.EmulatorAuthorization warnAboutSecuredJwt
WARNING: expected an unsecured JWT, the emulator does not validate JWTs and IS NOT SECURE
Nov 06, 2025 11:23:01 AM io.gapi.emulators.netty.HttpVersionRoutingHandler channelRead
INFO: Detected non-HTTP/2 connection.
Nov 06, 2025 11:23:01 AM io.gapi.emulators.netty.HttpVersionRoutingHandler channelRead
INFO: Detected non-HTTP/2 connection.
Nov 06, 2025 11:23:01 AM io.gapi.emulators.netty.HttpVersionRoutingHandler channelRead
INFO: Detected non-HTTP/2 connection.
Nov 06, 2025 11:23:01 AM io.gapi.emulators.netty.HttpVersionRoutingHandler channelRead
INFO: Detected non-HTTP/2 connection.
Nov 06, 2025 11:23:01 AM com.google.cloud.datastore.emulator.impl.context.EmulatorAuthorization warnAboutSecuredJwt
WARNING: expected an unsecured JWT, the emulator does not validate JWTs and IS NOT SECURE
Nov 06, 2025 11:23:01 AM io.gapi.emulators.netty.HttpVersionRoutingHandler channelRead
INFO: Detected non-HTTP/2 connection.
Nov 06, 2025 11:23:01 AM io.gapi.emulators.netty.HttpVersionRoutingHandler channelRead
INFO: Detected non-HTTP/2 connection.
Nov 06, 2025 11:23:01 AM io.gapi.emulators.netty.HttpVersionRoutingHandler channelRead
INFO: Detected non-HTTP/2 connection.
Nov 06, 2025 11:23:02 AM io.gapi.emulators.netty.HttpVersionRoutingHandler channelRead
INFO: Detected non-HTTP/2 connection.
Nov 06, 2025 11:23:02 AM com.google.cloud.datastore.emulator.impl.context.EmulatorAuthorization warnAboutSecuredJwt
WARNING: expected an unsecured JWT, the emulator does not validate JWTs and IS NOT SECURE
Nov 06, 2025 11:23:02 AM io.gapi.emulators.netty.HttpVersionRoutingHandler channelRead
INFO: Detected non-HTTP/2 connection.
Nov 06, 2025 11:23:02 AM io.gapi.emulators.netty.HttpVersionRoutingHandler channelRead
INFO: Detected non-HTTP/2 connection.
Nov 06, 2025 11:23:02 AM io.gapi.emulators.netty.HttpVersionRoutingHandler channelRead
INFO: Detected non-HTTP/2 connection.
Nov 06, 2025 11:23:02 AM io.gapi.emulators.netty.HttpVersionRoutingHandler channelRead
INFO: Detected non-HTTP/2 connection.
Nov 06, 2025 11:23:02 AM com.google.cloud.datastore.emulator.impl.context.EmulatorAuthorization warnAboutSecuredJwt
WARNING: expected an unsecured JWT, the emulator does not validate JWTs and IS NOT SECURE
Nov 06, 2025 11:23:02 AM io.gapi.emulators.netty.HttpVersionRoutingHandler channelRead
INFO: Detected non-HTTP/2 connection.
Nov 06, 2025 11:23:02 AM io.gapi.emulators.netty.HttpVersionRoutingHandler channelRead
INFO: Detected non-HTTP/2 connection.
Nov 06, 2025 11:23:02 AM io.gapi.emulators.netty.HttpVersionRoutingHandler channelRead
INFO: Detected non-HTTP/2 connection.
Nov 06, 2025 11:23:03 AM io.gapi.emulators.netty.HttpVersionRoutingHandler channelRead
INFO: Detected non-HTTP/2 connection.
Nov 06, 2025 11:23:03 AM com.google.cloud.datastore.emulator.impl.context.EmulatorAuthorization warnAboutSecuredJwt
WARNING: expected an unsecured JWT, the emulator does not validate JWTs and IS NOT SECURE
Nov 06, 2025 11:23:03 AM io.gapi.emulators.netty.HttpVersionRoutingHandler channelRead
INFO: Detected non-HTTP/2 connection.
Nov 06, 2025 11:23:03 AM io.gapi.emulators.netty.HttpVersionRoutingHandler channelRead
INFO: Detected non-HTTP/2 connection.
Nov 06, 2025 11:23:03 AM io.gapi.emulators.netty.HttpVersionRoutingHandler channelRead
INFO: Detected non-HTTP/2 connection.
Nov 06, 2025 11:23:03 AM io.gapi.emulators.netty.HttpVersionRoutingHandler channelRead
INFO: Detected non-HTTP/2 connection.
Nov 06, 2025 11:23:03 AM com.google.cloud.datastore.emulator.impl.context.EmulatorAuthorization warnAboutSecuredJwt
WARNING: expected an unsecured JWT, the emulator does not validate JWTs and IS NOT SECURE
Nov 06, 2025 11:23:03 AM io.gapi.emulators.netty.HttpVersionRoutingHandler channelRead
INFO: Detected non-HTTP/2 connection.
Nov 06, 2025 11:23:03 AM io.gapi.emulators.netty.HttpVersionRoutingHandler channelRead
INFO: Detected non-HTTP/2 connection.
Nov 06, 2025 11:23:03 AM io.gapi.emulators.netty.HttpVersionRoutingHandler channelRead
INFO: Detected non-HTTP/2 connection.
Nov 06, 2025 11:23:03 AM io.gapi.emulators.netty.HttpVersionRoutingHandler channelRead
INFO: Detected non-HTTP/2 connection.
Nov 06, 2025 11:23:03 AM com.google.cloud.datastore.emulator.impl.context.EmulatorAuthorization warnAboutSecuredJwt
WARNING: expected an unsecured JWT, the emulator does not validate JWTs and IS NOT SECURE
Nov 06, 2025 11:23:04 AM io.gapi.emulators.netty.HttpVersionRoutingHandler channelRead
INFO: Detected non-HTTP/2 connection.
Nov 06, 2025 11:23:04 AM io.gapi.emulators.netty.HttpVersionRoutingHandler channelRead
INFO: Detected non-HTTP/2 connection.
Nov 06, 2025 11:23:04 AM io.gapi.emulators.netty.HttpVersionRoutingHandler channelRead
INFO: Detected non-HTTP/2 connection.
Nov 06, 2025 11:23:04 AM io.gapi.emulators.netty.HttpVersionRoutingHandler channelRead
INFO: Detected non-HTTP/2 connection.
Nov 06, 2025 11:23:04 AM com.google.cloud.datastore.emulator.impl.context.EmulatorAuthorization warnAboutSecuredJwt
WARNING: expected an unsecured JWT, the emulator does not validate JWTs and IS NOT SECURE
Nov 06, 2025 11:23:04 AM io.gapi.emulators.netty.HttpVersionRoutingHandler channelRead
INFO: Detected non-HTTP/2 connection.
Nov 06, 2025 11:23:04 AM io.gapi.emulators.netty.HttpVersionRoutingHandler channelRead
INFO: Detected non-HTTP/2 connection.
Nov 06, 2025 11:23:04 AM io.gapi.emulators.netty.HttpVersionRoutingHandler channelRead
INFO: Detected non-HTTP/2 connection.
Nov 06, 2025 11:23:04 AM io.gapi.emulators.netty.HttpVersionRoutingHandler channelRead
INFO: Detected non-HTTP/2 connection.
Nov 06, 2025 11:23:04 AM com.google.cloud.datastore.emulator.impl.context.EmulatorAuthorization warnAboutSecuredJwt
WARNING: expected an unsecured JWT, the emulator does not validate JWTs and IS NOT SECURE
Nov 06, 2025 11:23:04 AM io.gapi.emulators.netty.HttpVersionRoutingHandler channelRead
INFO: Detected non-HTTP/2 connection.
Nov 06, 2025 11:23:04 AM io.gapi.emulators.netty.HttpVersionRoutingHandler channelRead
INFO: Detected non-HTTP/2 connection.
Nov 06, 2025 11:23:04 AM io.gapi.emulators.netty.HttpVersionRoutingHandler channelRead
INFO: Detected non-HTTP/2 connection.
Nov 06, 2025 11:23:05 AM io.gapi.emulators.netty.HttpVersionRoutingHandler channelRead
INFO: Detected non-HTTP/2 connection.
Nov 06, 2025 11:23:05 AM com.google.cloud.datastore.emulator.impl.context.EmulatorAuthorization warnAboutSecuredJwt
WARNING: expected an unsecured JWT, the emulator does not validate JWTs and IS NOT SECURE
Nov 06, 2025 11:23:05 AM io.gapi.emulators.netty.HttpVersionRoutingHandler channelRead
INFO: Detected non-HTTP/2 connection.
Nov 06, 2025 11:23:05 AM io.gapi.emulators.netty.HttpVersionRoutingHandler channelRead
INFO: Detected non-HTTP/2 connection.
Nov 06, 2025 11:23:05 AM io.gapi.emulators.netty.HttpVersionRoutingHandler channelRead
INFO: Detected non-HTTP/2 connection.
Nov 06, 2025 11:23:05 AM io.gapi.emulators.netty.HttpVersionRoutingHandler channelRead
INFO: Detected non-HTTP/2 connection.
Nov 06, 2025 11:23:05 AM com.google.cloud.datastore.emulator.impl.context.EmulatorAuthorization warnAboutSecuredJwt
WARNING: expected an unsecured JWT, the emulator does not validate JWTs and IS NOT SECURE
Nov 06, 2025 11:23:05 AM io.gapi.emulators.netty.HttpVersionRoutingHandler channelRead
INFO: Detected non-HTTP/2 connection.
Nov 06, 2025 11:23:05 AM io.gapi.emulators.netty.HttpVersionRoutingHandler channelRead
INFO: Detected non-HTTP/2 connection.
Nov 06, 2025 11:23:05 AM io.gapi.emulators.netty.HttpVersionRoutingHandler channelRead
INFO: Detected non-HTTP/2 connection.
Nov 06, 2025 11:23:06 AM io.gapi.emulators.netty.HttpVersionRoutingHandler channelRead
INFO: Detected non-HTTP/2 connection.
Nov 06, 2025 11:23:06 AM com.google.cloud.datastore.emulator.impl.context.EmulatorAuthorization warnAboutSecuredJwt
WARNING: expected an unsecured JWT, the emulator does not validate JWTs and IS NOT SECURE
Nov 06, 2025 11:23:06 AM io.gapi.emulators.netty.HttpVersionRoutingHandler channelRead
INFO: Detected non-HTTP/2 connection.
Nov 06, 2025 11:23:06 AM io.gapi.emulators.netty.HttpVersionRoutingHandler channelRead
INFO: Detected non-HTTP/2 connection.
Nov 06, 2025 11:23:06 AM io.gapi.emulators.netty.HttpVersionRoutingHandler channelRead
INFO: Detected non-HTTP/2 connection.
Nov 06, 2025 11:23:07 AM io.gapi.emulators.netty.HttpVersionRoutingHandler channelRead
INFO: Detected non-HTTP/2 connection.
Nov 06, 2025 11:23:07 AM com.google.cloud.datastore.emulator.impl.context.EmulatorAuthorization warnAboutSecuredJwt
WARNING: expected an unsecured JWT, the emulator does not validate JWTs and IS NOT SECURE
Nov 06, 2025 11:23:07 AM io.gapi.emulators.netty.HttpVersionRoutingHandler channelRead
INFO: Detected non-HTTP/2 connection.
Nov 06, 2025 11:23:07 AM io.gapi.emulators.netty.HttpVersionRoutingHandler channelRead
INFO: Detected non-HTTP/2 connection.
Nov 06, 2025 11:23:07 AM io.gapi.emulators.netty.HttpVersionRoutingHandler channelRead
INFO: Detected non-HTTP/2 connection.
Nov 06, 2025 11:23:07 AM io.gapi.emulators.netty.HttpVersionRoutingHandler channelRead
INFO: Detected non-HTTP/2 connection.
Nov 06, 2025 11:23:07 AM com.google.cloud.datastore.emulator.impl.context.EmulatorAuthorization warnAboutSecuredJwt
WARNING: expected an unsecured JWT, the emulator does not validate JWTs and IS NOT SECURE
Nov 06, 2025 11:23:07 AM io.gapi.emulators.netty.HttpVersionRoutingHandler channelRead
INFO: Detected non-HTTP/2 connection.
Nov 06, 2025 11:23:07 AM io.gapi.emulators.netty.HttpVersionRoutingHandler channelRead
INFO: Detected non-HTTP/2 connection.
Nov 06, 2025 11:23:07 AM io.gapi.emulators.netty.HttpVersionRoutingHandler channelRead
INFO: Detected non-HTTP/2 connection.
Nov 06, 2025 11:23:08 AM io.gapi.emulators.netty.HttpVersionRoutingHandler channelRead
INFO: Detected non-HTTP/2 connection.
Nov 06, 2025 11:23:08 AM com.google.cloud.datastore.emulator.impl.context.EmulatorAuthorization warnAboutSecuredJwt
WARNING: expected an unsecured JWT, the emulator does not validate JWTs and IS NOT SECURE
Nov 06, 2025 11:23:08 AM io.gapi.emulators.netty.HttpVersionRoutingHandler channelRead
INFO: Detected non-HTTP/2 connection.
Nov 06, 2025 11:23:08 AM io.gapi.emulators.netty.HttpVersionRoutingHandler channelRead
INFO: Detected non-HTTP/2 connection.
Nov 06, 2025 11:23:08 AM io.gapi.emulators.netty.HttpVersionRoutingHandler channelRead
INFO: Detected non-HTTP/2 connection.
Nov 06, 2025 11:23:08 AM io.gapi.emulators.netty.HttpVersionRoutingHandler channelRead
INFO: Detected non-HTTP/2 connection.
Nov 06, 2025 11:23:08 AM com.google.cloud.datastore.emulator.impl.context.EmulatorAuthorization warnAboutSecuredJwt
WARNING: expected an unsecured JWT, the emulator does not validate JWTs and IS NOT SECURE
Nov 06, 2025 11:23:08 AM io.gapi.emulators.netty.HttpVersionRoutingHandler channelRead
INFO: Detected non-HTTP/2 connection.
Nov 06, 2025 11:23:08 AM io.gapi.emulators.netty.HttpVersionRoutingHandler channelRead
INFO: Detected non-HTTP/2 connection.
Nov 06, 2025 11:23:08 AM io.gapi.emulators.netty.HttpVersionRoutingHandler channelRead
INFO: Detected non-HTTP/2 connection.
Nov 06, 2025 11:23:09 AM io.gapi.emulators.netty.HttpVersionRoutingHandler channelRead
INFO: Detected non-HTTP/2 connection.
Nov 06, 2025 11:23:09 AM com.google.cloud.datastore.emulator.impl.context.EmulatorAuthorization warnAboutSecuredJwt
WARNING: expected an unsecured JWT, the emulator does not validate JWTs and IS NOT SECURE
Nov 06, 2025 11:23:09 AM io.gapi.emulators.netty.HttpVersionRoutingHandler channelRead
INFO: Detected non-HTTP/2 connection.
Nov 06, 2025 11:23:09 AM io.gapi.emulators.netty.HttpVersionRoutingHandler channelRead
INFO: Detected non-HTTP/2 connection.
Nov 06, 2025 11:23:09 AM io.gapi.emulators.netty.HttpVersionRoutingHandler channelRead
INFO: Detected non-HTTP/2 connection.
Nov 06, 2025 11:23:09 AM io.gapi.emulators.netty.HttpVersionRoutingHandler channelRead
INFO: Detected non-HTTP/2 connection.
Nov 06, 2025 11:23:09 AM com.google.cloud.datastore.emulator.impl.context.EmulatorAuthorization warnAboutSecuredJwt
WARNING: expected an unsecured JWT, the emulator does not validate JWTs and IS NOT SECURE
Nov 06, 2025 11:23:09 AM io.gapi.emulators.netty.HttpVersionRoutingHandler channelRead
INFO: Detected non-HTTP/2 connection.
Nov 06, 2025 11:23:09 AM io.gapi.emulators.netty.HttpVersionRoutingHandler channelRead
INFO: Detected non-HTTP/2 connection.
Nov 06, 2025 11:23:09 AM io.gapi.emulators.netty.HttpVersionRoutingHandler channelRead
INFO: Detected non-HTTP/2 connection.
Nov 06, 2025 11:23:09 AM io.gapi.emulators.netty.HttpVersionRoutingHandler channelRead
INFO: Detected non-HTTP/2 connection.
Nov 06, 2025 11:23:09 AM com.google.cloud.datastore.emulator.impl.context.EmulatorAuthorization warnAboutSecuredJwt
WARNING: expected an unsecured JWT, the emulator does not validate JWTs and IS NOT SECURE
Nov 06, 2025 11:23:10 AM io.gapi.emulators.netty.HttpVersionRoutingHandler channelRead
INFO: Detected non-HTTP/2 connection.
Nov 06, 2025 11:23:10 AM io.gapi.emulators.netty.HttpVersionRoutingHandler channelRead
INFO: Detected non-HTTP/2 connection.
Nov 06, 2025 11:23:10 AM io.gapi.emulators.netty.HttpVersionRoutingHandler channelRead
INFO: Detected non-HTTP/2 connection.
Nov 06, 2025 11:23:10 AM io.gapi.emulators.netty.HttpVersionRoutingHandler channelRead
INFO: Detected non-HTTP/2 connection.
Nov 06, 2025 11:23:10 AM com.google.cloud.datastore.emulator.impl.context.EmulatorAuthorization warnAboutSecuredJwt
WARNING: expected an unsecured JWT, the emulator does not validate JWTs and IS NOT SECURE
Nov 06, 2025 11:23:10 AM io.gapi.emulators.netty.HttpVersionRoutingHandler channelRead
INFO: Detected non-HTTP/2 connection.
Nov 06, 2025 11:23:10 AM io.gapi.emulators.netty.HttpVersionRoutingHandler channelRead
INFO: Detected non-HTTP/2 connection.
Nov 06, 2025 11:23:10 AM io.gapi.emulators.netty.HttpVersionRoutingHandler channelRead
INFO: Detected non-HTTP/2 connection.
Nov 06, 2025 11:23:10 AM io.gapi.emulators.netty.HttpVersionRoutingHandler channelRead
INFO: Detected non-HTTP/2 connection.
Nov 06, 2025 11:23:10 AM com.google.cloud.datastore.emulator.impl.context.EmulatorAuthorization warnAboutSecuredJwt
WARNING: expected an unsecured JWT, the emulator does not validate JWTs and IS NOT SECURE
Nov 06, 2025 11:23:10 AM io.gapi.emulators.netty.HttpVersionRoutingHandler channelRead
INFO: Detected non-HTTP/2 connection.
Nov 06, 2025 11:23:10 AM io.gapi.emulators.netty.HttpVersionRoutingHandler channelRead
INFO: Detected non-HTTP/2 connection.
Nov 06, 2025 11:23:10 AM io.gapi.emulators.netty.HttpVersionRoutingHandler channelRead
INFO: Detected non-HTTP/2 connection.
Nov 06, 2025 11:23:11 AM io.gapi.emulators.netty.HttpVersionRoutingHandler channelRead
INFO: Detected non-HTTP/2 connection.
Nov 06, 2025 11:23:11 AM com.google.cloud.datastore.emulator.impl.context.EmulatorAuthorization warnAboutSecuredJwt
WARNING: expected an unsecured JWT, the emulator does not validate JWTs and IS NOT SECURE
Nov 06, 2025 11:23:11 AM io.gapi.emulators.netty.HttpVersionRoutingHandler channelRead
INFO: Detected non-HTTP/2 connection.
Nov 06, 2025 11:23:11 AM io.gapi.emulators.netty.HttpVersionRoutingHandler channelRead
INFO: Detected non-HTTP/2 connection.
Nov 06, 2025 11:23:11 AM io.gapi.emulators.netty.HttpVersionRoutingHandler channelRead
INFO: Detected non-HTTP/2 connection.
Nov 06, 2025 11:23:11 AM io.gapi.emulators.netty.HttpVersionRoutingHandler channelRead
INFO: Detected non-HTTP/2 connection.
Nov 06, 2025 11:23:11 AM com.google.cloud.datastore.emulator.impl.context.EmulatorAuthorization warnAboutSecuredJwt
WARNING: expected an unsecured JWT, the emulator does not validate JWTs and IS NOT SECURE
Nov 06, 2025 11:23:11 AM io.gapi.emulators.netty.HttpVersionRoutingHandler channelRead
INFO: Detected non-HTTP/2 connection.
Nov 06, 2025 11:23:11 AM io.gapi.emulators.netty.HttpVersionRoutingHandler channelRead
INFO: Detected non-HTTP/2 connection.
Nov 06, 2025 11:23:11 AM io.gapi.emulators.netty.HttpVersionRoutingHandler channelRead
INFO: Detected non-HTTP/2 connection.
Nov 06, 2025 11:23:12 AM io.gapi.emulators.netty.HttpVersionRoutingHandler channelRead
INFO: Detected non-HTTP/2 connection.
Nov 06, 2025 11:23:12 AM com.google.cloud.datastore.emulator.impl.context.EmulatorAuthorization warnAboutSecuredJwt
WARNING: expected an unsecured JWT, the emulator does not validate JWTs and IS NOT SECURE
Nov 06, 2025 11:23:12 AM io.gapi.emulators.netty.HttpVersionRoutingHandler channelRead
INFO: Detected non-HTTP/2 connection.
Nov 06, 2025 11:23:12 AM io.gapi.emulators.netty.HttpVersionRoutingHandler channelRead
INFO: Detected non-HTTP/2 connection.
Nov 06, 2025 11:23:12 AM io.gapi.emulators.netty.HttpVersionRoutingHandler channelRead
INFO: Detected non-HTTP/2 connection.
Nov 06, 2025 11:23:12 AM io.gapi.emulators.netty.HttpVersionRoutingHandler channelRead
INFO: Detected non-HTTP/2 connection.
Nov 06, 2025 11:23:12 AM com.google.cloud.datastore.emulator.impl.context.EmulatorAuthorization warnAboutSecuredJwt
WARNING: expected an unsecured JWT, the emulator does not validate JWTs and IS NOT SECURE
Nov 06, 2025 11:23:12 AM io.gapi.emulators.netty.HttpVersionRoutingHandler channelRead
INFO: Detected non-HTTP/2 connection.
Nov 06, 2025 11:23:12 AM io.gapi.emulators.netty.HttpVersionRoutingHandler channelRead
INFO: Detected non-HTTP/2 connection.
Nov 06, 2025 11:23:12 AM io.gapi.emulators.netty.HttpVersionRoutingHandler channelRead
INFO: Detected non-HTTP/2 connection.
Nov 06, 2025 11:23:12 AM io.gapi.emulators.netty.HttpVersionRoutingHandler channelRead
INFO: Detected non-HTTP/2 connection.
Nov 06, 2025 11:23:12 AM com.google.cloud.datastore.emulator.impl.context.EmulatorAuthorization warnAboutSecuredJwt
WARNING: expected an unsecured JWT, the emulator does not validate JWTs and IS NOT SECURE
Nov 06, 2025 11:23:12 AM io.gapi.emulators.netty.HttpVersionRoutingHandler channelRead
INFO: Detected non-HTTP/2 connection.
Nov 06, 2025 11:23:12 AM io.gapi.emulators.netty.HttpVersionRoutingHandler channelRead
INFO: Detected non-HTTP/2 connection.
Nov 06, 2025 11:23:12 AM io.gapi.emulators.netty.HttpVersionRoutingHandler channelRead
INFO: Detected non-HTTP/2 connection.
Nov 06, 2025 11:23:13 AM io.gapi.emulators.netty.HttpVersionRoutingHandler channelRead
INFO: Detected non-HTTP/2 connection.
Nov 06, 2025 11:23:13 AM com.google.cloud.datastore.emulator.impl.context.EmulatorAuthorization warnAboutSecuredJwt
WARNING: expected an unsecured JWT, the emulator does not validate JWTs and IS NOT SECURE
Nov 06, 2025 11:23:13 AM io.gapi.emulators.netty.HttpVersionRoutingHandler channelRead
INFO: Detected non-HTTP/2 connection.
Nov 06, 2025 11:23:13 AM io.gapi.emulators.netty.HttpVersionRoutingHandler channelRead
INFO: Detected non-HTTP/2 connection.
Nov 06, 2025 11:23:13 AM io.gapi.emulators.netty.HttpVersionRoutingHandler channelRead
INFO: Detected non-HTTP/2 connection.
Nov 06, 2025 11:23:13 AM io.gapi.emulators.netty.HttpVersionRoutingHandler channelRead
INFO: Detected non-HTTP/2 connection.
Nov 06, 2025 11:23:13 AM com.google.cloud.datastore.emulator.impl.context.EmulatorAuthorization warnAboutSecuredJwt
WARNING: expected an unsecured JWT, the emulator does not validate JWTs and IS NOT SECURE
Nov 06, 2025 11:23:13 AM io.gapi.emulators.netty.HttpVersionRoutingHandler channelRead
INFO: Detected non-HTTP/2 connection.
Nov 06, 2025 11:23:13 AM io.gapi.emulators.netty.HttpVersionRoutingHandler channelRead
INFO: Detected non-HTTP/2 connection.
Nov 06, 2025 11:23:13 AM io.gapi.emulators.netty.HttpVersionRoutingHandler channelRead
INFO: Detected non-HTTP/2 connection.
Nov 06, 2025 11:23:14 AM io.gapi.emulators.netty.HttpVersionRoutingHandler channelRead
INFO: Detected non-HTTP/2 connection.
Nov 06, 2025 11:23:14 AM com.google.cloud.datastore.emulator.impl.context.EmulatorAuthorization warnAboutSecuredJwt
WARNING: expected an unsecured JWT, the emulator does not validate JWTs and IS NOT SECURE
Nov 06, 2025 11:23:14 AM io.gapi.emulators.netty.HttpVersionRoutingHandler channelRead
INFO: Detected non-HTTP/2 connection.
Nov 06, 2025 11:23:14 AM io.gapi.emulators.netty.HttpVersionRoutingHandler channelRead
INFO: Detected non-HTTP/2 connection.
Nov 06, 2025 11:23:14 AM io.gapi.emulators.netty.HttpVersionRoutingHandler channelRead
INFO: Detected non-HTTP/2 connection.
Nov 06, 2025 11:23:14 AM io.gapi.emulators.netty.HttpVersionRoutingHandler channelRead
INFO: Detected non-HTTP/2 connection.
Nov 06, 2025 11:23:14 AM com.google.cloud.datastore.emulator.impl.context.EmulatorAuthorization warnAboutSecuredJwt
WARNING: expected an unsecured JWT, the emulator does not validate JWTs and IS NOT SECURE
Nov 06, 2025 11:23:14 AM io.gapi.emulators.netty.HttpVersionRoutingHandler channelRead
INFO: Detected non-HTTP/2 connection.
Nov 06, 2025 11:23:14 AM io.gapi.emulators.netty.HttpVersionRoutingHandler channelRead
INFO: Detected non-HTTP/2 connection.
Nov 06, 2025 11:23:14 AM io.gapi.emulators.netty.HttpVersionRoutingHandler channelRead
INFO: Detected non-HTTP/2 connection.
Nov 06, 2025 11:23:15 AM io.gapi.emulators.netty.HttpVersionRoutingHandler channelRead
INFO: Detected non-HTTP/2 connection.
Nov 06, 2025 11:23:15 AM com.google.cloud.datastore.emulator.impl.context.EmulatorAuthorization warnAboutSecuredJwt
WARNING: expected an unsecured JWT, the emulator does not validate JWTs and IS NOT SECURE
Nov 06, 2025 11:23:15 AM io.gapi.emulators.netty.HttpVersionRoutingHandler channelRead
INFO: Detected non-HTTP/2 connection.
Nov 06, 2025 11:23:15 AM io.gapi.emulators.netty.HttpVersionRoutingHandler channelRead
INFO: Detected non-HTTP/2 connection.
Nov 06, 2025 11:23:15 AM io.gapi.emulators.netty.HttpVersionRoutingHandler channelRead
INFO: Detected non-HTTP/2 connection.
Nov 06, 2025 11:23:15 AM io.gapi.emulators.netty.HttpVersionRoutingHandler channelRead
INFO: Detected non-HTTP/2 connection.
Nov 06, 2025 11:23:15 AM com.google.cloud.datastore.emulator.impl.context.EmulatorAuthorization warnAboutSecuredJwt
WARNING: expected an unsecured JWT, the emulator does not validate JWTs and IS NOT SECURE
Nov 06, 2025 11:23:15 AM io.gapi.emulators.netty.HttpVersionRoutingHandler channelRead
INFO: Detected non-HTTP/2 connection.
Nov 06, 2025 11:23:15 AM io.gapi.emulators.netty.HttpVersionRoutingHandler channelRead
INFO: Detected non-HTTP/2 connection.
Nov 06, 2025 11:23:15 AM io.gapi.emulators.netty.HttpVersionRoutingHandler channelRead
INFO: Detected non-HTTP/2 connection.
Nov 06, 2025 11:23:16 AM io.gapi.emulators.netty.HttpVersionRoutingHandler channelRead
INFO: Detected non-HTTP/2 connection.
Nov 06, 2025 11:23:16 AM com.google.cloud.datastore.emulator.impl.context.EmulatorAuthorization warnAboutSecuredJwt
WARNING: expected an unsecured JWT, the emulator does not validate JWTs and IS NOT SECURE
Nov 06, 2025 11:23:16 AM io.gapi.emulators.netty.HttpVersionRoutingHandler channelRead
INFO: Detected non-HTTP/2 connection.
Nov 06, 2025 11:23:16 AM io.gapi.emulators.netty.HttpVersionRoutingHandler channelRead
INFO: Detected non-HTTP/2 connection.
Nov 06, 2025 11:23:16 AM io.gapi.emulators.netty.HttpVersionRoutingHandler channelRead
INFO: Detected non-HTTP/2 connection.
Nov 06, 2025 11:23:16 AM io.gapi.emulators.netty.HttpVersionRoutingHandler channelRead
INFO: Detected non-HTTP/2 connection.
Nov 06, 2025 11:23:16 AM com.google.cloud.datastore.emulator.impl.context.EmulatorAuthorization warnAboutSecuredJwt
WARNING: expected an unsecured JWT, the emulator does not validate JWTs and IS NOT SECURE
Nov 06, 2025 11:23:16 AM io.gapi.emulators.netty.HttpVersionRoutingHandler channelRead
INFO: Detected non-HTTP/2 connection.
Nov 06, 2025 11:23:16 AM io.gapi.emulators.netty.HttpVersionRoutingHandler channelRead
INFO: Detected non-HTTP/2 connection.
Nov 06, 2025 11:23:16 AM io.gapi.emulators.netty.HttpVersionRoutingHandler channelRead
INFO: Detected non-HTTP/2 connection.
Nov 06, 2025 11:23:17 AM io.gapi.emulators.netty.HttpVersionRoutingHandler channelRead
INFO: Detected non-HTTP/2 connection.
Nov 06, 2025 11:23:17 AM com.google.cloud.datastore.emulator.impl.context.EmulatorAuthorization warnAboutSecuredJwt
WARNING: expected an unsecured JWT, the emulator does not validate JWTs and IS NOT SECURE
Nov 06, 2025 11:23:17 AM io.gapi.emulators.netty.HttpVersionRoutingHandler channelRead
INFO: Detected non-HTTP/2 connection.
Nov 06, 2025 11:23:17 AM io.gapi.emulators.netty.HttpVersionRoutingHandler channelRead
INFO: Detected non-HTTP/2 connection.
Nov 06, 2025 11:23:17 AM io.gapi.emulators.netty.HttpVersionRoutingHandler channelRead
INFO: Detected non-HTTP/2 connection.
Nov 06, 2025 11:23:17 AM io.gapi.emulators.netty.HttpVersionRoutingHandler channelRead
INFO: Detected non-HTTP/2 connection.
Nov 06, 2025 11:23:17 AM com.google.cloud.datastore.emulator.impl.context.EmulatorAuthorization warnAboutSecuredJwt
WARNING: expected an unsecured JWT, the emulator does not validate JWTs and IS NOT SECURE
Nov 06, 2025 11:23:17 AM io.gapi.emulators.netty.HttpVersionRoutingHandler channelRead
INFO: Detected non-HTTP/2 connection.
Nov 06, 2025 11:23:17 AM io.gapi.emulators.netty.HttpVersionRoutingHandler channelRead
INFO: Detected non-HTTP/2 connection.
Nov 06, 2025 11:23:17 AM io.gapi.emulators.netty.HttpVersionRoutingHandler channelRead
INFO: Detected non-HTTP/2 connection.
Nov 06, 2025 11:23:18 AM io.gapi.emulators.netty.HttpVersionRoutingHandler channelRead
INFO: Detected non-HTTP/2 connection.
Nov 06, 2025 11:23:18 AM com.google.cloud.datastore.emulator.impl.context.EmulatorAuthorization warnAboutSecuredJwt
WARNING: expected an unsecured JWT, the emulator does not validate JWTs and IS NOT SECURE
Nov 06, 2025 11:23:18 AM io.gapi.emulators.netty.HttpVersionRoutingHandler channelRead
INFO: Detected non-HTTP/2 connection.
Nov 06, 2025 11:23:18 AM io.gapi.emulators.netty.HttpVersionRoutingHandler channelRead
INFO: Detected non-HTTP/2 connection.
Nov 06, 2025 11:23:18 AM io.gapi.emulators.netty.HttpVersionRoutingHandler channelRead
INFO: Detected non-HTTP/2 connection.
Nov 06, 2025 11:23:18 AM io.gapi.emulators.netty.HttpVersionRoutingHandler channelRead
INFO: Detected non-HTTP/2 connection.
Nov 06, 2025 11:23:18 AM com.google.cloud.datastore.emulator.impl.context.EmulatorAuthorization warnAboutSecuredJwt
WARNING: expected an unsecured JWT, the emulator does not validate JWTs and IS NOT SECURE
Nov 06, 2025 11:23:18 AM io.gapi.emulators.netty.HttpVersionRoutingHandler channelRead
INFO: Detected non-HTTP/2 connection.
Nov 06, 2025 11:23:18 AM io.gapi.emulators.netty.HttpVersionRoutingHandler channelRead
INFO: Detected non-HTTP/2 connection.
Nov 06, 2025 11:23:18 AM io.gapi.emulators.netty.HttpVersionRoutingHandler channelRead
INFO: Detected non-HTTP/2 connection.
Nov 06, 2025 11:23:18 AM io.gapi.emulators.netty.HttpVersionRoutingHandler channelRead
INFO: Detected non-HTTP/2 connection.
Nov 06, 2025 11:23:18 AM com.google.cloud.datastore.emulator.impl.context.EmulatorAuthorization warnAboutSecuredJwt
WARNING: expected an unsecured JWT, the emulator does not validate JWTs and IS NOT SECURE
Nov 06, 2025 11:23:18 AM io.gapi.emulators.netty.HttpVersionRoutingHandler channelRead
INFO: Detected non-HTTP/2 connection.
Nov 06, 2025 11:23:18 AM io.gapi.emulators.netty.HttpVersionRoutingHandler channelRead
INFO: Detected non-HTTP/2 connection.
Nov 06, 2025 11:23:18 AM io.gapi.emulators.netty.HttpVersionRoutingHandler channelRead
INFO: Detected non-HTTP/2 connection.
Nov 06, 2025 11:23:19 AM io.gapi.emulators.netty.HttpVersionRoutingHandler channelRead
INFO: Detected non-HTTP/2 connection.
Nov 06, 2025 11:23:19 AM com.google.cloud.datastore.emulator.impl.context.EmulatorAuthorization warnAboutSecuredJwt
WARNING: expected an unsecured JWT, the emulator does not validate JWTs and IS NOT SECURE
Nov 06, 2025 11:23:19 AM io.gapi.emulators.netty.HttpVersionRoutingHandler channelRead
INFO: Detected non-HTTP/2 connection.
Nov 06, 2025 11:23:19 AM io.gapi.emulators.netty.HttpVersionRoutingHandler channelRead
INFO: Detected non-HTTP/2 connection.
Nov 06, 2025 11:23:19 AM io.gapi.emulators.netty.HttpVersionRoutingHandler channelRead
INFO: Detected non-HTTP/2 connection.
Nov 06, 2025 11:23:19 AM io.gapi.emulators.netty.HttpVersionRoutingHandler channelRead
INFO: Detected non-HTTP/2 connection.
Nov 06, 2025 11:23:19 AM com.google.cloud.datastore.emulator.impl.context.EmulatorAuthorization warnAboutSecuredJwt
WARNING: expected an unsecured JWT, the emulator does not validate JWTs and IS NOT SECURE
Nov 06, 2025 11:23:19 AM io.gapi.emulators.netty.HttpVersionRoutingHandler channelRead
INFO: Detected non-HTTP/2 connection.
Nov 06, 2025 11:23:19 AM io.gapi.emulators.netty.HttpVersionRoutingHandler channelRead
INFO: Detected non-HTTP/2 connection.
Nov 06, 2025 11:23:19 AM io.gapi.emulators.netty.HttpVersionRoutingHandler channelRead
INFO: Detected non-HTTP/2 connection.
Nov 06, 2025 11:23:20 AM io.gapi.emulators.netty.HttpVersionRoutingHandler channelRead
INFO: Detected non-HTTP/2 connection.
Nov 06, 2025 11:23:20 AM com.google.cloud.datastore.emulator.impl.context.EmulatorAuthorization warnAboutSecuredJwt
WARNING: expected an unsecured JWT, the emulator does not validate JWTs and IS NOT SECURE
Nov 06, 2025 11:23:20 AM io.gapi.emulators.netty.HttpVersionRoutingHandler channelRead
INFO: Detected non-HTTP/2 connection.
Nov 06, 2025 11:23:20 AM io.gapi.emulators.netty.HttpVersionRoutingHandler channelRead
INFO: Detected non-HTTP/2 connection.
Nov 06, 2025 11:23:20 AM io.gapi.emulators.netty.HttpVersionRoutingHandler channelRead
INFO: Detected non-HTTP/2 connection.
Nov 06, 2025 11:23:20 AM io.gapi.emulators.netty.HttpVersionRoutingHandler channelRead
INFO: Detected non-HTTP/2 connection.
Nov 06, 2025 11:23:20 AM com.google.cloud.datastore.emulator.impl.context.EmulatorAuthorization warnAboutSecuredJwt
WARNING: expected an unsecured JWT, the emulator does not validate JWTs and IS NOT SECURE
Nov 06, 2025 11:23:20 AM io.gapi.emulators.netty.HttpVersionRoutingHandler channelRead
INFO: Detected non-HTTP/2 connection.
Nov 06, 2025 11:23:20 AM io.gapi.emulators.netty.HttpVersionRoutingHandler channelRead
INFO: Detected non-HTTP/2 connection.
Nov 06, 2025 11:23:20 AM io.gapi.emulators.netty.HttpVersionRoutingHandler channelRead
INFO: Detected non-HTTP/2 connection.
Nov 06, 2025 11:23:21 AM io.gapi.emulators.netty.HttpVersionRoutingHandler channelRead
INFO: Detected non-HTTP/2 connection.
Nov 06, 2025 11:23:21 AM com.google.cloud.datastore.emulator.impl.context.EmulatorAuthorization warnAboutSecuredJwt
WARNING: expected an unsecured JWT, the emulator does not validate JWTs and IS NOT SECURE
Nov 06, 2025 11:23:21 AM io.gapi.emulators.netty.HttpVersionRoutingHandler channelRead
INFO: Detected non-HTTP/2 connection.
Nov 06, 2025 11:23:21 AM io.gapi.emulators.netty.HttpVersionRoutingHandler channelRead
INFO: Detected non-HTTP/2 connection.
Nov 06, 2025 11:23:21 AM io.gapi.emulators.netty.HttpVersionRoutingHandler channelRead
INFO: Detected non-HTTP/2 connection.
Nov 06, 2025 11:23:21 AM io.gapi.emulators.netty.HttpVersionRoutingHandler channelRead
INFO: Detected non-HTTP/2 connection.
Nov 06, 2025 11:23:21 AM com.google.cloud.datastore.emulator.impl.context.EmulatorAuthorization warnAboutSecuredJwt
WARNING: expected an unsecured JWT, the emulator does not validate JWTs and IS NOT SECURE
Nov 06, 2025 11:23:21 AM io.gapi.emulators.netty.HttpVersionRoutingHandler channelRead
INFO: Detected non-HTTP/2 connection.
Nov 06, 2025 11:23:21 AM io.gapi.emulators.netty.HttpVersionRoutingHandler channelRead
INFO: Detected non-HTTP/2 connection.
Nov 06, 2025 11:23:21 AM io.gapi.emulators.netty.HttpVersionRoutingHandler channelRead
INFO: Detected non-HTTP/2 connection.
Nov 06, 2025 11:23:22 AM io.gapi.emulators.netty.HttpVersionRoutingHandler channelRead
INFO: Detected non-HTTP/2 connection.
Nov 06, 2025 11:23:22 AM com.google.cloud.datastore.emulator.impl.context.EmulatorAuthorization warnAboutSecuredJwt
WARNING: expected an unsecured JWT, the emulator does not validate JWTs and IS NOT SECURE
Nov 06, 2025 11:23:22 AM io.gapi.emulators.netty.HttpVersionRoutingHandler channelRead
INFO: Detected non-HTTP/2 connection.
Nov 06, 2025 11:23:22 AM io.gapi.emulators.netty.HttpVersionRoutingHandler channelRead
INFO: Detected non-HTTP/2 connection.
Nov 06, 2025 11:23:22 AM io.gapi.emulators.netty.HttpVersionRoutingHandler channelRead
INFO: Detected non-HTTP/2 connection.
Nov 06, 2025 11:23:22 AM io.gapi.emulators.netty.HttpVersionRoutingHandler channelRead
INFO: Detected non-HTTP/2 connection.
Nov 06, 2025 11:23:22 AM com.google.cloud.datastore.emulator.impl.context.EmulatorAuthorization warnAboutSecuredJwt
WARNING: expected an unsecured JWT, the emulator does not validate JWTs and IS NOT SECURE
Nov 06, 2025 11:23:22 AM io.gapi.emulators.netty.HttpVersionRoutingHandler channelRead
INFO: Detected non-HTTP/2 connection.
Nov 06, 2025 11:23:22 AM io.gapi.emulators.netty.HttpVersionRoutingHandler channelRead
INFO: Detected non-HTTP/2 connection.
Nov 06, 2025 11:23:22 AM io.gapi.emulators.netty.HttpVersionRoutingHandler channelRead
INFO: Detected non-HTTP/2 connection.
Nov 06, 2025 11:23:23 AM io.gapi.emulators.netty.HttpVersionRoutingHandler channelRead
INFO: Detected non-HTTP/2 connection.
Nov 06, 2025 11:23:23 AM com.google.cloud.datastore.emulator.impl.context.EmulatorAuthorization warnAboutSecuredJwt
WARNING: expected an unsecured JWT, the emulator does not validate JWTs and IS NOT SECURE
Nov 06, 2025 11:23:23 AM io.gapi.emulators.netty.HttpVersionRoutingHandler channelRead
INFO: Detected non-HTTP/2 connection.
Nov 06, 2025 11:23:23 AM io.gapi.emulators.netty.HttpVersionRoutingHandler channelRead
INFO: Detected non-HTTP/2 connection.
Nov 06, 2025 11:23:23 AM io.gapi.emulators.netty.HttpVersionRoutingHandler channelRead
INFO: Detected non-HTTP/2 connection.
Nov 06, 2025 11:23:23 AM io.gapi.emulators.netty.HttpVersionRoutingHandler channelRead
INFO: Detected non-HTTP/2 connection.
Nov 06, 2025 11:23:23 AM com.google.cloud.datastore.emulator.impl.context.EmulatorAuthorization warnAboutSecuredJwt
WARNING: expected an unsecured JWT, the emulator does not validate JWTs and IS NOT SECURE
Nov 06, 2025 11:23:23 AM io.gapi.emulators.netty.HttpVersionRoutingHandler channelRead
INFO: Detected non-HTTP/2 connection.
Nov 06, 2025 11:23:23 AM io.gapi.emulators.netty.HttpVersionRoutingHandler channelRead
INFO: Detected non-HTTP/2 connection.
Nov 06, 2025 11:23:23 AM io.gapi.emulators.netty.HttpVersionRoutingHandler channelRead
INFO: Detected non-HTTP/2 connection.
Nov 06, 2025 11:23:24 AM io.gapi.emulators.netty.HttpVersionRoutingHandler channelRead
INFO: Detected non-HTTP/2 connection.
Nov 06, 2025 11:23:24 AM com.google.cloud.datastore.emulator.impl.context.EmulatorAuthorization warnAboutSecuredJwt
WARNING: expected an unsecured JWT, the emulator does not validate JWTs and IS NOT SECURE
Nov 06, 2025 11:23:24 AM io.gapi.emulators.netty.HttpVersionRoutingHandler channelRead
INFO: Detected non-HTTP/2 connection.
Nov 06, 2025 11:23:24 AM io.gapi.emulators.netty.HttpVersionRoutingHandler channelRead
INFO: Detected non-HTTP/2 connection.
Nov 06, 2025 11:23:24 AM io.gapi.emulators.netty.HttpVersionRoutingHandler channelRead
INFO: Detected non-HTTP/2 connection.
Nov 06, 2025 11:23:24 AM io.gapi.emulators.netty.HttpVersionRoutingHandler channelRead
INFO: Detected non-HTTP/2 connection.
Nov 06, 2025 11:23:24 AM com.google.cloud.datastore.emulator.impl.context.EmulatorAuthorization warnAboutSecuredJwt
WARNING: expected an unsecured JWT, the emulator does not validate JWTs and IS NOT SECURE
Nov 06, 2025 11:23:24 AM io.gapi.emulators.netty.HttpVersionRoutingHandler channelRead
INFO: Detected non-HTTP/2 connection.
Nov 06, 2025 11:23:24 AM io.gapi.emulators.netty.HttpVersionRoutingHandler channelRead
INFO: Detected non-HTTP/2 connection.
Nov 06, 2025 11:23:24 AM io.gapi.emulators.netty.HttpVersionRoutingHandler channelRead
INFO: Detected non-HTTP/2 connection.
Nov 06, 2025 11:23:25 AM io.gapi.emulators.netty.HttpVersionRoutingHandler channelRead
INFO: Detected non-HTTP/2 connection.
Nov 06, 2025 11:23:25 AM com.google.cloud.datastore.emulator.impl.context.EmulatorAuthorization warnAboutSecuredJwt
WARNING: expected an unsecured JWT, the emulator does not validate JWTs and IS NOT SECURE
Nov 06, 2025 11:23:25 AM io.gapi.emulators.netty.HttpVersionRoutingHandler channelRead
INFO: Detected non-HTTP/2 connection.
Nov 06, 2025 11:23:25 AM io.gapi.emulators.netty.HttpVersionRoutingHandler channelRead
INFO: Detected non-HTTP/2 connection.
Nov 06, 2025 11:23:25 AM io.gapi.emulators.netty.HttpVersionRoutingHandler channelRead
INFO: Detected non-HTTP/2 connection.
Nov 06, 2025 11:23:25 AM io.gapi.emulators.netty.HttpVersionRoutingHandler channelRead
INFO: Detected non-HTTP/2 connection.
Nov 06, 2025 11:23:25 AM com.google.cloud.datastore.emulator.impl.context.EmulatorAuthorization warnAboutSecuredJwt
WARNING: expected an unsecured JWT, the emulator does not validate JWTs and IS NOT SECURE
Nov 06, 2025 11:23:25 AM io.gapi.emulators.netty.HttpVersionRoutingHandler channelRead
INFO: Detected non-HTTP/2 connection.
Nov 06, 2025 11:23:25 AM io.gapi.emulators.netty.HttpVersionRoutingHandler channelRead
INFO: Detected non-HTTP/2 connection.
Nov 06, 2025 11:23:25 AM io.gapi.emulators.netty.HttpVersionRoutingHandler channelRead
INFO: Detected non-HTTP/2 connection.
Nov 06, 2025 11:23:25 AM io.gapi.emulators.netty.HttpVersionRoutingHandler channelRead
INFO: Detected non-HTTP/2 connection.
Nov 06, 2025 11:23:25 AM com.google.cloud.datastore.emulator.impl.context.EmulatorAuthorization warnAboutSecuredJwt
WARNING: expected an unsecured JWT, the emulator does not validate JWTs and IS NOT SECURE
Nov 06, 2025 11:23:25 AM io.gapi.emulators.netty.HttpVersionRoutingHandler channelRead
INFO: Detected non-HTTP/2 connection.
Nov 06, 2025 11:23:25 AM io.gapi.emulators.netty.HttpVersionRoutingHandler channelRead
INFO: Detected non-HTTP/2 connection.
Nov 06, 2025 11:23:25 AM io.gapi.emulators.netty.HttpVersionRoutingHandler channelRead
INFO: Detected non-HTTP/2 connection.
Nov 06, 2025 11:23:26 AM io.gapi.emulators.netty.HttpVersionRoutingHandler channelRead
INFO: Detected non-HTTP/2 connection.
Nov 06, 2025 11:23:26 AM com.google.cloud.datastore.emulator.impl.context.EmulatorAuthorization warnAboutSecuredJwt
WARNING: expected an unsecured JWT, the emulator does not validate JWTs and IS NOT SECURE
Nov 06, 2025 11:23:26 AM io.gapi.emulators.netty.HttpVersionRoutingHandler channelRead
INFO: Detected non-HTTP/2 connection.
Nov 06, 2025 11:23:26 AM io.gapi.emulators.netty.HttpVersionRoutingHandler channelRead
INFO: Detected non-HTTP/2 connection.
Nov 06, 2025 11:23:26 AM io.gapi.emulators.netty.HttpVersionRoutingHandler channelRead
INFO: Detected non-HTTP/2 connection.
Nov 06, 2025 11:23:26 AM io.gapi.emulators.netty.HttpVersionRoutingHandler channelRead
INFO: Detected non-HTTP/2 connection.
Nov 06, 2025 11:23:26 AM com.google.cloud.datastore.emulator.impl.context.EmulatorAuthorization warnAboutSecuredJwt
WARNING: expected an unsecured JWT, the emulator does not validate JWTs and IS NOT SECURE
Nov 06, 2025 11:23:26 AM io.gapi.emulators.netty.HttpVersionRoutingHandler channelRead
INFO: Detected non-HTTP/2 connection.
Nov 06, 2025 11:23:26 AM io.gapi.emulators.netty.HttpVersionRoutingHandler channelRead
INFO: Detected non-HTTP/2 connection.
Nov 06, 2025 11:23:26 AM io.gapi.emulators.netty.HttpVersionRoutingHandler channelRead
INFO: Detected non-HTTP/2 connection.
Nov 06, 2025 11:23:27 AM io.gapi.emulators.netty.HttpVersionRoutingHandler channelRead
INFO: Detected non-HTTP/2 connection.
Nov 06, 2025 11:23:27 AM com.google.cloud.datastore.emulator.impl.context.EmulatorAuthorization warnAboutSecuredJwt
WARNING: expected an unsecured JWT, the emulator does not validate JWTs and IS NOT SECURE
Nov 06, 2025 11:23:27 AM io.gapi.emulators.netty.HttpVersionRoutingHandler channelRead
INFO: Detected non-HTTP/2 connection.
Nov 06, 2025 11:23:27 AM io.gapi.emulators.netty.HttpVersionRoutingHandler channelRead
INFO: Detected non-HTTP/2 connection.
Nov 06, 2025 11:23:27 AM io.gapi.emulators.netty.HttpVersionRoutingHandler channelRead
INFO: Detected non-HTTP/2 connection.
Nov 06, 2025 11:23:27 AM io.gapi.emulators.netty.HttpVersionRoutingHandler channelRead
INFO: Detected non-HTTP/2 connection.
Nov 06, 2025 11:23:27 AM com.google.cloud.datastore.emulator.impl.context.EmulatorAuthorization warnAboutSecuredJwt
WARNING: expected an unsecured JWT, the emulator does not validate JWTs and IS NOT SECURE
Nov 06, 2025 11:23:27 AM io.gapi.emulators.netty.HttpVersionRoutingHandler channelRead
INFO: Detected non-HTTP/2 connection.
Nov 06, 2025 11:23:27 AM io.gapi.emulators.netty.HttpVersionRoutingHandler channelRead
INFO: Detected non-HTTP/2 connection.
Nov 06, 2025 11:23:27 AM io.gapi.emulators.netty.HttpVersionRoutingHandler channelRead
INFO: Detected non-HTTP/2 connection.
Nov 06, 2025 11:23:28 AM io.gapi.emulators.netty.HttpVersionRoutingHandler channelRead
INFO: Detected non-HTTP/2 connection.
Nov 06, 2025 11:23:28 AM com.google.cloud.datastore.emulator.impl.context.EmulatorAuthorization warnAboutSecuredJwt
WARNING: expected an unsecured JWT, the emulator does not validate JWTs and IS NOT SECURE
Nov 06, 2025 11:23:28 AM io.gapi.emulators.netty.HttpVersionRoutingHandler channelRead
INFO: Detected non-HTTP/2 connection.
Nov 06, 2025 11:23:28 AM io.gapi.emulators.netty.HttpVersionRoutingHandler channelRead
INFO: Detected non-HTTP/2 connection.
Nov 06, 2025 11:23:28 AM io.gapi.emulators.netty.HttpVersionRoutingHandler channelRead
INFO: Detected non-HTTP/2 connection.
Nov 06, 2025 11:23:28 AM io.gapi.emulators.netty.HttpVersionRoutingHandler channelRead
INFO: Detected non-HTTP/2 connection.
Nov 06, 2025 11:23:28 AM com.google.cloud.datastore.emulator.impl.context.EmulatorAuthorization warnAboutSecuredJwt
WARNING: expected an unsecured JWT, the emulator does not validate JWTs and IS NOT SECURE
Nov 06, 2025 11:23:28 AM io.gapi.emulators.netty.HttpVersionRoutingHandler channelRead
INFO: Detected non-HTTP/2 connection.
Nov 06, 2025 11:23:28 AM io.gapi.emulators.netty.HttpVersionRoutingHandler channelRead
INFO: Detected non-HTTP/2 connection.
Nov 06, 2025 11:23:28 AM io.gapi.emulators.netty.HttpVersionRoutingHandler channelRead
INFO: Detected non-HTTP/2 connection.
Nov 06, 2025 11:23:28 AM io.gapi.emulators.netty.HttpVersionRoutingHandler channelRead
INFO: Detected non-HTTP/2 connection.
Nov 06, 2025 11:23:28 AM com.google.cloud.datastore.emulator.impl.context.EmulatorAuthorization warnAboutSecuredJwt
WARNING: expected an unsecured JWT, the emulator does not validate JWTs and IS NOT SECURE
Nov 06, 2025 11:23:28 AM io.gapi.emulators.netty.HttpVersionRoutingHandler channelRead
INFO: Detected non-HTTP/2 connection.
Nov 06, 2025 11:23:28 AM io.gapi.emulators.netty.HttpVersionRoutingHandler channelRead
INFO: Detected non-HTTP/2 connection.
Nov 06, 2025 11:23:28 AM io.gapi.emulators.netty.HttpVersionRoutingHandler channelRead
INFO: Detected non-HTTP/2 connection.
Nov 06, 2025 11:23:29 AM io.gapi.emulators.netty.HttpVersionRoutingHandler channelRead
INFO: Detected non-HTTP/2 connection.
Nov 06, 2025 11:23:29 AM com.google.cloud.datastore.emulator.impl.context.EmulatorAuthorization warnAboutSecuredJwt
WARNING: expected an unsecured JWT, the emulator does not validate JWTs and IS NOT SECURE
Nov 06, 2025 11:23:29 AM io.gapi.emulators.netty.HttpVersionRoutingHandler channelRead
INFO: Detected non-HTTP/2 connection.
Nov 06, 2025 11:23:29 AM io.gapi.emulators.netty.HttpVersionRoutingHandler channelRead
INFO: Detected non-HTTP/2 connection.
Nov 06, 2025 11:23:29 AM io.gapi.emulators.netty.HttpVersionRoutingHandler channelRead
INFO: Detected non-HTTP/2 connection.
Nov 06, 2025 11:23:29 AM io.gapi.emulators.netty.HttpVersionRoutingHandler channelRead
INFO: Detected non-HTTP/2 connection.
Nov 06, 2025 11:23:29 AM com.google.cloud.datastore.emulator.impl.context.EmulatorAuthorization warnAboutSecuredJwt
WARNING: expected an unsecured JWT, the emulator does not validate JWTs and IS NOT SECURE
Nov 06, 2025 11:23:29 AM io.gapi.emulators.netty.HttpVersionRoutingHandler channelRead
INFO: Detected non-HTTP/2 connection.
Nov 06, 2025 11:23:30 AM io.gapi.emulators.netty.HttpVersionRoutingHandler channelRead
INFO: Detected non-HTTP/2 connection.
Nov 06, 2025 11:23:30 AM io.gapi.emulators.netty.HttpVersionRoutingHandler channelRead
INFO: Detected non-HTTP/2 connection.
Nov 06, 2025 11:23:30 AM io.gapi.emulators.netty.HttpVersionRoutingHandler channelRead
INFO: Detected non-HTTP/2 connection.
Nov 06, 2025 11:23:30 AM com.google.cloud.datastore.emulator.impl.context.EmulatorAuthorization warnAboutSecuredJwt
WARNING: expected an unsecured JWT, the emulator does not validate JWTs and IS NOT SECURE
Nov 06, 2025 11:23:30 AM io.gapi.emulators.netty.HttpVersionRoutingHandler channelRead
INFO: Detected non-HTTP/2 connection.
Nov 06, 2025 11:23:30 AM io.gapi.emulators.netty.HttpVersionRoutingHandler channelRead
INFO: Detected non-HTTP/2 connection.
Nov 06, 2025 11:23:30 AM io.gapi.emulators.netty.HttpVersionRoutingHandler channelRead
INFO: Detected non-HTTP/2 connection.
Nov 06, 2025 11:23:30 AM io.gapi.emulators.netty.HttpVersionRoutingHandler channelRead
INFO: Detected non-HTTP/2 connection.
Nov 06, 2025 11:23:30 AM com.google.cloud.datastore.emulator.impl.context.EmulatorAuthorization warnAboutSecuredJwt
WARNING: expected an unsecured JWT, the emulator does not validate JWTs and IS NOT SECURE
Nov 06, 2025 11:23:30 AM io.gapi.emulators.netty.HttpVersionRoutingHandler channelRead
INFO: Detected non-HTTP/2 connection.
Nov 06, 2025 11:23:30 AM io.gapi.emulators.netty.HttpVersionRoutingHandler channelRead
INFO: Detected non-HTTP/2 connection.
Nov 06, 2025 11:23:30 AM io.gapi.emulators.netty.HttpVersionRoutingHandler channelRead
INFO: Detected non-HTTP/2 connection.
Nov 06, 2025 11:23:31 AM io.gapi.emulators.netty.HttpVersionRoutingHandler channelRead
INFO: Detected non-HTTP/2 connection.
Nov 06, 2025 11:23:31 AM com.google.cloud.datastore.emulator.impl.context.EmulatorAuthorization warnAboutSecuredJwt
WARNING: expected an unsecured JWT, the emulator does not validate JWTs and IS NOT SECURE
Nov 06, 2025 11:23:31 AM io.gapi.emulators.netty.HttpVersionRoutingHandler channelRead
INFO: Detected non-HTTP/2 connection.
Nov 06, 2025 11:23:31 AM io.gapi.emulators.netty.HttpVersionRoutingHandler channelRead
INFO: Detected non-HTTP/2 connection.
Nov 06, 2025 11:23:31 AM io.gapi.emulators.netty.HttpVersionRoutingHandler channelRead
INFO: Detected non-HTTP/2 connection.
Nov 06, 2025 11:23:31 AM io.gapi.emulators.netty.HttpVersionRoutingHandler channelRead
INFO: Detected non-HTTP/2 connection.
Nov 06, 2025 11:23:31 AM com.google.cloud.datastore.emulator.impl.context.EmulatorAuthorization warnAboutSecuredJwt
WARNING: expected an unsecured JWT, the emulator does not validate JWTs and IS NOT SECURE
Nov 06, 2025 11:23:31 AM io.gapi.emulators.netty.HttpVersionRoutingHandler channelRead
INFO: Detected non-HTTP/2 connection.
Nov 06, 2025 11:23:31 AM io.gapi.emulators.netty.HttpVersionRoutingHandler channelRead
INFO: Detected non-HTTP/2 connection.
Nov 06, 2025 11:23:31 AM io.gapi.emulators.netty.HttpVersionRoutingHandler channelRead
INFO: Detected non-HTTP/2 connection.
Nov 06, 2025 11:23:32 AM io.gapi.emulators.netty.HttpVersionRoutingHandler channelRead
INFO: Detected non-HTTP/2 connection.
Nov 06, 2025 11:23:32 AM com.google.cloud.datastore.emulator.impl.context.EmulatorAuthorization warnAboutSecuredJwt
WARNING: expected an unsecured JWT, the emulator does not validate JWTs and IS NOT SECURE
Nov 06, 2025 11:23:32 AM io.gapi.emulators.netty.HttpVersionRoutingHandler channelRead
INFO: Detected non-HTTP/2 connection.
Nov 06, 2025 11:23:32 AM io.gapi.emulators.netty.HttpVersionRoutingHandler channelRead
INFO: Detected non-HTTP/2 connection.
Nov 06, 2025 11:23:32 AM io.gapi.emulators.netty.HttpVersionRoutingHandler channelRead
INFO: Detected non-HTTP/2 connection.
Nov 06, 2025 11:23:32 AM io.gapi.emulators.netty.HttpVersionRoutingHandler channelRead
INFO: Detected non-HTTP/2 connection.
Nov 06, 2025 11:23:32 AM com.google.cloud.datastore.emulator.impl.context.EmulatorAuthorization warnAboutSecuredJwt
WARNING: expected an unsecured JWT, the emulator does not validate JWTs and IS NOT SECURE
Nov 06, 2025 11:23:32 AM io.gapi.emulators.netty.HttpVersionRoutingHandler channelRead
INFO: Detected non-HTTP/2 connection.
Nov 06, 2025 11:23:32 AM io.gapi.emulators.netty.HttpVersionRoutingHandler channelRead
INFO: Detected non-HTTP/2 connection.
Nov 06, 2025 11:23:32 AM io.gapi.emulators.netty.HttpVersionRoutingHandler channelRead
INFO: Detected non-HTTP/2 connection.
Nov 06, 2025 11:23:33 AM io.gapi.emulators.netty.HttpVersionRoutingHandler channelRead
INFO: Detected non-HTTP/2 connection.
Nov 06, 2025 11:23:33 AM com.google.cloud.datastore.emulator.impl.context.EmulatorAuthorization warnAboutSecuredJwt
WARNING: expected an unsecured JWT, the emulator does not validate JWTs and IS NOT SECURE
Nov 06, 2025 11:23:33 AM io.gapi.emulators.netty.HttpVersionRoutingHandler channelRead
INFO: Detected non-HTTP/2 connection.
Nov 06, 2025 11:23:33 AM io.gapi.emulators.netty.HttpVersionRoutingHandler channelRead
INFO: Detected non-HTTP/2 connection.
Nov 06, 2025 11:23:33 AM io.gapi.emulators.netty.HttpVersionRoutingHandler channelRead
INFO: Detected non-HTTP/2 connection.
Nov 06, 2025 11:23:33 AM io.gapi.emulators.netty.HttpVersionRoutingHandler channelRead
INFO: Detected non-HTTP/2 connection.
Nov 06, 2025 11:23:33 AM com.google.cloud.datastore.emulator.impl.context.EmulatorAuthorization warnAboutSecuredJwt
WARNING: expected an unsecured JWT, the emulator does not validate JWTs and IS NOT SECURE
Nov 06, 2025 11:23:33 AM io.gapi.emulators.netty.HttpVersionRoutingHandler channelRead
INFO: Detected non-HTTP/2 connection.
Nov 06, 2025 11:23:33 AM io.gapi.emulators.netty.HttpVersionRoutingHandler channelRead
INFO: Detected non-HTTP/2 connection.
Nov 06, 2025 11:23:33 AM io.gapi.emulators.netty.HttpVersionRoutingHandler channelRead
INFO: Detected non-HTTP/2 connection.
Nov 06, 2025 11:23:34 AM io.gapi.emulators.netty.HttpVersionRoutingHandler channelRead
INFO: Detected non-HTTP/2 connection.
Nov 06, 2025 11:23:34 AM com.google.cloud.datastore.emulator.impl.context.EmulatorAuthorization warnAboutSecuredJwt
WARNING: expected an unsecured JWT, the emulator does not validate JWTs and IS NOT SECURE
Nov 06, 2025 11:23:34 AM io.gapi.emulators.netty.HttpVersionRoutingHandler channelRead
INFO: Detected non-HTTP/2 connection.
Nov 06, 2025 11:23:34 AM io.gapi.emulators.netty.HttpVersionRoutingHandler channelRead
INFO: Detected non-HTTP/2 connection.
Nov 06, 2025 11:23:34 AM io.gapi.emulators.netty.HttpVersionRoutingHandler channelRead
INFO: Detected non-HTTP/2 connection.
Nov 06, 2025 11:23:34 AM io.gapi.emulators.netty.HttpVersionRoutingHandler channelRead
INFO: Detected non-HTTP/2 connection.
Nov 06, 2025 11:23:34 AM com.google.cloud.datastore.emulator.impl.context.EmulatorAuthorization warnAboutSecuredJwt
WARNING: expected an unsecured JWT, the emulator does not validate JWTs and IS NOT SECURE
Nov 06, 2025 11:23:34 AM io.gapi.emulators.netty.HttpVersionRoutingHandler channelRead
INFO: Detected non-HTTP/2 connection.
Nov 06, 2025 11:23:34 AM io.gapi.emulators.netty.HttpVersionRoutingHandler channelRead
INFO: Detected non-HTTP/2 connection.
Nov 06, 2025 11:23:34 AM io.gapi.emulators.netty.HttpVersionRoutingHandler channelRead
INFO: Detected non-HTTP/2 connection.
Nov 06, 2025 11:23:34 AM io.gapi.emulators.netty.HttpVersionRoutingHandler channelRead
INFO: Detected non-HTTP/2 connection.
Nov 06, 2025 11:23:34 AM com.google.cloud.datastore.emulator.impl.context.EmulatorAuthorization warnAboutSecuredJwt
WARNING: expected an unsecured JWT, the emulator does not validate JWTs and IS NOT SECURE
Nov 06, 2025 11:23:34 AM io.gapi.emulators.netty.HttpVersionRoutingHandler channelRead
INFO: Detected non-HTTP/2 connection.
Nov 06, 2025 11:23:34 AM io.gapi.emulators.netty.HttpVersionRoutingHandler channelRead
INFO: Detected non-HTTP/2 connection.
Nov 06, 2025 11:23:34 AM io.gapi.emulators.netty.HttpVersionRoutingHandler channelRead
INFO: Detected non-HTTP/2 connection.
Nov 06, 2025 11:23:35 AM io.gapi.emulators.netty.HttpVersionRoutingHandler channelRead
INFO: Detected non-HTTP/2 connection.
Nov 06, 2025 11:23:35 AM com.google.cloud.datastore.emulator.impl.context.EmulatorAuthorization warnAboutSecuredJwt
WARNING: expected an unsecured JWT, the emulator does not validate JWTs and IS NOT SECURE
Nov 06, 2025 11:23:35 AM io.gapi.emulators.netty.HttpVersionRoutingHandler channelRead
INFO: Detected non-HTTP/2 connection.
Nov 06, 2025 11:23:35 AM io.gapi.emulators.netty.HttpVersionRoutingHandler channelRead
INFO: Detected non-HTTP/2 connection.
Nov 06, 2025 11:23:35 AM io.gapi.emulators.netty.HttpVersionRoutingHandler channelRead
INFO: Detected non-HTTP/2 connection.
Nov 06, 2025 11:23:35 AM io.gapi.emulators.netty.HttpVersionRoutingHandler channelRead
INFO: Detected non-HTTP/2 connection.
Nov 06, 2025 11:23:35 AM com.google.cloud.datastore.emulator.impl.context.EmulatorAuthorization warnAboutSecuredJwt
WARNING: expected an unsecured JWT, the emulator does not validate JWTs and IS NOT SECURE
Nov 06, 2025 11:23:35 AM io.gapi.emulators.netty.HttpVersionRoutingHandler channelRead
INFO: Detected non-HTTP/2 connection.
Nov 06, 2025 11:23:35 AM io.gapi.emulators.netty.HttpVersionRoutingHandler channelRead
INFO: Detected non-HTTP/2 connection.
Nov 06, 2025 11:23:35 AM io.gapi.emulators.netty.HttpVersionRoutingHandler channelRead
INFO: Detected non-HTTP/2 connection.
Nov 06, 2025 11:23:36 AM io.gapi.emulators.netty.HttpVersionRoutingHandler channelRead
INFO: Detected non-HTTP/2 connection.
Nov 06, 2025 11:23:36 AM com.google.cloud.datastore.emulator.impl.context.EmulatorAuthorization warnAboutSecuredJwt
WARNING: expected an unsecured JWT, the emulator does not validate JWTs and IS NOT SECURE
Nov 06, 2025 11:23:36 AM io.gapi.emulators.netty.HttpVersionRoutingHandler channelRead
INFO: Detected non-HTTP/2 connection.
Nov 06, 2025 11:23:36 AM io.gapi.emulators.netty.HttpVersionRoutingHandler channelRead
INFO: Detected non-HTTP/2 connection.
Nov 06, 2025 11:23:36 AM io.gapi.emulators.netty.HttpVersionRoutingHandler channelRead
INFO: Detected non-HTTP/2 connection.
Nov 06, 2025 11:23:36 AM io.gapi.emulators.netty.HttpVersionRoutingHandler channelRead
INFO: Detected non-HTTP/2 connection.
Nov 06, 2025 11:23:36 AM com.google.cloud.datastore.emulator.impl.context.EmulatorAuthorization warnAboutSecuredJwt
WARNING: expected an unsecured JWT, the emulator does not validate JWTs and IS NOT SECURE
Nov 06, 2025 11:23:36 AM io.gapi.emulators.netty.HttpVersionRoutingHandler channelRead
INFO: Detected non-HTTP/2 connection.
Nov 06, 2025 11:23:36 AM io.gapi.emulators.netty.HttpVersionRoutingHandler channelRead
INFO: Detected non-HTTP/2 connection.
Nov 06, 2025 11:23:36 AM io.gapi.emulators.netty.HttpVersionRoutingHandler channelRead
INFO: Detected non-HTTP/2 connection.
Nov 06, 2025 11:23:37 AM io.gapi.emulators.netty.HttpVersionRoutingHandler channelRead
INFO: Detected non-HTTP/2 connection.
Nov 06, 2025 11:23:37 AM com.google.cloud.datastore.emulator.impl.context.EmulatorAuthorization warnAboutSecuredJwt
WARNING: expected an unsecured JWT, the emulator does not validate JWTs and IS NOT SECURE
Nov 06, 2025 11:23:37 AM io.gapi.emulators.netty.HttpVersionRoutingHandler channelRead
INFO: Detected non-HTTP/2 connection.
Nov 06, 2025 11:23:37 AM io.gapi.emulators.netty.HttpVersionRoutingHandler channelRead
INFO: Detected non-HTTP/2 connection.
Nov 06, 2025 11:23:37 AM io.gapi.emulators.netty.HttpVersionRoutingHandler channelRead
INFO: Detected non-HTTP/2 connection.
Nov 06, 2025 11:23:37 AM io.gapi.emulators.netty.HttpVersionRoutingHandler channelRead
INFO: Detected non-HTTP/2 connection.
Nov 06, 2025 11:23:37 AM com.google.cloud.datastore.emulator.impl.context.EmulatorAuthorization warnAboutSecuredJwt
WARNING: expected an unsecured JWT, the emulator does not validate JWTs and IS NOT SECURE
Nov 06, 2025 11:23:37 AM io.gapi.emulators.netty.HttpVersionRoutingHandler channelRead
INFO: Detected non-HTTP/2 connection.
Nov 06, 2025 11:23:37 AM io.gapi.emulators.netty.HttpVersionRoutingHandler channelRead
INFO: Detected non-HTTP/2 connection.
Nov 06, 2025 11:23:37 AM io.gapi.emulators.netty.HttpVersionRoutingHandler channelRead
INFO: Detected non-HTTP/2 connection.
Nov 06, 2025 11:23:38 AM io.gapi.emulators.netty.HttpVersionRoutingHandler channelRead
INFO: Detected non-HTTP/2 connection.
Nov 06, 2025 11:23:38 AM com.google.cloud.datastore.emulator.impl.context.EmulatorAuthorization warnAboutSecuredJwt
WARNING: expected an unsecured JWT, the emulator does not validate JWTs and IS NOT SECURE
Nov 06, 2025 11:23:38 AM io.gapi.emulators.netty.HttpVersionRoutingHandler channelRead
INFO: Detected non-HTTP/2 connection.
Nov 06, 2025 11:23:38 AM io.gapi.emulators.netty.HttpVersionRoutingHandler channelRead
INFO: Detected non-HTTP/2 connection.
Nov 06, 2025 11:23:38 AM io.gapi.emulators.netty.HttpVersionRoutingHandler channelRead
INFO: Detected non-HTTP/2 connection.
Nov 06, 2025 11:23:38 AM io.gapi.emulators.netty.HttpVersionRoutingHandler channelRead
INFO: Detected non-HTTP/2 connection.
Nov 06, 2025 11:23:38 AM com.google.cloud.datastore.emulator.impl.context.EmulatorAuthorization warnAboutSecuredJwt
WARNING: expected an unsecured JWT, the emulator does not validate JWTs and IS NOT SECURE
Nov 06, 2025 11:23:38 AM io.gapi.emulators.netty.HttpVersionRoutingHandler channelRead
INFO: Detected non-HTTP/2 connection.
Nov 06, 2025 11:23:38 AM io.gapi.emulators.netty.HttpVersionRoutingHandler channelRead
INFO: Detected non-HTTP/2 connection.
Nov 06, 2025 11:23:38 AM io.gapi.emulators.netty.HttpVersionRoutingHandler channelRead
INFO: Detected non-HTTP/2 connection.
Nov 06, 2025 11:23:39 AM io.gapi.emulators.netty.HttpVersionRoutingHandler channelRead
INFO: Detected non-HTTP/2 connection.
Nov 06, 2025 11:23:39 AM com.google.cloud.datastore.emulator.impl.context.EmulatorAuthorization warnAboutSecuredJwt
WARNING: expected an unsecured JWT, the emulator does not validate JWTs and IS NOT SECURE
Nov 06, 2025 11:23:39 AM io.gapi.emulators.netty.HttpVersionRoutingHandler channelRead
INFO: Detected non-HTTP/2 connection.
Nov 06, 2025 11:23:39 AM io.gapi.emulators.netty.HttpVersionRoutingHandler channelRead
INFO: Detected non-HTTP/2 connection.
Nov 06, 2025 11:23:39 AM io.gapi.emulators.netty.HttpVersionRoutingHandler channelRead
INFO: Detected non-HTTP/2 connection.
Nov 06, 2025 11:23:39 AM io.gapi.emulators.netty.HttpVersionRoutingHandler channelRead
INFO: Detected non-HTTP/2 connection.
Nov 06, 2025 11:23:39 AM com.google.cloud.datastore.emulator.impl.context.EmulatorAuthorization warnAboutSecuredJwt
WARNING: expected an unsecured JWT, the emulator does not validate JWTs and IS NOT SECURE
Nov 06, 2025 11:23:39 AM io.gapi.emulators.netty.HttpVersionRoutingHandler channelRead
INFO: Detected non-HTTP/2 connection.
Nov 06, 2025 11:23:39 AM io.gapi.emulators.netty.HttpVersionRoutingHandler channelRead
INFO: Detected non-HTTP/2 connection.
Nov 06, 2025 11:23:39 AM io.gapi.emulators.netty.HttpVersionRoutingHandler channelRead
INFO: Detected non-HTTP/2 connection.
Nov 06, 2025 11:23:39 AM io.gapi.emulators.netty.HttpVersionRoutingHandler channelRead
INFO: Detected non-HTTP/2 connection.
Nov 06, 2025 11:23:39 AM com.google.cloud.datastore.emulator.impl.context.EmulatorAuthorization warnAboutSecuredJwt
WARNING: expected an unsecured JWT, the emulator does not validate JWTs and IS NOT SECURE
Nov 06, 2025 11:23:39 AM io.gapi.emulators.netty.HttpVersionRoutingHandler channelRead
INFO: Detected non-HTTP/2 connection.
Nov 06, 2025 11:23:39 AM io.gapi.emulators.netty.HttpVersionRoutingHandler channelRead
INFO: Detected non-HTTP/2 connection.
Nov 06, 2025 11:23:39 AM io.gapi.emulators.netty.HttpVersionRoutingHandler channelRead
INFO: Detected non-HTTP/2 connection.
Nov 06, 2025 11:23:40 AM io.gapi.emulators.netty.HttpVersionRoutingHandler channelRead
INFO: Detected non-HTTP/2 connection.
Nov 06, 2025 11:23:40 AM com.google.cloud.datastore.emulator.impl.context.EmulatorAuthorization warnAboutSecuredJwt
WARNING: expected an unsecured JWT, the emulator does not validate JWTs and IS NOT SECURE
Nov 06, 2025 11:23:40 AM io.gapi.emulators.netty.HttpVersionRoutingHandler channelRead
INFO: Detected non-HTTP/2 connection.
Nov 06, 2025 11:23:40 AM io.gapi.emulators.netty.HttpVersionRoutingHandler channelRead
INFO: Detected non-HTTP/2 connection.
Nov 06, 2025 11:23:40 AM io.gapi.emulators.netty.HttpVersionRoutingHandler channelRead
INFO: Detected non-HTTP/2 connection.
Nov 06, 2025 11:23:40 AM io.gapi.emulators.netty.HttpVersionRoutingHandler channelRead
INFO: Detected non-HTTP/2 connection.
Nov 06, 2025 11:23:40 AM com.google.cloud.datastore.emulator.impl.context.EmulatorAuthorization warnAboutSecuredJwt
WARNING: expected an unsecured JWT, the emulator does not validate JWTs and IS NOT SECURE
Nov 06, 2025 11:23:40 AM io.gapi.emulators.netty.HttpVersionRoutingHandler channelRead
INFO: Detected non-HTTP/2 connection.
Nov 06, 2025 11:23:40 AM io.gapi.emulators.netty.HttpVersionRoutingHandler channelRead
INFO: Detected non-HTTP/2 connection.
Nov 06, 2025 11:23:40 AM io.gapi.emulators.netty.HttpVersionRoutingHandler channelRead
INFO: Detected non-HTTP/2 connection.
Nov 06, 2025 11:23:41 AM io.gapi.emulators.netty.HttpVersionRoutingHandler channelRead
INFO: Detected non-HTTP/2 connection.
Nov 06, 2025 11:23:41 AM com.google.cloud.datastore.emulator.impl.context.EmulatorAuthorization warnAboutSecuredJwt
WARNING: expected an unsecured JWT, the emulator does not validate JWTs and IS NOT SECURE
Nov 06, 2025 11:23:41 AM io.gapi.emulators.netty.HttpVersionRoutingHandler channelRead
INFO: Detected non-HTTP/2 connection.
Nov 06, 2025 11:23:41 AM io.gapi.emulators.netty.HttpVersionRoutingHandler channelRead
INFO: Detected non-HTTP/2 connection.
Nov 06, 2025 11:23:41 AM io.gapi.emulators.netty.HttpVersionRoutingHandler channelRead
INFO: Detected non-HTTP/2 connection.
Nov 06, 2025 11:23:41 AM io.gapi.emulators.netty.HttpVersionRoutingHandler channelRead
INFO: Detected non-HTTP/2 connection.
Nov 06, 2025 11:23:41 AM com.google.cloud.datastore.emulator.impl.context.EmulatorAuthorization warnAboutSecuredJwt
WARNING: expected an unsecured JWT, the emulator does not validate JWTs and IS NOT SECURE
Nov 06, 2025 11:23:41 AM io.gapi.emulators.netty.HttpVersionRoutingHandler channelRead
INFO: Detected non-HTTP/2 connection.
Nov 06, 2025 11:23:41 AM io.gapi.emulators.netty.HttpVersionRoutingHandler channelRead
INFO: Detected non-HTTP/2 connection.
Nov 06, 2025 11:23:41 AM io.gapi.emulators.netty.HttpVersionRoutingHandler channelRead
INFO: Detected non-HTTP/2 connection.
Nov 06, 2025 11:23:42 AM io.gapi.emulators.netty.HttpVersionRoutingHandler channelRead
INFO: Detected non-HTTP/2 connection.
Nov 06, 2025 11:23:42 AM com.google.cloud.datastore.emulator.impl.context.EmulatorAuthorization warnAboutSecuredJwt
WARNING: expected an unsecured JWT, the emulator does not validate JWTs and IS NOT SECURE
Nov 06, 2025 11:23:42 AM io.gapi.emulators.netty.HttpVersionRoutingHandler channelRead
INFO: Detected non-HTTP/2 connection.
Nov 06, 2025 11:23:42 AM io.gapi.emulators.netty.HttpVersionRoutingHandler channelRead
INFO: Detected non-HTTP/2 connection.
Nov 06, 2025 11:23:42 AM io.gapi.emulators.netty.HttpVersionRoutingHandler channelRead
INFO: Detected non-HTTP/2 connection.
Nov 06, 2025 11:23:42 AM io.gapi.emulators.netty.HttpVersionRoutingHandler channelRead
INFO: Detected non-HTTP/2 connection.
Nov 06, 2025 11:23:42 AM com.google.cloud.datastore.emulator.impl.context.EmulatorAuthorization warnAboutSecuredJwt
WARNING: expected an unsecured JWT, the emulator does not validate JWTs and IS NOT SECURE
Nov 06, 2025 11:23:42 AM io.gapi.emulators.netty.HttpVersionRoutingHandler channelRead
INFO: Detected non-HTTP/2 connection.
Nov 06, 2025 11:23:42 AM io.gapi.emulators.netty.HttpVersionRoutingHandler channelRead
INFO: Detected non-HTTP/2 connection.
Nov 06, 2025 11:23:42 AM io.gapi.emulators.netty.HttpVersionRoutingHandler channelRead
INFO: Detected non-HTTP/2 connection.
Nov 06, 2025 11:23:43 AM io.gapi.emulators.netty.HttpVersionRoutingHandler channelRead
INFO: Detected non-HTTP/2 connection.
Nov 06, 2025 11:23:43 AM com.google.cloud.datastore.emulator.impl.context.EmulatorAuthorization warnAboutSecuredJwt
WARNING: expected an unsecured JWT, the emulator does not validate JWTs and IS NOT SECURE
Nov 06, 2025 11:23:43 AM io.gapi.emulators.netty.HttpVersionRoutingHandler channelRead
INFO: Detected non-HTTP/2 connection.
Nov 06, 2025 11:23:43 AM io.gapi.emulators.netty.HttpVersionRoutingHandler channelRead
INFO: Detected non-HTTP/2 connection.
Nov 06, 2025 11:23:43 AM io.gapi.emulators.netty.HttpVersionRoutingHandler channelRead
INFO: Detected non-HTTP/2 connection.
Nov 06, 2025 11:23:43 AM io.gapi.emulators.netty.HttpVersionRoutingHandler channelRead
INFO: Detected non-HTTP/2 connection.
Nov 06, 2025 11:23:43 AM com.google.cloud.datastore.emulator.impl.context.EmulatorAuthorization warnAboutSecuredJwt
WARNING: expected an unsecured JWT, the emulator does not validate JWTs and IS NOT SECURE
Nov 06, 2025 11:23:43 AM io.gapi.emulators.netty.HttpVersionRoutingHandler channelRead
INFO: Detected non-HTTP/2 connection.
Nov 06, 2025 11:23:43 AM io.gapi.emulators.netty.HttpVersionRoutingHandler channelRead
INFO: Detected non-HTTP/2 connection.
Nov 06, 2025 11:23:43 AM io.gapi.emulators.netty.HttpVersionRoutingHandler channelRead
INFO: Detected non-HTTP/2 connection.
Nov 06, 2025 11:23:44 AM io.gapi.emulators.netty.HttpVersionRoutingHandler channelRead
INFO: Detected non-HTTP/2 connection.
Nov 06, 2025 11:23:44 AM com.google.cloud.datastore.emulator.impl.context.EmulatorAuthorization warnAboutSecuredJwt
WARNING: expected an unsecured JWT, the emulator does not validate JWTs and IS NOT SECURE
Nov 06, 2025 11:23:44 AM io.gapi.emulators.netty.HttpVersionRoutingHandler channelRead
INFO: Detected non-HTTP/2 connection.
Nov 06, 2025 11:23:44 AM io.gapi.emulators.netty.HttpVersionRoutingHandler channelRead
INFO: Detected non-HTTP/2 connection.
Nov 06, 2025 11:23:44 AM io.gapi.emulators.netty.HttpVersionRoutingHandler channelRead
INFO: Detected non-HTTP/2 connection.
Nov 06, 2025 11:23:44 AM io.gapi.emulators.netty.HttpVersionRoutingHandler channelRead
INFO: Detected non-HTTP/2 connection.
Nov 06, 2025 11:23:44 AM com.google.cloud.datastore.emulator.impl.context.EmulatorAuthorization warnAboutSecuredJwt
WARNING: expected an unsecured JWT, the emulator does not validate JWTs and IS NOT SECURE
Nov 06, 2025 11:23:44 AM io.gapi.emulators.netty.HttpVersionRoutingHandler channelRead
INFO: Detected non-HTTP/2 connection.
Nov 06, 2025 11:23:44 AM io.gapi.emulators.netty.HttpVersionRoutingHandler channelRead
INFO: Detected non-HTTP/2 connection.
Nov 06, 2025 11:23:44 AM io.gapi.emulators.netty.HttpVersionRoutingHandler channelRead
INFO: Detected non-HTTP/2 connection.
Nov 06, 2025 11:23:44 AM io.gapi.emulators.netty.HttpVersionRoutingHandler channelRead
INFO: Detected non-HTTP/2 connection.
Nov 06, 2025 11:23:44 AM com.google.cloud.datastore.emulator.impl.context.EmulatorAuthorization warnAboutSecuredJwt
WARNING: expected an unsecured JWT, the emulator does not validate JWTs and IS NOT SECURE
Nov 06, 2025 11:23:44 AM io.gapi.emulators.netty.HttpVersionRoutingHandler channelRead
INFO: Detected non-HTTP/2 connection.
Nov 06, 2025 11:23:44 AM io.gapi.emulators.netty.HttpVersionRoutingHandler channelRead
INFO: Detected non-HTTP/2 connection.
Nov 06, 2025 11:23:44 AM io.gapi.emulators.netty.HttpVersionRoutingHandler channelRead
INFO: Detected non-HTTP/2 connection.
Nov 06, 2025 11:23:45 AM io.gapi.emulators.netty.HttpVersionRoutingHandler channelRead
INFO: Detected non-HTTP/2 connection.
Nov 06, 2025 11:23:45 AM com.google.cloud.datastore.emulator.impl.context.EmulatorAuthorization warnAboutSecuredJwt
WARNING: expected an unsecured JWT, the emulator does not validate JWTs and IS NOT SECURE
Nov 06, 2025 11:23:45 AM io.gapi.emulators.netty.HttpVersionRoutingHandler channelRead
INFO: Detected non-HTTP/2 connection.
Nov 06, 2025 11:23:45 AM io.gapi.emulators.netty.HttpVersionRoutingHandler channelRead
INFO: Detected non-HTTP/2 connection.
Nov 06, 2025 11:23:45 AM io.gapi.emulators.netty.HttpVersionRoutingHandler channelRead
INFO: Detected non-HTTP/2 connection.
Nov 06, 2025 11:23:45 AM io.gapi.emulators.netty.HttpVersionRoutingHandler channelRead
INFO: Detected non-HTTP/2 connection.
Nov 06, 2025 11:23:45 AM com.google.cloud.datastore.emulator.impl.context.EmulatorAuthorization warnAboutSecuredJwt
WARNING: expected an unsecured JWT, the emulator does not validate JWTs and IS NOT SECURE
Nov 06, 2025 11:23:45 AM io.gapi.emulators.netty.HttpVersionRoutingHandler channelRead
INFO: Detected non-HTTP/2 connection.
Nov 06, 2025 11:23:45 AM io.gapi.emulators.netty.HttpVersionRoutingHandler channelRead
INFO: Detected non-HTTP/2 connection.
Nov 06, 2025 11:23:45 AM io.gapi.emulators.netty.HttpVersionRoutingHandler channelRead
INFO: Detected non-HTTP/2 connection.
Nov 06, 2025 11:23:46 AM io.gapi.emulators.netty.HttpVersionRoutingHandler channelRead
INFO: Detected non-HTTP/2 connection.
Nov 06, 2025 11:23:46 AM com.google.cloud.datastore.emulator.impl.context.EmulatorAuthorization warnAboutSecuredJwt
WARNING: expected an unsecured JWT, the emulator does not validate JWTs and IS NOT SECURE
Nov 06, 2025 11:23:46 AM io.gapi.emulators.netty.HttpVersionRoutingHandler channelRead
INFO: Detected non-HTTP/2 connection.
Nov 06, 2025 11:23:46 AM io.gapi.emulators.netty.HttpVersionRoutingHandler channelRead
INFO: Detected non-HTTP/2 connection.
Nov 06, 2025 11:23:46 AM io.gapi.emulators.netty.HttpVersionRoutingHandler channelRead
INFO: Detected non-HTTP/2 connection.
Nov 06, 2025 11:23:46 AM io.gapi.emulators.netty.HttpVersionRoutingHandler channelRead
INFO: Detected non-HTTP/2 connection.
Nov 06, 2025 11:23:46 AM com.google.cloud.datastore.emulator.impl.context.EmulatorAuthorization warnAboutSecuredJwt
WARNING: expected an unsecured JWT, the emulator does not validate JWTs and IS NOT SECURE
Nov 06, 2025 11:23:46 AM io.gapi.emulators.netty.HttpVersionRoutingHandler channelRead
INFO: Detected non-HTTP/2 connection.
Nov 06, 2025 11:23:46 AM io.gapi.emulators.netty.HttpVersionRoutingHandler channelRead
INFO: Detected non-HTTP/2 connection.
Nov 06, 2025 11:23:46 AM io.gapi.emulators.netty.HttpVersionRoutingHandler channelRead
INFO: Detected non-HTTP/2 connection.
Nov 06, 2025 11:23:47 AM io.gapi.emulators.netty.HttpVersionRoutingHandler channelRead
INFO: Detected non-HTTP/2 connection.
Nov 06, 2025 11:23:47 AM com.google.cloud.datastore.emulator.impl.context.EmulatorAuthorization warnAboutSecuredJwt
WARNING: expected an unsecured JWT, the emulator does not validate JWTs and IS NOT SECURE
Nov 06, 2025 11:23:47 AM io.gapi.emulators.netty.HttpVersionRoutingHandler channelRead
INFO: Detected non-HTTP/2 connection.
Nov 06, 2025 11:23:47 AM io.gapi.emulators.netty.HttpVersionRoutingHandler channelRead
INFO: Detected non-HTTP/2 connection.
Nov 06, 2025 11:23:47 AM io.gapi.emulators.netty.HttpVersionRoutingHandler channelRead
INFO: Detected non-HTTP/2 connection.
Nov 06, 2025 11:23:47 AM io.gapi.emulators.netty.HttpVersionRoutingHandler channelRead
INFO: Detected non-HTTP/2 connection.
Nov 06, 2025 11:23:47 AM com.google.cloud.datastore.emulator.impl.context.EmulatorAuthorization warnAboutSecuredJwt
WARNING: expected an unsecured JWT, the emulator does not validate JWTs and IS NOT SECURE
Nov 06, 2025 11:23:47 AM io.gapi.emulators.netty.HttpVersionRoutingHandler channelRead
INFO: Detected non-HTTP/2 connection.
Nov 06, 2025 11:23:47 AM io.gapi.emulators.netty.HttpVersionRoutingHandler channelRead
INFO: Detected non-HTTP/2 connection.
Nov 06, 2025 11:23:47 AM io.gapi.emulators.netty.HttpVersionRoutingHandler channelRead
INFO: Detected non-HTTP/2 connection.
Nov 06, 2025 11:23:48 AM io.gapi.emulators.netty.HttpVersionRoutingHandler channelRead
INFO: Detected non-HTTP/2 connection.
Nov 06, 2025 11:23:48 AM com.google.cloud.datastore.emulator.impl.context.EmulatorAuthorization warnAboutSecuredJwt
WARNING: expected an unsecured JWT, the emulator does not validate JWTs and IS NOT SECURE
Nov 06, 2025 11:23:48 AM io.gapi.emulators.netty.HttpVersionRoutingHandler channelRead
INFO: Detected non-HTTP/2 connection.
Nov 06, 2025 11:23:48 AM io.gapi.emulators.netty.HttpVersionRoutingHandler channelRead
INFO: Detected non-HTTP/2 connection.
Nov 06, 2025 11:23:48 AM io.gapi.emulators.netty.HttpVersionRoutingHandler channelRead
INFO: Detected non-HTTP/2 connection.
Nov 06, 2025 11:23:48 AM io.gapi.emulators.netty.HttpVersionRoutingHandler channelRead
INFO: Detected non-HTTP/2 connection.
Nov 06, 2025 11:23:48 AM com.google.cloud.datastore.emulator.impl.context.EmulatorAuthorization warnAboutSecuredJwt
WARNING: expected an unsecured JWT, the emulator does not validate JWTs and IS NOT SECURE
Nov 06, 2025 11:23:48 AM io.gapi.emulators.netty.HttpVersionRoutingHandler channelRead
INFO: Detected non-HTTP/2 connection.
Nov 06, 2025 11:23:48 AM io.gapi.emulators.netty.HttpVersionRoutingHandler channelRead
INFO: Detected non-HTTP/2 connection.
Nov 06, 2025 11:23:48 AM io.gapi.emulators.netty.HttpVersionRoutingHandler channelRead
INFO: Detected non-HTTP/2 connection.
Nov 06, 2025 11:23:48 AM io.gapi.emulators.netty.HttpVersionRoutingHandler channelRead
INFO: Detected non-HTTP/2 connection.
Nov 06, 2025 11:23:48 AM com.google.cloud.datastore.emulator.impl.context.EmulatorAuthorization warnAboutSecuredJwt
WARNING: expected an unsecured JWT, the emulator does not validate JWTs and IS NOT SECURE
Nov 06, 2025 11:23:48 AM io.gapi.emulators.netty.HttpVersionRoutingHandler channelRead
INFO: Detected non-HTTP/2 connection.
Nov 06, 2025 11:23:48 AM io.gapi.emulators.netty.HttpVersionRoutingHandler channelRead
INFO: Detected non-HTTP/2 connection.
Nov 06, 2025 11:23:48 AM io.gapi.emulators.netty.HttpVersionRoutingHandler channelRead
INFO: Detected non-HTTP/2 connection.
Nov 06, 2025 11:23:49 AM io.gapi.emulators.netty.HttpVersionRoutingHandler channelRead
INFO: Detected non-HTTP/2 connection.
Nov 06, 2025 11:23:49 AM com.google.cloud.datastore.emulator.impl.context.EmulatorAuthorization warnAboutSecuredJwt
WARNING: expected an unsecured JWT, the emulator does not validate JWTs and IS NOT SECURE
Nov 06, 2025 11:23:49 AM io.gapi.emulators.netty.HttpVersionRoutingHandler channelRead
INFO: Detected non-HTTP/2 connection.
Nov 06, 2025 11:23:49 AM io.gapi.emulators.netty.HttpVersionRoutingHandler channelRead
INFO: Detected non-HTTP/2 connection.
Nov 06, 2025 11:23:49 AM io.gapi.emulators.netty.HttpVersionRoutingHandler channelRead
INFO: Detected non-HTTP/2 connection.
Nov 06, 2025 11:23:49 AM io.gapi.emulators.netty.HttpVersionRoutingHandler channelRead
INFO: Detected non-HTTP/2 connection.
Nov 06, 2025 11:23:49 AM com.google.cloud.datastore.emulator.impl.context.EmulatorAuthorization warnAboutSecuredJwt
WARNING: expected an unsecured JWT, the emulator does not validate JWTs and IS NOT SECURE
Nov 06, 2025 11:23:49 AM io.gapi.emulators.netty.HttpVersionRoutingHandler channelRead
INFO: Detected non-HTTP/2 connection.
Nov 06, 2025 11:23:49 AM io.gapi.emulators.netty.HttpVersionRoutingHandler channelRead
INFO: Detected non-HTTP/2 connection.
Nov 06, 2025 11:23:49 AM io.gapi.emulators.netty.HttpVersionRoutingHandler channelRead
INFO: Detected non-HTTP/2 connection.
Nov 06, 2025 11:23:50 AM io.gapi.emulators.netty.HttpVersionRoutingHandler channelRead
INFO: Detected non-HTTP/2 connection.
Nov 06, 2025 11:23:50 AM com.google.cloud.datastore.emulator.impl.context.EmulatorAuthorization warnAboutSecuredJwt
WARNING: expected an unsecured JWT, the emulator does not validate JWTs and IS NOT SECURE
Nov 06, 2025 11:23:50 AM io.gapi.emulators.netty.HttpVersionRoutingHandler channelRead
INFO: Detected non-HTTP/2 connection.
Nov 06, 2025 11:23:50 AM io.gapi.emulators.netty.HttpVersionRoutingHandler channelRead
INFO: Detected non-HTTP/2 connection.
Nov 06, 2025 11:23:50 AM io.gapi.emulators.netty.HttpVersionRoutingHandler channelRead
INFO: Detected non-HTTP/2 connection.
Nov 06, 2025 11:23:50 AM io.gapi.emulators.netty.HttpVersionRoutingHandler channelRead
INFO: Detected non-HTTP/2 connection.
Nov 06, 2025 11:23:50 AM com.google.cloud.datastore.emulator.impl.context.EmulatorAuthorization warnAboutSecuredJwt
WARNING: expected an unsecured JWT, the emulator does not validate JWTs and IS NOT SECURE
Nov 06, 2025 11:23:50 AM io.gapi.emulators.netty.HttpVersionRoutingHandler channelRead
INFO: Detected non-HTTP/2 connection.
Nov 06, 2025 11:23:50 AM io.gapi.emulators.netty.HttpVersionRoutingHandler channelRead
INFO: Detected non-HTTP/2 connection.
Nov 06, 2025 11:23:50 AM io.gapi.emulators.netty.HttpVersionRoutingHandler channelRead
INFO: Detected non-HTTP/2 connection.
Nov 06, 2025 11:23:51 AM io.gapi.emulators.netty.HttpVersionRoutingHandler channelRead
INFO: Detected non-HTTP/2 connection.
Nov 06, 2025 11:23:51 AM com.google.cloud.datastore.emulator.impl.context.EmulatorAuthorization warnAboutSecuredJwt
WARNING: expected an unsecured JWT, the emulator does not validate JWTs and IS NOT SECURE
Nov 06, 2025 11:23:51 AM io.gapi.emulators.netty.HttpVersionRoutingHandler channelRead
INFO: Detected non-HTTP/2 connection.
Nov 06, 2025 11:23:51 AM io.gapi.emulators.netty.HttpVersionRoutingHandler channelRead
INFO: Detected non-HTTP/2 connection.
Nov 06, 2025 11:23:51 AM io.gapi.emulators.netty.HttpVersionRoutingHandler channelRead
INFO: Detected non-HTTP/2 connection.
Nov 06, 2025 11:23:51 AM io.gapi.emulators.netty.HttpVersionRoutingHandler channelRead
INFO: Detected non-HTTP/2 connection.
Nov 06, 2025 11:23:51 AM com.google.cloud.datastore.emulator.impl.context.EmulatorAuthorization warnAboutSecuredJwt
WARNING: expected an unsecured JWT, the emulator does not validate JWTs and IS NOT SECURE
Nov 06, 2025 11:23:51 AM io.gapi.emulators.netty.HttpVersionRoutingHandler channelRead
INFO: Detected non-HTTP/2 connection.
Nov 06, 2025 11:23:51 AM io.gapi.emulators.netty.HttpVersionRoutingHandler channelRead
INFO: Detected non-HTTP/2 connection.
Nov 06, 2025 11:23:51 AM io.gapi.emulators.netty.HttpVersionRoutingHandler channelRead
INFO: Detected non-HTTP/2 connection.
Nov 06, 2025 11:23:52 AM io.gapi.emulators.netty.HttpVersionRoutingHandler channelRead
INFO: Detected non-HTTP/2 connection.
Nov 06, 2025 11:23:52 AM com.google.cloud.datastore.emulator.impl.context.EmulatorAuthorization warnAboutSecuredJwt
WARNING: expected an unsecured JWT, the emulator does not validate JWTs and IS NOT SECURE
Nov 06, 2025 11:23:52 AM io.gapi.emulators.netty.HttpVersionRoutingHandler channelRead
INFO: Detected non-HTTP/2 connection.
Nov 06, 2025 11:23:52 AM io.gapi.emulators.netty.HttpVersionRoutingHandler channelRead
INFO: Detected non-HTTP/2 connection.
Nov 06, 2025 11:23:52 AM io.gapi.emulators.netty.HttpVersionRoutingHandler channelRead
INFO: Detected non-HTTP/2 connection.
Nov 06, 2025 11:23:52 AM io.gapi.emulators.netty.HttpVersionRoutingHandler channelRead
INFO: Detected non-HTTP/2 connection.
Nov 06, 2025 11:23:52 AM com.google.cloud.datastore.emulator.impl.context.EmulatorAuthorization warnAboutSecuredJwt
WARNING: expected an unsecured JWT, the emulator does not validate JWTs and IS NOT SECURE
Nov 06, 2025 11:23:52 AM io.gapi.emulators.netty.HttpVersionRoutingHandler channelRead
INFO: Detected non-HTTP/2 connection.
Nov 06, 2025 11:23:52 AM io.gapi.emulators.netty.HttpVersionRoutingHandler channelRead
INFO: Detected non-HTTP/2 connection.
Nov 06, 2025 11:23:52 AM io.gapi.emulators.netty.HttpVersionRoutingHandler channelRead
INFO: Detected non-HTTP/2 connection.
Nov 06, 2025 11:23:53 AM io.gapi.emulators.netty.HttpVersionRoutingHandler channelRead
INFO: Detected non-HTTP/2 connection.
Nov 06, 2025 11:23:53 AM com.google.cloud.datastore.emulator.impl.context.EmulatorAuthorization warnAboutSecuredJwt
WARNING: expected an unsecured JWT, the emulator does not validate JWTs and IS NOT SECURE
Nov 06, 2025 11:23:53 AM io.gapi.emulators.netty.HttpVersionRoutingHandler channelRead
INFO: Detected non-HTTP/2 connection.
Nov 06, 2025 11:23:53 AM io.gapi.emulators.netty.HttpVersionRoutingHandler channelRead
INFO: Detected non-HTTP/2 connection.
Nov 06, 2025 11:23:53 AM io.gapi.emulators.netty.HttpVersionRoutingHandler channelRead
INFO: Detected non-HTTP/2 connection.
Nov 06, 2025 11:23:53 AM io.gapi.emulators.netty.HttpVersionRoutingHandler channelRead
INFO: Detected non-HTTP/2 connection.
Nov 06, 2025 11:23:53 AM com.google.cloud.datastore.emulator.impl.context.EmulatorAuthorization warnAboutSecuredJwt
WARNING: expected an unsecured JWT, the emulator does not validate JWTs and IS NOT SECURE
Nov 06, 2025 11:23:53 AM io.gapi.emulators.netty.HttpVersionRoutingHandler channelRead
INFO: Detected non-HTTP/2 connection.
Nov 06, 2025 11:23:53 AM io.gapi.emulators.netty.HttpVersionRoutingHandler channelRead
INFO: Detected non-HTTP/2 connection.
Nov 06, 2025 11:23:53 AM io.gapi.emulators.netty.HttpVersionRoutingHandler channelRead
INFO: Detected non-HTTP/2 connection.
Nov 06, 2025 11:23:54 AM io.gapi.emulators.netty.HttpVersionRoutingHandler channelRead
INFO: Detected non-HTTP/2 connection.
Nov 06, 2025 11:23:54 AM com.google.cloud.datastore.emulator.impl.context.EmulatorAuthorization warnAboutSecuredJwt
WARNING: expected an unsecured JWT, the emulator does not validate JWTs and IS NOT SECURE
Nov 06, 2025 11:23:54 AM io.gapi.emulators.netty.HttpVersionRoutingHandler channelRead
INFO: Detected non-HTTP/2 connection.
Nov 06, 2025 11:23:54 AM io.gapi.emulators.netty.HttpVersionRoutingHandler channelRead
INFO: Detected non-HTTP/2 connection.
Nov 06, 2025 11:23:54 AM io.gapi.emulators.netty.HttpVersionRoutingHandler channelRead
INFO: Detected non-HTTP/2 connection.
Nov 06, 2025 11:23:54 AM io.gapi.emulators.netty.HttpVersionRoutingHandler channelRead
INFO: Detected non-HTTP/2 connection.
Nov 06, 2025 11:23:54 AM com.google.cloud.datastore.emulator.impl.context.EmulatorAuthorization warnAboutSecuredJwt
WARNING: expected an unsecured JWT, the emulator does not validate JWTs and IS NOT SECURE
Nov 06, 2025 11:23:54 AM io.gapi.emulators.netty.HttpVersionRoutingHandler channelRead
INFO: Detected non-HTTP/2 connection.
Nov 06, 2025 11:23:54 AM io.gapi.emulators.netty.HttpVersionRoutingHandler channelRead
INFO: Detected non-HTTP/2 connection.
Nov 06, 2025 11:23:54 AM io.gapi.emulators.netty.HttpVersionRoutingHandler channelRead
INFO: Detected non-HTTP/2 connection.
Nov 06, 2025 11:23:55 AM io.gapi.emulators.netty.HttpVersionRoutingHandler channelRead
INFO: Detected non-HTTP/2 connection.
Nov 06, 2025 11:23:55 AM com.google.cloud.datastore.emulator.impl.context.EmulatorAuthorization warnAboutSecuredJwt
WARNING: expected an unsecured JWT, the emulator does not validate JWTs and IS NOT SECURE
Nov 06, 2025 11:23:55 AM io.gapi.emulators.netty.HttpVersionRoutingHandler channelRead
INFO: Detected non-HTTP/2 connection.
Nov 06, 2025 11:23:55 AM io.gapi.emulators.netty.HttpVersionRoutingHandler channelRead
INFO: Detected non-HTTP/2 connection.
Nov 06, 2025 11:23:55 AM io.gapi.emulators.netty.HttpVersionRoutingHandler channelRead
INFO: Detected non-HTTP/2 connection.
Nov 06, 2025 11:23:55 AM io.gapi.emulators.netty.HttpVersionRoutingHandler channelRead
INFO: Detected non-HTTP/2 connection.
Nov 06, 2025 11:23:55 AM com.google.cloud.datastore.emulator.impl.context.EmulatorAuthorization warnAboutSecuredJwt
WARNING: expected an unsecured JWT, the emulator does not validate JWTs and IS NOT SECURE
Nov 06, 2025 11:23:55 AM io.gapi.emulators.netty.HttpVersionRoutingHandler channelRead
INFO: Detected non-HTTP/2 connection.
Nov 06, 2025 11:23:55 AM io.gapi.emulators.netty.HttpVersionRoutingHandler channelRead
INFO: Detected non-HTTP/2 connection.
Nov 06, 2025 11:23:55 AM io.gapi.emulators.netty.HttpVersionRoutingHandler channelRead
INFO: Detected non-HTTP/2 connection.
Nov 06, 2025 11:23:55 AM io.gapi.emulators.netty.HttpVersionRoutingHandler channelRead
INFO: Detected non-HTTP/2 connection.
Nov 06, 2025 11:23:55 AM com.google.cloud.datastore.emulator.impl.context.EmulatorAuthorization warnAboutSecuredJwt
WARNING: expected an unsecured JWT, the emulator does not validate JWTs and IS NOT SECURE
Nov 06, 2025 11:23:55 AM io.gapi.emulators.netty.HttpVersionRoutingHandler channelRead
INFO: Detected non-HTTP/2 connection.
Nov 06, 2025 11:23:55 AM io.gapi.emulators.netty.HttpVersionRoutingHandler channelRead
INFO: Detected non-HTTP/2 connection.
Nov 06, 2025 11:23:55 AM io.gapi.emulators.netty.HttpVersionRoutingHandler channelRead
INFO: Detected non-HTTP/2 connection.
Nov 06, 2025 11:23:56 AM io.gapi.emulators.netty.HttpVersionRoutingHandler channelRead
INFO: Detected non-HTTP/2 connection.
Nov 06, 2025 11:23:56 AM com.google.cloud.datastore.emulator.impl.context.EmulatorAuthorization warnAboutSecuredJwt
WARNING: expected an unsecured JWT, the emulator does not validate JWTs and IS NOT SECURE
Nov 06, 2025 11:23:56 AM io.gapi.emulators.netty.HttpVersionRoutingHandler channelRead
INFO: Detected non-HTTP/2 connection.
Nov 06, 2025 11:23:56 AM io.gapi.emulators.netty.HttpVersionRoutingHandler channelRead
INFO: Detected non-HTTP/2 connection.
Nov 06, 2025 11:23:56 AM io.gapi.emulators.netty.HttpVersionRoutingHandler channelRead
INFO: Detected non-HTTP/2 connection.
Nov 06, 2025 11:23:56 AM io.gapi.emulators.netty.HttpVersionRoutingHandler channelRead
INFO: Detected non-HTTP/2 connection.
Nov 06, 2025 11:23:56 AM com.google.cloud.datastore.emulator.impl.context.EmulatorAuthorization warnAboutSecuredJwt
WARNING: expected an unsecured JWT, the emulator does not validate JWTs and IS NOT SECURE
Nov 06, 2025 11:23:56 AM io.gapi.emulators.netty.HttpVersionRoutingHandler channelRead
INFO: Detected non-HTTP/2 connection.
Nov 06, 2025 11:23:56 AM io.gapi.emulators.netty.HttpVersionRoutingHandler channelRead
INFO: Detected non-HTTP/2 connection.
Nov 06, 2025 11:23:56 AM io.gapi.emulators.netty.HttpVersionRoutingHandler channelRead
INFO: Detected non-HTTP/2 connection.
Nov 06, 2025 11:23:57 AM io.gapi.emulators.netty.HttpVersionRoutingHandler channelRead
INFO: Detected non-HTTP/2 connection.
Nov 06, 2025 11:23:57 AM com.google.cloud.datastore.emulator.impl.context.EmulatorAuthorization warnAboutSecuredJwt
WARNING: expected an unsecured JWT, the emulator does not validate JWTs and IS NOT SECURE
Nov 06, 2025 11:23:57 AM io.gapi.emulators.netty.HttpVersionRoutingHandler channelRead
INFO: Detected non-HTTP/2 connection.
Nov 06, 2025 11:23:57 AM io.gapi.emulators.netty.HttpVersionRoutingHandler channelRead
INFO: Detected non-HTTP/2 connection.
Nov 06, 2025 11:23:57 AM io.gapi.emulators.netty.HttpVersionRoutingHandler channelRead
INFO: Detected non-HTTP/2 connection.
Nov 06, 2025 11:23:57 AM io.gapi.emulators.netty.HttpVersionRoutingHandler channelRead
INFO: Detected non-HTTP/2 connection.
Nov 06, 2025 11:23:57 AM com.google.cloud.datastore.emulator.impl.context.EmulatorAuthorization warnAboutSecuredJwt
WARNING: expected an unsecured JWT, the emulator does not validate JWTs and IS NOT SECURE
Nov 06, 2025 11:23:57 AM io.gapi.emulators.netty.HttpVersionRoutingHandler channelRead
INFO: Detected non-HTTP/2 connection.
Nov 06, 2025 11:23:57 AM io.gapi.emulators.netty.HttpVersionRoutingHandler channelRead
INFO: Detected non-HTTP/2 connection.
Nov 06, 2025 11:23:57 AM io.gapi.emulators.netty.HttpVersionRoutingHandler channelRead
INFO: Detected non-HTTP/2 connection.
Nov 06, 2025 11:23:58 AM io.gapi.emulators.netty.HttpVersionRoutingHandler channelRead
INFO: Detected non-HTTP/2 connection.
Nov 06, 2025 11:23:58 AM com.google.cloud.datastore.emulator.impl.context.EmulatorAuthorization warnAboutSecuredJwt
WARNING: expected an unsecured JWT, the emulator does not validate JWTs and IS NOT SECURE
Nov 06, 2025 11:23:58 AM io.gapi.emulators.netty.HttpVersionRoutingHandler channelRead
INFO: Detected non-HTTP/2 connection.
Nov 06, 2025 11:23:58 AM io.gapi.emulators.netty.HttpVersionRoutingHandler channelRead
INFO: Detected non-HTTP/2 connection.
Nov 06, 2025 11:23:58 AM io.gapi.emulators.netty.HttpVersionRoutingHandler channelRead
INFO: Detected non-HTTP/2 connection.
Nov 06, 2025 11:23:58 AM io.gapi.emulators.netty.HttpVersionRoutingHandler channelRead
INFO: Detected non-HTTP/2 connection.
Nov 06, 2025 11:23:58 AM com.google.cloud.datastore.emulator.impl.context.EmulatorAuthorization warnAboutSecuredJwt
WARNING: expected an unsecured JWT, the emulator does not validate JWTs and IS NOT SECURE
Nov 06, 2025 11:23:58 AM io.gapi.emulators.netty.HttpVersionRoutingHandler channelRead
INFO: Detected non-HTTP/2 connection.
Nov 06, 2025 11:23:58 AM io.gapi.emulators.netty.HttpVersionRoutingHandler channelRead
INFO: Detected non-HTTP/2 connection.
Nov 06, 2025 11:23:58 AM io.gapi.emulators.netty.HttpVersionRoutingHandler channelRead
INFO: Detected non-HTTP/2 connection.
Nov 06, 2025 11:23:59 AM io.gapi.emulators.netty.HttpVersionRoutingHandler channelRead
INFO: Detected non-HTTP/2 connection.
Nov 06, 2025 11:23:59 AM com.google.cloud.datastore.emulator.impl.context.EmulatorAuthorization warnAboutSecuredJwt
WARNING: expected an unsecured JWT, the emulator does not validate JWTs and IS NOT SECURE
Nov 06, 2025 11:23:59 AM io.gapi.emulators.netty.HttpVersionRoutingHandler channelRead
INFO: Detected non-HTTP/2 connection.
Nov 06, 2025 11:23:59 AM io.gapi.emulators.netty.HttpVersionRoutingHandler channelRead
INFO: Detected non-HTTP/2 connection.
Nov 06, 2025 11:23:59 AM io.gapi.emulators.netty.HttpVersionRoutingHandler channelRead
INFO: Detected non-HTTP/2 connection.
Nov 06, 2025 11:23:59 AM io.gapi.emulators.netty.HttpVersionRoutingHandler channelRead
INFO: Detected non-HTTP/2 connection.
Nov 06, 2025 11:23:59 AM com.google.cloud.datastore.emulator.impl.context.EmulatorAuthorization warnAboutSecuredJwt
WARNING: expected an unsecured JWT, the emulator does not validate JWTs and IS NOT SECURE
Nov 06, 2025 11:23:59 AM io.gapi.emulators.netty.HttpVersionRoutingHandler channelRead
INFO: Detected non-HTTP/2 connection.
Nov 06, 2025 11:23:59 AM io.gapi.emulators.netty.HttpVersionRoutingHandler channelRead
INFO: Detected non-HTTP/2 connection.
Nov 06, 2025 11:23:59 AM io.gapi.emulators.netty.HttpVersionRoutingHandler channelRead
INFO: Detected non-HTTP/2 connection.
Nov 06, 2025 11:24:00 AM io.gapi.emulators.netty.HttpVersionRoutingHandler channelRead
INFO: Detected non-HTTP/2 connection.
Nov 06, 2025 11:24:00 AM com.google.cloud.datastore.emulator.impl.context.EmulatorAuthorization warnAboutSecuredJwt
WARNING: expected an unsecured JWT, the emulator does not validate JWTs and IS NOT SECURE
Nov 06, 2025 11:24:00 AM io.gapi.emulators.netty.HttpVersionRoutingHandler channelRead
INFO: Detected non-HTTP/2 connection.
Nov 06, 2025 11:24:00 AM io.gapi.emulators.netty.HttpVersionRoutingHandler channelRead
INFO: Detected non-HTTP/2 connection.
Nov 06, 2025 11:24:00 AM io.gapi.emulators.netty.HttpVersionRoutingHandler channelRead
INFO: Detected non-HTTP/2 connection.
Nov 06, 2025 11:24:00 AM io.gapi.emulators.netty.HttpVersionRoutingHandler channelRead
INFO: Detected non-HTTP/2 connection.
Nov 06, 2025 11:24:00 AM com.google.cloud.datastore.emulator.impl.context.EmulatorAuthorization warnAboutSecuredJwt
WARNING: expected an unsecured JWT, the emulator does not validate JWTs and IS NOT SECURE
Nov 06, 2025 11:24:00 AM io.gapi.emulators.netty.HttpVersionRoutingHandler channelRead
INFO: Detected non-HTTP/2 connection.
Nov 06, 2025 11:24:00 AM io.gapi.emulators.netty.HttpVersionRoutingHandler channelRead
INFO: Detected non-HTTP/2 connection.
Nov 06, 2025 11:24:00 AM io.gapi.emulators.netty.HttpVersionRoutingHandler channelRead
INFO: Detected non-HTTP/2 connection.
Nov 06, 2025 11:24:01 AM io.gapi.emulators.netty.HttpVersionRoutingHandler channelRead
INFO: Detected non-HTTP/2 connection.
Nov 06, 2025 11:24:01 AM com.google.cloud.datastore.emulator.impl.context.EmulatorAuthorization warnAboutSecuredJwt
WARNING: expected an unsecured JWT, the emulator does not validate JWTs and IS NOT SECURE
Nov 06, 2025 11:24:01 AM io.gapi.emulators.netty.HttpVersionRoutingHandler channelRead
INFO: Detected non-HTTP/2 connection.
Nov 06, 2025 11:24:01 AM io.gapi.emulators.netty.HttpVersionRoutingHandler channelRead
INFO: Detected non-HTTP/2 connection.
Nov 06, 2025 11:24:01 AM io.gapi.emulators.netty.HttpVersionRoutingHandler channelRead
INFO: Detected non-HTTP/2 connection.
Nov 06, 2025 11:24:01 AM io.gapi.emulators.netty.HttpVersionRoutingHandler channelRead
INFO: Detected non-HTTP/2 connection.
Nov 06, 2025 11:24:01 AM com.google.cloud.datastore.emulator.impl.context.EmulatorAuthorization warnAboutSecuredJwt
WARNING: expected an unsecured JWT, the emulator does not validate JWTs and IS NOT SECURE
Nov 06, 2025 11:24:01 AM io.gapi.emulators.netty.HttpVersionRoutingHandler channelRead
INFO: Detected non-HTTP/2 connection.
Nov 06, 2025 11:24:01 AM io.gapi.emulators.netty.HttpVersionRoutingHandler channelRead
INFO: Detected non-HTTP/2 connection.
Nov 06, 2025 11:24:01 AM io.gapi.emulators.netty.HttpVersionRoutingHandler channelRead
INFO: Detected non-HTTP/2 connection.
Nov 06, 2025 11:24:01 AM io.gapi.emulators.netty.HttpVersionRoutingHandler channelRead
INFO: Detected non-HTTP/2 connection.
Nov 06, 2025 11:24:01 AM com.google.cloud.datastore.emulator.impl.context.EmulatorAuthorization warnAboutSecuredJwt
WARNING: expected an unsecured JWT, the emulator does not validate JWTs and IS NOT SECURE
Nov 06, 2025 11:24:01 AM io.gapi.emulators.netty.HttpVersionRoutingHandler channelRead
INFO: Detected non-HTTP/2 connection.
Nov 06, 2025 11:24:01 AM io.gapi.emulators.netty.HttpVersionRoutingHandler channelRead
INFO: Detected non-HTTP/2 connection.
Nov 06, 2025 11:24:01 AM io.gapi.emulators.netty.HttpVersionRoutingHandler channelRead
INFO: Detected non-HTTP/2 connection.
Nov 06, 2025 11:24:02 AM io.gapi.emulators.netty.HttpVersionRoutingHandler channelRead
INFO: Detected non-HTTP/2 connection.
Nov 06, 2025 11:24:02 AM com.google.cloud.datastore.emulator.impl.context.EmulatorAuthorization warnAboutSecuredJwt
WARNING: expected an unsecured JWT, the emulator does not validate JWTs and IS NOT SECURE
Nov 06, 2025 11:24:02 AM io.gapi.emulators.netty.HttpVersionRoutingHandler channelRead
INFO: Detected non-HTTP/2 connection.
Nov 06, 2025 11:24:02 AM io.gapi.emulators.netty.HttpVersionRoutingHandler channelRead
INFO: Detected non-HTTP/2 connection.
Nov 06, 2025 11:24:02 AM io.gapi.emulators.netty.HttpVersionRoutingHandler channelRead
INFO: Detected non-HTTP/2 connection.
Nov 06, 2025 11:24:02 AM io.gapi.emulators.netty.HttpVersionRoutingHandler channelRead
INFO: Detected non-HTTP/2 connection.
Nov 06, 2025 11:24:02 AM com.google.cloud.datastore.emulator.impl.context.EmulatorAuthorization warnAboutSecuredJwt
WARNING: expected an unsecured JWT, the emulator does not validate JWTs and IS NOT SECURE
Nov 06, 2025 11:24:02 AM io.gapi.emulators.netty.HttpVersionRoutingHandler channelRead
INFO: Detected non-HTTP/2 connection.
Nov 06, 2025 11:24:02 AM io.gapi.emulators.netty.HttpVersionRoutingHandler channelRead
INFO: Detected non-HTTP/2 connection.
Nov 06, 2025 11:24:02 AM io.gapi.emulators.netty.HttpVersionRoutingHandler channelRead
INFO: Detected non-HTTP/2 connection.
Nov 06, 2025 11:24:03 AM io.gapi.emulators.netty.HttpVersionRoutingHandler channelRead
INFO: Detected non-HTTP/2 connection.
Nov 06, 2025 11:24:03 AM com.google.cloud.datastore.emulator.impl.context.EmulatorAuthorization warnAboutSecuredJwt
WARNING: expected an unsecured JWT, the emulator does not validate JWTs and IS NOT SECURE
Nov 06, 2025 11:24:03 AM io.gapi.emulators.netty.HttpVersionRoutingHandler channelRead
INFO: Detected non-HTTP/2 connection.
Nov 06, 2025 11:24:03 AM io.gapi.emulators.netty.HttpVersionRoutingHandler channelRead
INFO: Detected non-HTTP/2 connection.
Nov 06, 2025 11:24:03 AM io.gapi.emulators.netty.HttpVersionRoutingHandler channelRead
INFO: Detected non-HTTP/2 connection.
Nov 06, 2025 11:24:03 AM io.gapi.emulators.netty.HttpVersionRoutingHandler channelRead
INFO: Detected non-HTTP/2 connection.
Nov 06, 2025 11:24:03 AM com.google.cloud.datastore.emulator.impl.context.EmulatorAuthorization warnAboutSecuredJwt
WARNING: expected an unsecured JWT, the emulator does not validate JWTs and IS NOT SECURE
Nov 06, 2025 11:24:03 AM io.gapi.emulators.netty.HttpVersionRoutingHandler channelRead
INFO: Detected non-HTTP/2 connection.
Nov 06, 2025 11:24:03 AM io.gapi.emulators.netty.HttpVersionRoutingHandler channelRead
INFO: Detected non-HTTP/2 connection.
Nov 06, 2025 11:24:03 AM io.gapi.emulators.netty.HttpVersionRoutingHandler channelRead
INFO: Detected non-HTTP/2 connection.
Nov 06, 2025 11:24:04 AM io.gapi.emulators.netty.HttpVersionRoutingHandler channelRead
INFO: Detected non-HTTP/2 connection.
Nov 06, 2025 11:24:04 AM com.google.cloud.datastore.emulator.impl.context.EmulatorAuthorization warnAboutSecuredJwt
WARNING: expected an unsecured JWT, the emulator does not validate JWTs and IS NOT SECURE
Nov 06, 2025 11:24:04 AM io.gapi.emulators.netty.HttpVersionRoutingHandler channelRead
INFO: Detected non-HTTP/2 connection.
Nov 06, 2025 11:24:04 AM io.gapi.emulators.netty.HttpVersionRoutingHandler channelRead
INFO: Detected non-HTTP/2 connection.
Nov 06, 2025 11:24:04 AM io.gapi.emulators.netty.HttpVersionRoutingHandler channelRead
INFO: Detected non-HTTP/2 connection.
Nov 06, 2025 11:24:04 AM io.gapi.emulators.netty.HttpVersionRoutingHandler channelRead
INFO: Detected non-HTTP/2 connection.
Nov 06, 2025 11:24:04 AM com.google.cloud.datastore.emulator.impl.context.EmulatorAuthorization warnAboutSecuredJwt
WARNING: expected an unsecured JWT, the emulator does not validate JWTs and IS NOT SECURE
Nov 06, 2025 11:24:04 AM io.gapi.emulators.netty.HttpVersionRoutingHandler channelRead
INFO: Detected non-HTTP/2 connection.
Nov 06, 2025 11:24:04 AM io.gapi.emulators.netty.HttpVersionRoutingHandler channelRead
INFO: Detected non-HTTP/2 connection.
Nov 06, 2025 11:24:04 AM io.gapi.emulators.netty.HttpVersionRoutingHandler channelRead
INFO: Detected non-HTTP/2 connection.
Nov 06, 2025 11:24:05 AM io.gapi.emulators.netty.HttpVersionRoutingHandler channelRead
INFO: Detected non-HTTP/2 connection.
Nov 06, 2025 11:24:05 AM com.google.cloud.datastore.emulator.impl.context.EmulatorAuthorization warnAboutSecuredJwt
WARNING: expected an unsecured JWT, the emulator does not validate JWTs and IS NOT SECURE
Nov 06, 2025 11:24:05 AM io.gapi.emulators.netty.HttpVersionRoutingHandler channelRead
INFO: Detected non-HTTP/2 connection.
Nov 06, 2025 11:24:05 AM io.gapi.emulators.netty.HttpVersionRoutingHandler channelRead
INFO: Detected non-HTTP/2 connection.
Nov 06, 2025 11:24:05 AM io.gapi.emulators.netty.HttpVersionRoutingHandler channelRead
INFO: Detected non-HTTP/2 connection.
Nov 06, 2025 11:24:05 AM io.gapi.emulators.netty.HttpVersionRoutingHandler channelRead
INFO: Detected non-HTTP/2 connection.
Nov 06, 2025 11:24:05 AM com.google.cloud.datastore.emulator.impl.context.EmulatorAuthorization warnAboutSecuredJwt
WARNING: expected an unsecured JWT, the emulator does not validate JWTs and IS NOT SECURE
Nov 06, 2025 11:24:05 AM io.gapi.emulators.netty.HttpVersionRoutingHandler channelRead
INFO: Detected non-HTTP/2 connection.
Nov 06, 2025 11:24:05 AM io.gapi.emulators.netty.HttpVersionRoutingHandler channelRead
INFO: Detected non-HTTP/2 connection.
Nov 06, 2025 11:24:05 AM io.gapi.emulators.netty.HttpVersionRoutingHandler channelRead
INFO: Detected non-HTTP/2 connection.
Nov 06, 2025 11:24:05 AM io.gapi.emulators.netty.HttpVersionRoutingHandler channelRead
INFO: Detected non-HTTP/2 connection.
Nov 06, 2025 11:24:05 AM com.google.cloud.datastore.emulator.impl.context.EmulatorAuthorization warnAboutSecuredJwt
WARNING: expected an unsecured JWT, the emulator does not validate JWTs and IS NOT SECURE
Nov 06, 2025 11:24:06 AM io.gapi.emulators.netty.HttpVersionRoutingHandler channelRead
INFO: Detected non-HTTP/2 connection.
Nov 06, 2025 11:24:06 AM io.gapi.emulators.netty.HttpVersionRoutingHandler channelRead
INFO: Detected non-HTTP/2 connection.
Nov 06, 2025 11:24:06 AM io.gapi.emulators.netty.HttpVersionRoutingHandler channelRead
INFO: Detected non-HTTP/2 connection.
Nov 06, 2025 11:24:06 AM io.gapi.emulators.netty.HttpVersionRoutingHandler channelRead
INFO: Detected non-HTTP/2 connection.
Nov 06, 2025 11:24:06 AM com.google.cloud.datastore.emulator.impl.context.EmulatorAuthorization warnAboutSecuredJwt
WARNING: expected an unsecured JWT, the emulator does not validate JWTs and IS NOT SECURE
Nov 06, 2025 11:24:06 AM io.gapi.emulators.netty.HttpVersionRoutingHandler channelRead
INFO: Detected non-HTTP/2 connection.
Nov 06, 2025 11:24:06 AM io.gapi.emulators.netty.HttpVersionRoutingHandler channelRead
INFO: Detected non-HTTP/2 connection.
Nov 06, 2025 11:24:06 AM io.gapi.emulators.netty.HttpVersionRoutingHandler channelRead
INFO: Detected non-HTTP/2 connection.
Nov 06, 2025 11:24:06 AM io.gapi.emulators.netty.HttpVersionRoutingHandler channelRead
INFO: Detected non-HTTP/2 connection.
Nov 06, 2025 11:24:06 AM com.google.cloud.datastore.emulator.impl.context.EmulatorAuthorization warnAboutSecuredJwt
WARNING: expected an unsecured JWT, the emulator does not validate JWTs and IS NOT SECURE
Nov 06, 2025 11:24:06 AM io.gapi.emulators.netty.HttpVersionRoutingHandler channelRead
INFO: Detected non-HTTP/2 connection.
Nov 06, 2025 11:24:06 AM io.gapi.emulators.netty.HttpVersionRoutingHandler channelRead
INFO: Detected non-HTTP/2 connection.
Nov 06, 2025 11:24:06 AM io.gapi.emulators.netty.HttpVersionRoutingHandler channelRead
INFO: Detected non-HTTP/2 connection.
Nov 06, 2025 11:24:07 AM io.gapi.emulators.netty.HttpVersionRoutingHandler channelRead
INFO: Detected non-HTTP/2 connection.
Nov 06, 2025 11:24:07 AM com.google.cloud.datastore.emulator.impl.context.EmulatorAuthorization warnAboutSecuredJwt
WARNING: expected an unsecured JWT, the emulator does not validate JWTs and IS NOT SECURE
Nov 06, 2025 11:24:07 AM io.gapi.emulators.netty.HttpVersionRoutingHandler channelRead
INFO: Detected non-HTTP/2 connection.
Nov 06, 2025 11:24:07 AM io.gapi.emulators.netty.HttpVersionRoutingHandler channelRead
INFO: Detected non-HTTP/2 connection.
Nov 06, 2025 11:24:07 AM io.gapi.emulators.netty.HttpVersionRoutingHandler channelRead
INFO: Detected non-HTTP/2 connection.
Nov 06, 2025 11:24:07 AM io.gapi.emulators.netty.HttpVersionRoutingHandler channelRead
INFO: Detected non-HTTP/2 connection.
Nov 06, 2025 11:24:07 AM com.google.cloud.datastore.emulator.impl.context.EmulatorAuthorization warnAboutSecuredJwt
WARNING: expected an unsecured JWT, the emulator does not validate JWTs and IS NOT SECURE
Nov 06, 2025 11:24:07 AM io.gapi.emulators.netty.HttpVersionRoutingHandler channelRead
INFO: Detected non-HTTP/2 connection.
Nov 06, 2025 11:24:07 AM io.gapi.emulators.netty.HttpVersionRoutingHandler channelRead
INFO: Detected non-HTTP/2 connection.
Nov 06, 2025 11:24:07 AM io.gapi.emulators.netty.HttpVersionRoutingHandler channelRead
INFO: Detected non-HTTP/2 connection.
Nov 06, 2025 11:24:08 AM io.gapi.emulators.netty.HttpVersionRoutingHandler channelRead
INFO: Detected non-HTTP/2 connection.
Nov 06, 2025 11:24:08 AM com.google.cloud.datastore.emulator.impl.context.EmulatorAuthorization warnAboutSecuredJwt
WARNING: expected an unsecured JWT, the emulator does not validate JWTs and IS NOT SECURE
Nov 06, 2025 11:24:08 AM io.gapi.emulators.netty.HttpVersionRoutingHandler channelRead
INFO: Detected non-HTTP/2 connection.
Nov 06, 2025 11:24:08 AM io.gapi.emulators.netty.HttpVersionRoutingHandler channelRead
INFO: Detected non-HTTP/2 connection.
Nov 06, 2025 11:24:08 AM io.gapi.emulators.netty.HttpVersionRoutingHandler channelRead
INFO: Detected non-HTTP/2 connection.
Nov 06, 2025 11:24:08 AM io.gapi.emulators.netty.HttpVersionRoutingHandler channelRead
INFO: Detected non-HTTP/2 connection.
Nov 06, 2025 11:24:08 AM com.google.cloud.datastore.emulator.impl.context.EmulatorAuthorization warnAboutSecuredJwt
WARNING: expected an unsecured JWT, the emulator does not validate JWTs and IS NOT SECURE
Nov 06, 2025 11:24:08 AM io.gapi.emulators.netty.HttpVersionRoutingHandler channelRead
INFO: Detected non-HTTP/2 connection.
Nov 06, 2025 11:24:08 AM io.gapi.emulators.netty.HttpVersionRoutingHandler channelRead
INFO: Detected non-HTTP/2 connection.
Nov 06, 2025 11:24:08 AM io.gapi.emulators.netty.HttpVersionRoutingHandler channelRead
INFO: Detected non-HTTP/2 connection.
Nov 06, 2025 11:24:09 AM io.gapi.emulators.netty.HttpVersionRoutingHandler channelRead
INFO: Detected non-HTTP/2 connection.
Nov 06, 2025 11:24:09 AM com.google.cloud.datastore.emulator.impl.context.EmulatorAuthorization warnAboutSecuredJwt
WARNING: expected an unsecured JWT, the emulator does not validate JWTs and IS NOT SECURE
Nov 06, 2025 11:24:09 AM io.gapi.emulators.netty.HttpVersionRoutingHandler channelRead
INFO: Detected non-HTTP/2 connection.
Nov 06, 2025 11:24:09 AM io.gapi.emulators.netty.HttpVersionRoutingHandler channelRead
INFO: Detected non-HTTP/2 connection.
Nov 06, 2025 11:24:09 AM io.gapi.emulators.netty.HttpVersionRoutingHandler channelRead
INFO: Detected non-HTTP/2 connection.
Nov 06, 2025 11:24:09 AM io.gapi.emulators.netty.HttpVersionRoutingHandler channelRead
INFO: Detected non-HTTP/2 connection.
Nov 06, 2025 11:24:09 AM com.google.cloud.datastore.emulator.impl.context.EmulatorAuthorization warnAboutSecuredJwt
WARNING: expected an unsecured JWT, the emulator does not validate JWTs and IS NOT SECURE
Nov 06, 2025 11:24:09 AM io.gapi.emulators.netty.HttpVersionRoutingHandler channelRead
INFO: Detected non-HTTP/2 connection.
Nov 06, 2025 11:24:09 AM io.gapi.emulators.netty.HttpVersionRoutingHandler channelRead
INFO: Detected non-HTTP/2 connection.
Nov 06, 2025 11:24:09 AM io.gapi.emulators.netty.HttpVersionRoutingHandler channelRead
INFO: Detected non-HTTP/2 connection.
Nov 06, 2025 11:24:10 AM io.gapi.emulators.netty.HttpVersionRoutingHandler channelRead
INFO: Detected non-HTTP/2 connection.
Nov 06, 2025 11:24:10 AM com.google.cloud.datastore.emulator.impl.context.EmulatorAuthorization warnAboutSecuredJwt
WARNING: expected an unsecured JWT, the emulator does not validate JWTs and IS NOT SECURE
Nov 06, 2025 11:24:10 AM io.gapi.emulators.netty.HttpVersionRoutingHandler channelRead
INFO: Detected non-HTTP/2 connection.
Nov 06, 2025 11:24:10 AM io.gapi.emulators.netty.HttpVersionRoutingHandler channelRead
INFO: Detected non-HTTP/2 connection.
Nov 06, 2025 11:24:10 AM io.gapi.emulators.netty.HttpVersionRoutingHandler channelRead
INFO: Detected non-HTTP/2 connection.
Nov 06, 2025 11:24:10 AM io.gapi.emulators.netty.HttpVersionRoutingHandler channelRead
INFO: Detected non-HTTP/2 connection.
Nov 06, 2025 11:24:10 AM com.google.cloud.datastore.emulator.impl.context.EmulatorAuthorization warnAboutSecuredJwt
WARNING: expected an unsecured JWT, the emulator does not validate JWTs and IS NOT SECURE
Nov 06, 2025 11:24:10 AM io.gapi.emulators.netty.HttpVersionRoutingHandler channelRead
INFO: Detected non-HTTP/2 connection.
Nov 06, 2025 11:24:10 AM io.gapi.emulators.netty.HttpVersionRoutingHandler channelRead
INFO: Detected non-HTTP/2 connection.
Nov 06, 2025 11:24:10 AM io.gapi.emulators.netty.HttpVersionRoutingHandler channelRead
INFO: Detected non-HTTP/2 connection.
Nov 06, 2025 11:24:10 AM io.gapi.emulators.netty.HttpVersionRoutingHandler channelRead
INFO: Detected non-HTTP/2 connection.
Nov 06, 2025 11:24:10 AM com.google.cloud.datastore.emulator.impl.context.EmulatorAuthorization warnAboutSecuredJwt
WARNING: expected an unsecured JWT, the emulator does not validate JWTs and IS NOT SECURE
Nov 06, 2025 11:24:11 AM io.gapi.emulators.netty.HttpVersionRoutingHandler channelRead
INFO: Detected non-HTTP/2 connection.
Nov 06, 2025 11:24:11 AM io.gapi.emulators.netty.HttpVersionRoutingHandler channelRead
INFO: Detected non-HTTP/2 connection.
Nov 06, 2025 11:24:11 AM io.gapi.emulators.netty.HttpVersionRoutingHandler channelRead
INFO: Detected non-HTTP/2 connection.
Nov 06, 2025 11:24:11 AM io.gapi.emulators.netty.HttpVersionRoutingHandler channelRead
INFO: Detected non-HTTP/2 connection.
Nov 06, 2025 11:24:11 AM com.google.cloud.datastore.emulator.impl.context.EmulatorAuthorization warnAboutSecuredJwt
WARNING: expected an unsecured JWT, the emulator does not validate JWTs and IS NOT SECURE
Nov 06, 2025 11:24:11 AM io.gapi.emulators.netty.HttpVersionRoutingHandler channelRead
INFO: Detected non-HTTP/2 connection.
Nov 06, 2025 11:24:11 AM io.gapi.emulators.netty.HttpVersionRoutingHandler channelRead
INFO: Detected non-HTTP/2 connection.
Nov 06, 2025 11:24:11 AM io.gapi.emulators.netty.HttpVersionRoutingHandler channelRead
INFO: Detected non-HTTP/2 connection.
Nov 06, 2025 11:24:11 AM io.gapi.emulators.netty.HttpVersionRoutingHandler channelRead
INFO: Detected non-HTTP/2 connection.
Nov 06, 2025 11:24:11 AM com.google.cloud.datastore.emulator.impl.context.EmulatorAuthorization warnAboutSecuredJwt
WARNING: expected an unsecured JWT, the emulator does not validate JWTs and IS NOT SECURE
Nov 06, 2025 11:24:11 AM io.gapi.emulators.netty.HttpVersionRoutingHandler channelRead
INFO: Detected non-HTTP/2 connection.
Nov 06, 2025 11:24:11 AM io.gapi.emulators.netty.HttpVersionRoutingHandler channelRead
INFO: Detected non-HTTP/2 connection.
Nov 06, 2025 11:24:11 AM io.gapi.emulators.netty.HttpVersionRoutingHandler channelRead
INFO: Detected non-HTTP/2 connection.
Nov 06, 2025 11:24:12 AM io.gapi.emulators.netty.HttpVersionRoutingHandler channelRead
INFO: Detected non-HTTP/2 connection.
Nov 06, 2025 11:24:12 AM com.google.cloud.datastore.emulator.impl.context.EmulatorAuthorization warnAboutSecuredJwt
WARNING: expected an unsecured JWT, the emulator does not validate JWTs and IS NOT SECURE
Nov 06, 2025 11:24:12 AM io.gapi.emulators.netty.HttpVersionRoutingHandler channelRead
INFO: Detected non-HTTP/2 connection.
Nov 06, 2025 11:24:12 AM io.gapi.emulators.netty.HttpVersionRoutingHandler channelRead
INFO: Detected non-HTTP/2 connection.
Nov 06, 2025 11:24:12 AM io.gapi.emulators.netty.HttpVersionRoutingHandler channelRead
INFO: Detected non-HTTP/2 connection.
Nov 06, 2025 11:24:12 AM io.gapi.emulators.netty.HttpVersionRoutingHandler channelRead
INFO: Detected non-HTTP/2 connection.
Nov 06, 2025 11:24:12 AM com.google.cloud.datastore.emulator.impl.context.EmulatorAuthorization warnAboutSecuredJwt
WARNING: expected an unsecured JWT, the emulator does not validate JWTs and IS NOT SECURE
Nov 06, 2025 11:24:12 AM io.gapi.emulators.netty.HttpVersionRoutingHandler channelRead
INFO: Detected non-HTTP/2 connection.
Nov 06, 2025 11:24:12 AM io.gapi.emulators.netty.HttpVersionRoutingHandler channelRead
INFO: Detected non-HTTP/2 connection.
Nov 06, 2025 11:24:12 AM io.gapi.emulators.netty.HttpVersionRoutingHandler channelRead
INFO: Detected non-HTTP/2 connection.
Nov 06, 2025 11:24:13 AM io.gapi.emulators.netty.HttpVersionRoutingHandler channelRead
INFO: Detected non-HTTP/2 connection.
Nov 06, 2025 11:24:13 AM com.google.cloud.datastore.emulator.impl.context.EmulatorAuthorization warnAboutSecuredJwt
WARNING: expected an unsecured JWT, the emulator does not validate JWTs and IS NOT SECURE
Nov 06, 2025 11:24:13 AM io.gapi.emulators.netty.HttpVersionRoutingHandler channelRead
INFO: Detected non-HTTP/2 connection.
Nov 06, 2025 11:24:13 AM io.gapi.emulators.netty.HttpVersionRoutingHandler channelRead
INFO: Detected non-HTTP/2 connection.
Nov 06, 2025 11:24:13 AM io.gapi.emulators.netty.HttpVersionRoutingHandler channelRead
INFO: Detected non-HTTP/2 connection.
Nov 06, 2025 11:24:13 AM io.gapi.emulators.netty.HttpVersionRoutingHandler channelRead
INFO: Detected non-HTTP/2 connection.
Nov 06, 2025 11:24:13 AM com.google.cloud.datastore.emulator.impl.context.EmulatorAuthorization warnAboutSecuredJwt
WARNING: expected an unsecured JWT, the emulator does not validate JWTs and IS NOT SECURE
Nov 06, 2025 11:24:13 AM io.gapi.emulators.netty.HttpVersionRoutingHandler channelRead
INFO: Detected non-HTTP/2 connection.
Nov 06, 2025 11:24:13 AM io.gapi.emulators.netty.HttpVersionRoutingHandler channelRead
INFO: Detected non-HTTP/2 connection.
Nov 06, 2025 11:24:13 AM io.gapi.emulators.netty.HttpVersionRoutingHandler channelRead
INFO: Detected non-HTTP/2 connection.
Nov 06, 2025 11:24:13 AM io.gapi.emulators.netty.HttpVersionRoutingHandler channelRead
INFO: Detected non-HTTP/2 connection.
Nov 06, 2025 11:24:13 AM com.google.cloud.datastore.emulator.impl.context.EmulatorAuthorization warnAboutSecuredJwt
WARNING: expected an unsecured JWT, the emulator does not validate JWTs and IS NOT SECURE
Nov 06, 2025 11:24:14 AM io.gapi.emulators.netty.HttpVersionRoutingHandler channelRead
INFO: Detected non-HTTP/2 connection.
Nov 06, 2025 11:24:14 AM io.gapi.emulators.netty.HttpVersionRoutingHandler channelRead
INFO: Detected non-HTTP/2 connection.
Nov 06, 2025 11:24:14 AM io.gapi.emulators.netty.HttpVersionRoutingHandler channelRead
INFO: Detected non-HTTP/2 connection.
Nov 06, 2025 11:24:14 AM io.gapi.emulators.netty.HttpVersionRoutingHandler channelRead
INFO: Detected non-HTTP/2 connection.
Nov 06, 2025 11:24:14 AM com.google.cloud.datastore.emulator.impl.context.EmulatorAuthorization warnAboutSecuredJwt
WARNING: expected an unsecured JWT, the emulator does not validate JWTs and IS NOT SECURE
Nov 06, 2025 11:24:14 AM io.gapi.emulators.netty.HttpVersionRoutingHandler channelRead
INFO: Detected non-HTTP/2 connection.
Nov 06, 2025 11:24:14 AM io.gapi.emulators.netty.HttpVersionRoutingHandler channelRead
INFO: Detected non-HTTP/2 connection.
Nov 06, 2025 11:24:14 AM io.gapi.emulators.netty.HttpVersionRoutingHandler channelRead
INFO: Detected non-HTTP/2 connection.
Nov 06, 2025 11:24:15 AM io.gapi.emulators.netty.HttpVersionRoutingHandler channelRead
INFO: Detected non-HTTP/2 connection.
Nov 06, 2025 11:24:15 AM com.google.cloud.datastore.emulator.impl.context.EmulatorAuthorization warnAboutSecuredJwt
WARNING: expected an unsecured JWT, the emulator does not validate JWTs and IS NOT SECURE
Nov 06, 2025 11:24:15 AM io.gapi.emulators.netty.HttpVersionRoutingHandler channelRead
INFO: Detected non-HTTP/2 connection.
Nov 06, 2025 11:24:15 AM io.gapi.emulators.netty.HttpVersionRoutingHandler channelRead
INFO: Detected non-HTTP/2 connection.
Nov 06, 2025 11:24:15 AM io.gapi.emulators.netty.HttpVersionRoutingHandler channelRead
INFO: Detected non-HTTP/2 connection.
Nov 06, 2025 11:24:15 AM io.gapi.emulators.netty.HttpVersionRoutingHandler channelRead
INFO: Detected non-HTTP/2 connection.
Nov 06, 2025 11:24:15 AM com.google.cloud.datastore.emulator.impl.context.EmulatorAuthorization warnAboutSecuredJwt
WARNING: expected an unsecured JWT, the emulator does not validate JWTs and IS NOT SECURE
Nov 06, 2025 11:24:15 AM io.gapi.emulators.netty.HttpVersionRoutingHandler channelRead
INFO: Detected non-HTTP/2 connection.
Nov 06, 2025 11:24:15 AM io.gapi.emulators.netty.HttpVersionRoutingHandler channelRead
INFO: Detected non-HTTP/2 connection.
Nov 06, 2025 11:24:15 AM io.gapi.emulators.netty.HttpVersionRoutingHandler channelRead
INFO: Detected non-HTTP/2 connection.
Nov 06, 2025 11:24:15 AM io.gapi.emulators.netty.HttpVersionRoutingHandler channelRead
INFO: Detected non-HTTP/2 connection.
Nov 06, 2025 11:24:15 AM com.google.cloud.datastore.emulator.impl.context.EmulatorAuthorization warnAboutSecuredJwt
WARNING: expected an unsecured JWT, the emulator does not validate JWTs and IS NOT SECURE
Nov 06, 2025 11:24:15 AM io.gapi.emulators.netty.HttpVersionRoutingHandler channelRead
INFO: Detected non-HTTP/2 connection.
Nov 06, 2025 11:24:15 AM io.gapi.emulators.netty.HttpVersionRoutingHandler channelRead
INFO: Detected non-HTTP/2 connection.
Nov 06, 2025 11:24:15 AM io.gapi.emulators.netty.HttpVersionRoutingHandler channelRead
INFO: Detected non-HTTP/2 connection.
Nov 06, 2025 11:24:16 AM io.gapi.emulators.netty.HttpVersionRoutingHandler channelRead
INFO: Detected non-HTTP/2 connection.
Nov 06, 2025 11:24:16 AM com.google.cloud.datastore.emulator.impl.context.EmulatorAuthorization warnAboutSecuredJwt
WARNING: expected an unsecured JWT, the emulator does not validate JWTs and IS NOT SECURE
Nov 06, 2025 11:24:16 AM io.gapi.emulators.netty.HttpVersionRoutingHandler channelRead
INFO: Detected non-HTTP/2 connection.
Nov 06, 2025 11:24:16 AM io.gapi.emulators.netty.HttpVersionRoutingHandler channelRead
INFO: Detected non-HTTP/2 connection.
Nov 06, 2025 11:24:16 AM io.gapi.emulators.netty.HttpVersionRoutingHandler channelRead
INFO: Detected non-HTTP/2 connection.
Nov 06, 2025 11:24:16 AM io.gapi.emulators.netty.HttpVersionRoutingHandler channelRead
INFO: Detected non-HTTP/2 connection.
Nov 06, 2025 11:24:16 AM com.google.cloud.datastore.emulator.impl.context.EmulatorAuthorization warnAboutSecuredJwt
WARNING: expected an unsecured JWT, the emulator does not validate JWTs and IS NOT SECURE
Nov 06, 2025 11:24:16 AM io.gapi.emulators.netty.HttpVersionRoutingHandler channelRead
INFO: Detected non-HTTP/2 connection.
Nov 06, 2025 11:24:16 AM io.gapi.emulators.netty.HttpVersionRoutingHandler channelRead
INFO: Detected non-HTTP/2 connection.
Nov 06, 2025 11:24:16 AM io.gapi.emulators.netty.HttpVersionRoutingHandler channelRead
INFO: Detected non-HTTP/2 connection.
Nov 06, 2025 11:24:17 AM io.gapi.emulators.netty.HttpVersionRoutingHandler channelRead
INFO: Detected non-HTTP/2 connection.
Nov 06, 2025 11:24:17 AM com.google.cloud.datastore.emulator.impl.context.EmulatorAuthorization warnAboutSecuredJwt
WARNING: expected an unsecured JWT, the emulator does not validate JWTs and IS NOT SECURE
Nov 06, 2025 11:24:17 AM io.gapi.emulators.netty.HttpVersionRoutingHandler channelRead
INFO: Detected non-HTTP/2 connection.
Nov 06, 2025 11:24:17 AM io.gapi.emulators.netty.HttpVersionRoutingHandler channelRead
INFO: Detected non-HTTP/2 connection.
Nov 06, 2025 11:24:17 AM io.gapi.emulators.netty.HttpVersionRoutingHandler channelRead
INFO: Detected non-HTTP/2 connection.
Nov 06, 2025 11:24:17 AM io.gapi.emulators.netty.HttpVersionRoutingHandler channelRead
INFO: Detected non-HTTP/2 connection.
Nov 06, 2025 11:24:17 AM com.google.cloud.datastore.emulator.impl.context.EmulatorAuthorization warnAboutSecuredJwt
WARNING: expected an unsecured JWT, the emulator does not validate JWTs and IS NOT SECURE
Nov 06, 2025 11:24:17 AM io.gapi.emulators.netty.HttpVersionRoutingHandler channelRead
INFO: Detected non-HTTP/2 connection.
Nov 06, 2025 11:24:17 AM io.gapi.emulators.netty.HttpVersionRoutingHandler channelRead
INFO: Detected non-HTTP/2 connection.
Nov 06, 2025 11:24:17 AM io.gapi.emulators.netty.HttpVersionRoutingHandler channelRead
INFO: Detected non-HTTP/2 connection.
Nov 06, 2025 11:24:17 AM io.gapi.emulators.netty.HttpVersionRoutingHandler channelRead
INFO: Detected non-HTTP/2 connection.
Nov 06, 2025 11:24:17 AM com.google.cloud.datastore.emulator.impl.context.EmulatorAuthorization warnAboutSecuredJwt
WARNING: expected an unsecured JWT, the emulator does not validate JWTs and IS NOT SECURE
Nov 06, 2025 11:24:17 AM io.gapi.emulators.netty.HttpVersionRoutingHandler channelRead
INFO: Detected non-HTTP/2 connection.
Nov 06, 2025 11:24:17 AM io.gapi.emulators.netty.HttpVersionRoutingHandler channelRead
INFO: Detected non-HTTP/2 connection.
Nov 06, 2025 11:24:17 AM io.gapi.emulators.netty.HttpVersionRoutingHandler channelRead
INFO: Detected non-HTTP/2 connection.
Nov 06, 2025 11:24:18 AM io.gapi.emulators.netty.HttpVersionRoutingHandler channelRead
INFO: Detected non-HTTP/2 connection.
Nov 06, 2025 11:24:18 AM com.google.cloud.datastore.emulator.impl.context.EmulatorAuthorization warnAboutSecuredJwt
WARNING: expected an unsecured JWT, the emulator does not validate JWTs and IS NOT SECURE
Nov 06, 2025 11:24:18 AM io.gapi.emulators.netty.HttpVersionRoutingHandler channelRead
INFO: Detected non-HTTP/2 connection.
Nov 06, 2025 11:24:18 AM io.gapi.emulators.netty.HttpVersionRoutingHandler channelRead
INFO: Detected non-HTTP/2 connection.
Nov 06, 2025 11:24:18 AM io.gapi.emulators.netty.HttpVersionRoutingHandler channelRead
INFO: Detected non-HTTP/2 connection.
Nov 06, 2025 11:24:18 AM io.gapi.emulators.netty.HttpVersionRoutingHandler channelRead
INFO: Detected non-HTTP/2 connection.
Nov 06, 2025 11:24:18 AM com.google.cloud.datastore.emulator.impl.context.EmulatorAuthorization warnAboutSecuredJwt
WARNING: expected an unsecured JWT, the emulator does not validate JWTs and IS NOT SECURE
Nov 06, 2025 11:24:18 AM io.gapi.emulators.netty.HttpVersionRoutingHandler channelRead
INFO: Detected non-HTTP/2 connection.
Nov 06, 2025 11:24:18 AM io.gapi.emulators.netty.HttpVersionRoutingHandler channelRead
INFO: Detected non-HTTP/2 connection.
Nov 06, 2025 11:24:18 AM io.gapi.emulators.netty.HttpVersionRoutingHandler channelRead
INFO: Detected non-HTTP/2 connection.
Nov 06, 2025 11:24:19 AM io.gapi.emulators.netty.HttpVersionRoutingHandler channelRead
INFO: Detected non-HTTP/2 connection.
Nov 06, 2025 11:24:19 AM com.google.cloud.datastore.emulator.impl.context.EmulatorAuthorization warnAboutSecuredJwt
WARNING: expected an unsecured JWT, the emulator does not validate JWTs and IS NOT SECURE
Nov 06, 2025 11:24:19 AM io.gapi.emulators.netty.HttpVersionRoutingHandler channelRead
INFO: Detected non-HTTP/2 connection.
Nov 06, 2025 11:24:19 AM io.gapi.emulators.netty.HttpVersionRoutingHandler channelRead
INFO: Detected non-HTTP/2 connection.
Nov 06, 2025 11:24:19 AM io.gapi.emulators.netty.HttpVersionRoutingHandler channelRead
INFO: Detected non-HTTP/2 connection.
Nov 06, 2025 11:24:19 AM io.gapi.emulators.netty.HttpVersionRoutingHandler channelRead
INFO: Detected non-HTTP/2 connection.
Nov 06, 2025 11:24:19 AM com.google.cloud.datastore.emulator.impl.context.EmulatorAuthorization warnAboutSecuredJwt
WARNING: expected an unsecured JWT, the emulator does not validate JWTs and IS NOT SECURE
Nov 06, 2025 11:24:19 AM io.gapi.emulators.netty.HttpVersionRoutingHandler channelRead
INFO: Detected non-HTTP/2 connection.
Nov 06, 2025 11:24:19 AM io.gapi.emulators.netty.HttpVersionRoutingHandler channelRead
INFO: Detected non-HTTP/2 connection.
Nov 06, 2025 11:24:19 AM io.gapi.emulators.netty.HttpVersionRoutingHandler channelRead
INFO: Detected non-HTTP/2 connection.
Nov 06, 2025 11:24:19 AM io.gapi.emulators.netty.HttpVersionRoutingHandler channelRead
INFO: Detected non-HTTP/2 connection.
Nov 06, 2025 11:24:19 AM com.google.cloud.datastore.emulator.impl.context.EmulatorAuthorization warnAboutSecuredJwt
WARNING: expected an unsecured JWT, the emulator does not validate JWTs and IS NOT SECURE
Nov 06, 2025 11:24:19 AM io.gapi.emulators.netty.HttpVersionRoutingHandler channelRead
INFO: Detected non-HTTP/2 connection.
Nov 06, 2025 11:24:19 AM io.gapi.emulators.netty.HttpVersionRoutingHandler channelRead
INFO: Detected non-HTTP/2 connection.
Nov 06, 2025 11:24:19 AM io.gapi.emulators.netty.HttpVersionRoutingHandler channelRead
INFO: Detected non-HTTP/2 connection.
Nov 06, 2025 11:24:20 AM io.gapi.emulators.netty.HttpVersionRoutingHandler channelRead
INFO: Detected non-HTTP/2 connection.
Nov 06, 2025 11:24:20 AM com.google.cloud.datastore.emulator.impl.context.EmulatorAuthorization warnAboutSecuredJwt
WARNING: expected an unsecured JWT, the emulator does not validate JWTs and IS NOT SECURE
Nov 06, 2025 11:24:20 AM io.gapi.emulators.netty.HttpVersionRoutingHandler channelRead
INFO: Detected non-HTTP/2 connection.
Nov 06, 2025 11:24:20 AM io.gapi.emulators.netty.HttpVersionRoutingHandler channelRead
INFO: Detected non-HTTP/2 connection.
Nov 06, 2025 11:24:20 AM io.gapi.emulators.netty.HttpVersionRoutingHandler channelRead
INFO: Detected non-HTTP/2 connection.
Nov 06, 2025 11:24:20 AM io.gapi.emulators.netty.HttpVersionRoutingHandler channelRead
INFO: Detected non-HTTP/2 connection.
Nov 06, 2025 11:24:20 AM com.google.cloud.datastore.emulator.impl.context.EmulatorAuthorization warnAboutSecuredJwt
WARNING: expected an unsecured JWT, the emulator does not validate JWTs and IS NOT SECURE
Nov 06, 2025 11:24:20 AM io.gapi.emulators.netty.HttpVersionRoutingHandler channelRead
INFO: Detected non-HTTP/2 connection.
Nov 06, 2025 11:24:20 AM io.gapi.emulators.netty.HttpVersionRoutingHandler channelRead
INFO: Detected non-HTTP/2 connection.
Nov 06, 2025 11:24:20 AM io.gapi.emulators.netty.HttpVersionRoutingHandler channelRead
INFO: Detected non-HTTP/2 connection.
Nov 06, 2025 11:24:21 AM io.gapi.emulators.netty.HttpVersionRoutingHandler channelRead
INFO: Detected non-HTTP/2 connection.
Nov 06, 2025 11:24:21 AM com.google.cloud.datastore.emulator.impl.context.EmulatorAuthorization warnAboutSecuredJwt
WARNING: expected an unsecured JWT, the emulator does not validate JWTs and IS NOT SECURE
Nov 06, 2025 11:24:21 AM io.gapi.emulators.netty.HttpVersionRoutingHandler channelRead
INFO: Detected non-HTTP/2 connection.
Nov 06, 2025 11:24:21 AM io.gapi.emulators.netty.HttpVersionRoutingHandler channelRead
INFO: Detected non-HTTP/2 connection.
Nov 06, 2025 11:24:21 AM io.gapi.emulators.netty.HttpVersionRoutingHandler channelRead
INFO: Detected non-HTTP/2 connection.
Nov 06, 2025 11:24:21 AM io.gapi.emulators.netty.HttpVersionRoutingHandler channelRead
INFO: Detected non-HTTP/2 connection.
Nov 06, 2025 11:24:21 AM com.google.cloud.datastore.emulator.impl.context.EmulatorAuthorization warnAboutSecuredJwt
WARNING: expected an unsecured JWT, the emulator does not validate JWTs and IS NOT SECURE
Nov 06, 2025 11:24:21 AM io.gapi.emulators.netty.HttpVersionRoutingHandler channelRead
INFO: Detected non-HTTP/2 connection.
Nov 06, 2025 11:24:21 AM io.gapi.emulators.netty.HttpVersionRoutingHandler channelRead
INFO: Detected non-HTTP/2 connection.
Nov 06, 2025 11:24:21 AM io.gapi.emulators.netty.HttpVersionRoutingHandler channelRead
INFO: Detected non-HTTP/2 connection.
Nov 06, 2025 11:24:22 AM io.gapi.emulators.netty.HttpVersionRoutingHandler channelRead
INFO: Detected non-HTTP/2 connection.
Nov 06, 2025 11:24:22 AM com.google.cloud.datastore.emulator.impl.context.EmulatorAuthorization warnAboutSecuredJwt
WARNING: expected an unsecured JWT, the emulator does not validate JWTs and IS NOT SECURE
Nov 06, 2025 11:24:22 AM io.gapi.emulators.netty.HttpVersionRoutingHandler channelRead
INFO: Detected non-HTTP/2 connection.
Nov 06, 2025 11:24:22 AM io.gapi.emulators.netty.HttpVersionRoutingHandler channelRead
INFO: Detected non-HTTP/2 connection.
Nov 06, 2025 11:24:22 AM io.gapi.emulators.netty.HttpVersionRoutingHandler channelRead
INFO: Detected non-HTTP/2 connection.
Nov 06, 2025 11:24:22 AM io.gapi.emulators.netty.HttpVersionRoutingHandler channelRead
INFO: Detected non-HTTP/2 connection.
Nov 06, 2025 11:24:22 AM com.google.cloud.datastore.emulator.impl.context.EmulatorAuthorization warnAboutSecuredJwt
WARNING: expected an unsecured JWT, the emulator does not validate JWTs and IS NOT SECURE
Nov 06, 2025 11:24:22 AM io.gapi.emulators.netty.HttpVersionRoutingHandler channelRead
INFO: Detected non-HTTP/2 connection.
Nov 06, 2025 11:24:22 AM io.gapi.emulators.netty.HttpVersionRoutingHandler channelRead
INFO: Detected non-HTTP/2 connection.
Nov 06, 2025 11:24:22 AM io.gapi.emulators.netty.HttpVersionRoutingHandler channelRead
INFO: Detected non-HTTP/2 connection.
Nov 06, 2025 11:24:23 AM io.gapi.emulators.netty.HttpVersionRoutingHandler channelRead
INFO: Detected non-HTTP/2 connection.
Nov 06, 2025 11:24:23 AM com.google.cloud.datastore.emulator.impl.context.EmulatorAuthorization warnAboutSecuredJwt
WARNING: expected an unsecured JWT, the emulator does not validate JWTs and IS NOT SECURE
Nov 06, 2025 11:24:23 AM io.gapi.emulators.netty.HttpVersionRoutingHandler channelRead
INFO: Detected non-HTTP/2 connection.
Nov 06, 2025 11:24:23 AM io.gapi.emulators.netty.HttpVersionRoutingHandler channelRead
INFO: Detected non-HTTP/2 connection.
Nov 06, 2025 11:24:23 AM io.gapi.emulators.netty.HttpVersionRoutingHandler channelRead
INFO: Detected non-HTTP/2 connection.
Nov 06, 2025 11:24:23 AM io.gapi.emulators.netty.HttpVersionRoutingHandler channelRead
INFO: Detected non-HTTP/2 connection.
Nov 06, 2025 11:24:23 AM com.google.cloud.datastore.emulator.impl.context.EmulatorAuthorization warnAboutSecuredJwt
WARNING: expected an unsecured JWT, the emulator does not validate JWTs and IS NOT SECURE
Nov 06, 2025 11:24:23 AM io.gapi.emulators.netty.HttpVersionRoutingHandler channelRead
INFO: Detected non-HTTP/2 connection.
Nov 06, 2025 11:24:23 AM io.gapi.emulators.netty.HttpVersionRoutingHandler channelRead
INFO: Detected non-HTTP/2 connection.
Nov 06, 2025 11:24:23 AM io.gapi.emulators.netty.HttpVersionRoutingHandler channelRead
INFO: Detected non-HTTP/2 connection.
Nov 06, 2025 11:24:23 AM io.gapi.emulators.netty.HttpVersionRoutingHandler channelRead
INFO: Detected non-HTTP/2 connection.
Nov 06, 2025 11:24:23 AM com.google.cloud.datastore.emulator.impl.context.EmulatorAuthorization warnAboutSecuredJwt
WARNING: expected an unsecured JWT, the emulator does not validate JWTs and IS NOT SECURE
Nov 06, 2025 11:24:23 AM io.gapi.emulators.netty.HttpVersionRoutingHandler channelRead
INFO: Detected non-HTTP/2 connection.
Nov 06, 2025 11:24:23 AM io.gapi.emulators.netty.HttpVersionRoutingHandler channelRead
INFO: Detected non-HTTP/2 connection.
Nov 06, 2025 11:24:23 AM io.gapi.emulators.netty.HttpVersionRoutingHandler channelRead
INFO: Detected non-HTTP/2 connection.
Nov 06, 2025 11:24:24 AM io.gapi.emulators.netty.HttpVersionRoutingHandler channelRead
INFO: Detected non-HTTP/2 connection.
Nov 06, 2025 11:24:24 AM com.google.cloud.datastore.emulator.impl.context.EmulatorAuthorization warnAboutSecuredJwt
WARNING: expected an unsecured JWT, the emulator does not validate JWTs and IS NOT SECURE
Nov 06, 2025 11:24:24 AM io.gapi.emulators.netty.HttpVersionRoutingHandler channelRead
INFO: Detected non-HTTP/2 connection.
Nov 06, 2025 11:24:24 AM io.gapi.emulators.netty.HttpVersionRoutingHandler channelRead
INFO: Detected non-HTTP/2 connection.
Nov 06, 2025 11:24:24 AM io.gapi.emulators.netty.HttpVersionRoutingHandler channelRead
INFO: Detected non-HTTP/2 connection.
Nov 06, 2025 11:24:24 AM io.gapi.emulators.netty.HttpVersionRoutingHandler channelRead
INFO: Detected non-HTTP/2 connection.
Nov 06, 2025 11:24:24 AM com.google.cloud.datastore.emulator.impl.context.EmulatorAuthorization warnAboutSecuredJwt
WARNING: expected an unsecured JWT, the emulator does not validate JWTs and IS NOT SECURE
Nov 06, 2025 11:24:24 AM io.gapi.emulators.netty.HttpVersionRoutingHandler channelRead
INFO: Detected non-HTTP/2 connection.
Nov 06, 2025 11:24:24 AM io.gapi.emulators.netty.HttpVersionRoutingHandler channelRead
INFO: Detected non-HTTP/2 connection.
Nov 06, 2025 11:24:24 AM io.gapi.emulators.netty.HttpVersionRoutingHandler channelRead
INFO: Detected non-HTTP/2 connection.
Nov 06, 2025 11:24:25 AM io.gapi.emulators.netty.HttpVersionRoutingHandler channelRead
INFO: Detected non-HTTP/2 connection.
Nov 06, 2025 11:24:25 AM com.google.cloud.datastore.emulator.impl.context.EmulatorAuthorization warnAboutSecuredJwt
WARNING: expected an unsecured JWT, the emulator does not validate JWTs and IS NOT SECURE
Nov 06, 2025 11:24:25 AM io.gapi.emulators.netty.HttpVersionRoutingHandler channelRead
INFO: Detected non-HTTP/2 connection.
Nov 06, 2025 11:24:25 AM io.gapi.emulators.netty.HttpVersionRoutingHandler channelRead
INFO: Detected non-HTTP/2 connection.
Nov 06, 2025 11:24:25 AM io.gapi.emulators.netty.HttpVersionRoutingHandler channelRead
INFO: Detected non-HTTP/2 connection.
Nov 06, 2025 11:24:25 AM io.gapi.emulators.netty.HttpVersionRoutingHandler channelRead
INFO: Detected non-HTTP/2 connection.
Nov 06, 2025 11:24:25 AM com.google.cloud.datastore.emulator.impl.context.EmulatorAuthorization warnAboutSecuredJwt
WARNING: expected an unsecured JWT, the emulator does not validate JWTs and IS NOT SECURE
Nov 06, 2025 11:24:25 AM io.gapi.emulators.netty.HttpVersionRoutingHandler channelRead
INFO: Detected non-HTTP/2 connection.
Nov 06, 2025 11:24:25 AM io.gapi.emulators.netty.HttpVersionRoutingHandler channelRead
INFO: Detected non-HTTP/2 connection.
Nov 06, 2025 11:24:25 AM io.gapi.emulators.netty.HttpVersionRoutingHandler channelRead
INFO: Detected non-HTTP/2 connection.
Nov 06, 2025 11:24:26 AM io.gapi.emulators.netty.HttpVersionRoutingHandler channelRead
INFO: Detected non-HTTP/2 connection.
Nov 06, 2025 11:24:26 AM com.google.cloud.datastore.emulator.impl.context.EmulatorAuthorization warnAboutSecuredJwt
WARNING: expected an unsecured JWT, the emulator does not validate JWTs and IS NOT SECURE
Nov 06, 2025 11:24:26 AM io.gapi.emulators.netty.HttpVersionRoutingHandler channelRead
INFO: Detected non-HTTP/2 connection.
Nov 06, 2025 11:24:26 AM io.gapi.emulators.netty.HttpVersionRoutingHandler channelRead
INFO: Detected non-HTTP/2 connection.
Nov 06, 2025 11:24:26 AM io.gapi.emulators.netty.HttpVersionRoutingHandler channelRead
INFO: Detected non-HTTP/2 connection.
Nov 06, 2025 11:24:26 AM io.gapi.emulators.netty.HttpVersionRoutingHandler channelRead
INFO: Detected non-HTTP/2 connection.
Nov 06, 2025 11:24:26 AM com.google.cloud.datastore.emulator.impl.context.EmulatorAuthorization warnAboutSecuredJwt
WARNING: expected an unsecured JWT, the emulator does not validate JWTs and IS NOT SECURE
Nov 06, 2025 11:24:26 AM io.gapi.emulators.netty.HttpVersionRoutingHandler channelRead
INFO: Detected non-HTTP/2 connection.
Nov 06, 2025 11:24:26 AM io.gapi.emulators.netty.HttpVersionRoutingHandler channelRead
INFO: Detected non-HTTP/2 connection.
Nov 06, 2025 11:24:26 AM io.gapi.emulators.netty.HttpVersionRoutingHandler channelRead
INFO: Detected non-HTTP/2 connection.
Nov 06, 2025 11:24:26 AM io.gapi.emulators.netty.HttpVersionRoutingHandler channelRead
INFO: Detected non-HTTP/2 connection.
Nov 06, 2025 11:24:26 AM com.google.cloud.datastore.emulator.impl.context.EmulatorAuthorization warnAboutSecuredJwt
WARNING: expected an unsecured JWT, the emulator does not validate JWTs and IS NOT SECURE
Nov 06, 2025 11:24:26 AM io.gapi.emulators.netty.HttpVersionRoutingHandler channelRead
INFO: Detected non-HTTP/2 connection.
Nov 06, 2025 11:24:26 AM io.gapi.emulators.netty.HttpVersionRoutingHandler channelRead
INFO: Detected non-HTTP/2 connection.
Nov 06, 2025 11:24:26 AM io.gapi.emulators.netty.HttpVersionRoutingHandler channelRead
INFO: Detected non-HTTP/2 connection.
Nov 06, 2025 11:24:27 AM io.gapi.emulators.netty.HttpVersionRoutingHandler channelRead
INFO: Detected non-HTTP/2 connection.
Nov 06, 2025 11:24:27 AM com.google.cloud.datastore.emulator.impl.context.EmulatorAuthorization warnAboutSecuredJwt
WARNING: expected an unsecured JWT, the emulator does not validate JWTs and IS NOT SECURE
Nov 06, 2025 11:24:27 AM io.gapi.emulators.netty.HttpVersionRoutingHandler channelRead
INFO: Detected non-HTTP/2 connection.
Nov 06, 2025 11:24:27 AM io.gapi.emulators.netty.HttpVersionRoutingHandler channelRead
INFO: Detected non-HTTP/2 connection.
Nov 06, 2025 11:24:27 AM io.gapi.emulators.netty.HttpVersionRoutingHandler channelRead
INFO: Detected non-HTTP/2 connection.
Nov 06, 2025 11:24:27 AM io.gapi.emulators.netty.HttpVersionRoutingHandler channelRead
INFO: Detected non-HTTP/2 connection.
Nov 06, 2025 11:24:27 AM com.google.cloud.datastore.emulator.impl.context.EmulatorAuthorization warnAboutSecuredJwt
WARNING: expected an unsecured JWT, the emulator does not validate JWTs and IS NOT SECURE
Nov 06, 2025 11:24:27 AM io.gapi.emulators.netty.HttpVersionRoutingHandler channelRead
INFO: Detected non-HTTP/2 connection.
Nov 06, 2025 11:24:27 AM io.gapi.emulators.netty.HttpVersionRoutingHandler channelRead
INFO: Detected non-HTTP/2 connection.
Nov 06, 2025 11:24:27 AM io.gapi.emulators.netty.HttpVersionRoutingHandler channelRead
INFO: Detected non-HTTP/2 connection.
Nov 06, 2025 11:24:28 AM io.gapi.emulators.netty.HttpVersionRoutingHandler channelRead
INFO: Detected non-HTTP/2 connection.
Nov 06, 2025 11:24:28 AM com.google.cloud.datastore.emulator.impl.context.EmulatorAuthorization warnAboutSecuredJwt
WARNING: expected an unsecured JWT, the emulator does not validate JWTs and IS NOT SECURE
Nov 06, 2025 11:24:28 AM io.gapi.emulators.netty.HttpVersionRoutingHandler channelRead
INFO: Detected non-HTTP/2 connection.
Nov 06, 2025 11:24:28 AM io.gapi.emulators.netty.HttpVersionRoutingHandler channelRead
INFO: Detected non-HTTP/2 connection.
Nov 06, 2025 11:24:28 AM io.gapi.emulators.netty.HttpVersionRoutingHandler channelRead
INFO: Detected non-HTTP/2 connection.
Nov 06, 2025 11:24:28 AM io.gapi.emulators.netty.HttpVersionRoutingHandler channelRead
INFO: Detected non-HTTP/2 connection.
Nov 06, 2025 11:24:28 AM com.google.cloud.datastore.emulator.impl.context.EmulatorAuthorization warnAboutSecuredJwt
WARNING: expected an unsecured JWT, the emulator does not validate JWTs and IS NOT SECURE
Nov 06, 2025 11:24:28 AM io.gapi.emulators.netty.HttpVersionRoutingHandler channelRead
INFO: Detected non-HTTP/2 connection.
Nov 06, 2025 11:24:28 AM io.gapi.emulators.netty.HttpVersionRoutingHandler channelRead
INFO: Detected non-HTTP/2 connection.
Nov 06, 2025 11:24:28 AM io.gapi.emulators.netty.HttpVersionRoutingHandler channelRead
INFO: Detected non-HTTP/2 connection.
Nov 06, 2025 11:24:28 AM io.gapi.emulators.netty.HttpVersionRoutingHandler channelRead
INFO: Detected non-HTTP/2 connection.
Nov 06, 2025 11:24:28 AM com.google.cloud.datastore.emulator.impl.context.EmulatorAuthorization warnAboutSecuredJwt
WARNING: expected an unsecured JWT, the emulator does not validate JWTs and IS NOT SECURE
Nov 06, 2025 11:24:28 AM io.gapi.emulators.netty.HttpVersionRoutingHandler channelRead
INFO: Detected non-HTTP/2 connection.
Nov 06, 2025 11:24:28 AM io.gapi.emulators.netty.HttpVersionRoutingHandler channelRead
INFO: Detected non-HTTP/2 connection.
Nov 06, 2025 11:24:28 AM io.gapi.emulators.netty.HttpVersionRoutingHandler channelRead
INFO: Detected non-HTTP/2 connection.
Nov 06, 2025 11:24:29 AM io.gapi.emulators.netty.HttpVersionRoutingHandler channelRead
INFO: Detected non-HTTP/2 connection.
Nov 06, 2025 11:24:29 AM com.google.cloud.datastore.emulator.impl.context.EmulatorAuthorization warnAboutSecuredJwt
WARNING: expected an unsecured JWT, the emulator does not validate JWTs and IS NOT SECURE
Nov 06, 2025 11:24:29 AM io.gapi.emulators.netty.HttpVersionRoutingHandler channelRead
INFO: Detected non-HTTP/2 connection.
Nov 06, 2025 11:24:29 AM io.gapi.emulators.netty.HttpVersionRoutingHandler channelRead
INFO: Detected non-HTTP/2 connection.
Nov 06, 2025 11:24:29 AM io.gapi.emulators.netty.HttpVersionRoutingHandler channelRead
INFO: Detected non-HTTP/2 connection.
Nov 06, 2025 11:24:29 AM io.gapi.emulators.netty.HttpVersionRoutingHandler channelRead
INFO: Detected non-HTTP/2 connection.
Nov 06, 2025 11:24:29 AM com.google.cloud.datastore.emulator.impl.context.EmulatorAuthorization warnAboutSecuredJwt
WARNING: expected an unsecured JWT, the emulator does not validate JWTs and IS NOT SECURE
Nov 06, 2025 11:24:29 AM io.gapi.emulators.netty.HttpVersionRoutingHandler channelRead
INFO: Detected non-HTTP/2 connection.
Nov 06, 2025 11:24:29 AM io.gapi.emulators.netty.HttpVersionRoutingHandler channelRead
INFO: Detected non-HTTP/2 connection.
Nov 06, 2025 11:24:29 AM io.gapi.emulators.netty.HttpVersionRoutingHandler channelRead
INFO: Detected non-HTTP/2 connection.
Nov 06, 2025 11:24:30 AM io.gapi.emulators.netty.HttpVersionRoutingHandler channelRead
INFO: Detected non-HTTP/2 connection.
Nov 06, 2025 11:24:30 AM com.google.cloud.datastore.emulator.impl.context.EmulatorAuthorization warnAboutSecuredJwt
WARNING: expected an unsecured JWT, the emulator does not validate JWTs and IS NOT SECURE
Nov 06, 2025 11:24:30 AM io.gapi.emulators.netty.HttpVersionRoutingHandler channelRead
INFO: Detected non-HTTP/2 connection.
Nov 06, 2025 11:24:30 AM io.gapi.emulators.netty.HttpVersionRoutingHandler channelRead
INFO: Detected non-HTTP/2 connection.
Nov 06, 2025 11:24:30 AM io.gapi.emulators.netty.HttpVersionRoutingHandler channelRead
INFO: Detected non-HTTP/2 connection.
Nov 06, 2025 11:24:30 AM io.gapi.emulators.netty.HttpVersionRoutingHandler channelRead
INFO: Detected non-HTTP/2 connection.
Nov 06, 2025 11:24:30 AM com.google.cloud.datastore.emulator.impl.context.EmulatorAuthorization warnAboutSecuredJwt
WARNING: expected an unsecured JWT, the emulator does not validate JWTs and IS NOT SECURE
Nov 06, 2025 11:24:30 AM io.gapi.emulators.netty.HttpVersionRoutingHandler channelRead
INFO: Detected non-HTTP/2 connection.
Nov 06, 2025 11:24:30 AM io.gapi.emulators.netty.HttpVersionRoutingHandler channelRead
INFO: Detected non-HTTP/2 connection.
Nov 06, 2025 11:24:30 AM io.gapi.emulators.netty.HttpVersionRoutingHandler channelRead
INFO: Detected non-HTTP/2 connection.
Nov 06, 2025 11:24:31 AM io.gapi.emulators.netty.HttpVersionRoutingHandler channelRead
INFO: Detected non-HTTP/2 connection.
Nov 06, 2025 11:24:31 AM com.google.cloud.datastore.emulator.impl.context.EmulatorAuthorization warnAboutSecuredJwt
WARNING: expected an unsecured JWT, the emulator does not validate JWTs and IS NOT SECURE
Nov 06, 2025 11:24:31 AM io.gapi.emulators.netty.HttpVersionRoutingHandler channelRead
INFO: Detected non-HTTP/2 connection.
Nov 06, 2025 11:24:31 AM io.gapi.emulators.netty.HttpVersionRoutingHandler channelRead
INFO: Detected non-HTTP/2 connection.
Nov 06, 2025 11:24:31 AM io.gapi.emulators.netty.HttpVersionRoutingHandler channelRead
INFO: Detected non-HTTP/2 connection.
Nov 06, 2025 11:24:31 AM io.gapi.emulators.netty.HttpVersionRoutingHandler channelRead
INFO: Detected non-HTTP/2 connection.
Nov 06, 2025 11:24:31 AM com.google.cloud.datastore.emulator.impl.context.EmulatorAuthorization warnAboutSecuredJwt
WARNING: expected an unsecured JWT, the emulator does not validate JWTs and IS NOT SECURE
Nov 06, 2025 11:24:31 AM io.gapi.emulators.netty.HttpVersionRoutingHandler channelRead
INFO: Detected non-HTTP/2 connection.
Nov 06, 2025 11:24:31 AM io.gapi.emulators.netty.HttpVersionRoutingHandler channelRead
INFO: Detected non-HTTP/2 connection.
Nov 06, 2025 11:24:31 AM io.gapi.emulators.netty.HttpVersionRoutingHandler channelRead
INFO: Detected non-HTTP/2 connection.
Nov 06, 2025 11:24:32 AM io.gapi.emulators.netty.HttpVersionRoutingHandler channelRead
INFO: Detected non-HTTP/2 connection.
Nov 06, 2025 11:24:32 AM com.google.cloud.datastore.emulator.impl.context.EmulatorAuthorization warnAboutSecuredJwt
WARNING: expected an unsecured JWT, the emulator does not validate JWTs and IS NOT SECURE
Nov 06, 2025 11:24:32 AM io.gapi.emulators.netty.HttpVersionRoutingHandler channelRead
INFO: Detected non-HTTP/2 connection.
Nov 06, 2025 11:24:32 AM io.gapi.emulators.netty.HttpVersionRoutingHandler channelRead
INFO: Detected non-HTTP/2 connection.
Nov 06, 2025 11:24:32 AM io.gapi.emulators.netty.HttpVersionRoutingHandler channelRead
INFO: Detected non-HTTP/2 connection.
Nov 06, 2025 11:24:32 AM io.gapi.emulators.netty.HttpVersionRoutingHandler channelRead
INFO: Detected non-HTTP/2 connection.
Nov 06, 2025 11:24:32 AM com.google.cloud.datastore.emulator.impl.context.EmulatorAuthorization warnAboutSecuredJwt
WARNING: expected an unsecured JWT, the emulator does not validate JWTs and IS NOT SECURE
Nov 06, 2025 11:24:32 AM io.gapi.emulators.netty.HttpVersionRoutingHandler channelRead
INFO: Detected non-HTTP/2 connection.
Nov 06, 2025 11:24:32 AM io.gapi.emulators.netty.HttpVersionRoutingHandler channelRead
INFO: Detected non-HTTP/2 connection.
Nov 06, 2025 11:24:32 AM io.gapi.emulators.netty.HttpVersionRoutingHandler channelRead
INFO: Detected non-HTTP/2 connection.
Nov 06, 2025 11:24:33 AM io.gapi.emulators.netty.HttpVersionRoutingHandler channelRead
INFO: Detected non-HTTP/2 connection.
Nov 06, 2025 11:24:33 AM com.google.cloud.datastore.emulator.impl.context.EmulatorAuthorization warnAboutSecuredJwt
WARNING: expected an unsecured JWT, the emulator does not validate JWTs and IS NOT SECURE
Nov 06, 2025 11:24:33 AM io.gapi.emulators.netty.HttpVersionRoutingHandler channelRead
INFO: Detected non-HTTP/2 connection.
Nov 06, 2025 11:24:33 AM io.gapi.emulators.netty.HttpVersionRoutingHandler channelRead
INFO: Detected non-HTTP/2 connection.
Nov 06, 2025 11:24:33 AM io.gapi.emulators.netty.HttpVersionRoutingHandler channelRead
INFO: Detected non-HTTP/2 connection.
Nov 06, 2025 11:24:33 AM io.gapi.emulators.netty.HttpVersionRoutingHandler channelRead
INFO: Detected non-HTTP/2 connection.
Nov 06, 2025 11:24:33 AM com.google.cloud.datastore.emulator.impl.context.EmulatorAuthorization warnAboutSecuredJwt
WARNING: expected an unsecured JWT, the emulator does not validate JWTs and IS NOT SECURE
Nov 06, 2025 11:24:33 AM io.gapi.emulators.netty.HttpVersionRoutingHandler channelRead
INFO: Detected non-HTTP/2 connection.
Nov 06, 2025 11:24:33 AM io.gapi.emulators.netty.HttpVersionRoutingHandler channelRead
INFO: Detected non-HTTP/2 connection.
Nov 06, 2025 11:24:33 AM io.gapi.emulators.netty.HttpVersionRoutingHandler channelRead
INFO: Detected non-HTTP/2 connection.
Nov 06, 2025 11:24:34 AM io.gapi.emulators.netty.HttpVersionRoutingHandler channelRead
INFO: Detected non-HTTP/2 connection.
Nov 06, 2025 11:24:34 AM com.google.cloud.datastore.emulator.impl.context.EmulatorAuthorization warnAboutSecuredJwt
WARNING: expected an unsecured JWT, the emulator does not validate JWTs and IS NOT SECURE
Nov 06, 2025 11:24:34 AM io.gapi.emulators.netty.HttpVersionRoutingHandler channelRead
INFO: Detected non-HTTP/2 connection.
Nov 06, 2025 11:24:34 AM io.gapi.emulators.netty.HttpVersionRoutingHandler channelRead
INFO: Detected non-HTTP/2 connection.
Nov 06, 2025 11:24:34 AM io.gapi.emulators.netty.HttpVersionRoutingHandler channelRead
INFO: Detected non-HTTP/2 connection.
Nov 06, 2025 11:24:34 AM io.gapi.emulators.netty.HttpVersionRoutingHandler channelRead
INFO: Detected non-HTTP/2 connection.
Nov 06, 2025 11:24:34 AM com.google.cloud.datastore.emulator.impl.context.EmulatorAuthorization warnAboutSecuredJwt
WARNING: expected an unsecured JWT, the emulator does not validate JWTs and IS NOT SECURE
Nov 06, 2025 11:24:34 AM io.gapi.emulators.netty.HttpVersionRoutingHandler channelRead
INFO: Detected non-HTTP/2 connection.
Nov 06, 2025 11:24:34 AM io.gapi.emulators.netty.HttpVersionRoutingHandler channelRead
INFO: Detected non-HTTP/2 connection.
Nov 06, 2025 11:24:34 AM io.gapi.emulators.netty.HttpVersionRoutingHandler channelRead
INFO: Detected non-HTTP/2 connection.
Nov 06, 2025 11:24:35 AM io.gapi.emulators.netty.HttpVersionRoutingHandler channelRead
INFO: Detected non-HTTP/2 connection.
Nov 06, 2025 11:24:35 AM com.google.cloud.datastore.emulator.impl.context.EmulatorAuthorization warnAboutSecuredJwt
WARNING: expected an unsecured JWT, the emulator does not validate JWTs and IS NOT SECURE
Nov 06, 2025 11:24:35 AM io.gapi.emulators.netty.HttpVersionRoutingHandler channelRead
INFO: Detected non-HTTP/2 connection.
Nov 06, 2025 11:24:35 AM io.gapi.emulators.netty.HttpVersionRoutingHandler channelRead
INFO: Detected non-HTTP/2 connection.
Nov 06, 2025 11:24:35 AM io.gapi.emulators.netty.HttpVersionRoutingHandler channelRead
INFO: Detected non-HTTP/2 connection.
Nov 06, 2025 11:24:35 AM io.gapi.emulators.netty.HttpVersionRoutingHandler channelRead
INFO: Detected non-HTTP/2 connection.
Nov 06, 2025 11:24:35 AM com.google.cloud.datastore.emulator.impl.context.EmulatorAuthorization warnAboutSecuredJwt
WARNING: expected an unsecured JWT, the emulator does not validate JWTs and IS NOT SECURE
Nov 06, 2025 11:24:35 AM io.gapi.emulators.netty.HttpVersionRoutingHandler channelRead
INFO: Detected non-HTTP/2 connection.
Nov 06, 2025 11:24:35 AM io.gapi.emulators.netty.HttpVersionRoutingHandler channelRead
INFO: Detected non-HTTP/2 connection.
Nov 06, 2025 11:24:35 AM io.gapi.emulators.netty.HttpVersionRoutingHandler channelRead
INFO: Detected non-HTTP/2 connection.
Nov 06, 2025 11:24:35 AM io.gapi.emulators.netty.HttpVersionRoutingHandler channelRead
INFO: Detected non-HTTP/2 connection.
Nov 06, 2025 11:24:35 AM com.google.cloud.datastore.emulator.impl.context.EmulatorAuthorization warnAboutSecuredJwt
WARNING: expected an unsecured JWT, the emulator does not validate JWTs and IS NOT SECURE
Nov 06, 2025 11:24:35 AM io.gapi.emulators.netty.HttpVersionRoutingHandler channelRead
INFO: Detected non-HTTP/2 connection.
Nov 06, 2025 11:24:36 AM io.gapi.emulators.netty.HttpVersionRoutingHandler channelRead
INFO: Detected non-HTTP/2 connection.
Nov 06, 2025 11:24:36 AM io.gapi.emulators.netty.HttpVersionRoutingHandler channelRead
INFO: Detected non-HTTP/2 connection.
Nov 06, 2025 11:24:36 AM io.gapi.emulators.netty.HttpVersionRoutingHandler channelRead
INFO: Detected non-HTTP/2 connection.
Nov 06, 2025 11:24:36 AM com.google.cloud.datastore.emulator.impl.context.EmulatorAuthorization warnAboutSecuredJwt
WARNING: expected an unsecured JWT, the emulator does not validate JWTs and IS NOT SECURE
Nov 06, 2025 11:24:36 AM io.gapi.emulators.netty.HttpVersionRoutingHandler channelRead
INFO: Detected non-HTTP/2 connection.
Nov 06, 2025 11:24:36 AM io.gapi.emulators.netty.HttpVersionRoutingHandler channelRead
INFO: Detected non-HTTP/2 connection.
Nov 06, 2025 11:24:36 AM io.gapi.emulators.netty.HttpVersionRoutingHandler channelRead
INFO: Detected non-HTTP/2 connection.
Nov 06, 2025 11:24:36 AM io.gapi.emulators.netty.HttpVersionRoutingHandler channelRead
INFO: Detected non-HTTP/2 connection.
Nov 06, 2025 11:24:36 AM com.google.cloud.datastore.emulator.impl.context.EmulatorAuthorization warnAboutSecuredJwt
WARNING: expected an unsecured JWT, the emulator does not validate JWTs and IS NOT SECURE
Nov 06, 2025 11:24:36 AM io.gapi.emulators.netty.HttpVersionRoutingHandler channelRead
INFO: Detected non-HTTP/2 connection.
Nov 06, 2025 11:24:36 AM io.gapi.emulators.netty.HttpVersionRoutingHandler channelRead
INFO: Detected non-HTTP/2 connection.
Nov 06, 2025 11:24:36 AM io.gapi.emulators.netty.HttpVersionRoutingHandler channelRead
INFO: Detected non-HTTP/2 connection.
Nov 06, 2025 11:24:37 AM io.gapi.emulators.netty.HttpVersionRoutingHandler channelRead
INFO: Detected non-HTTP/2 connection.
Nov 06, 2025 11:24:37 AM com.google.cloud.datastore.emulator.impl.context.EmulatorAuthorization warnAboutSecuredJwt
WARNING: expected an unsecured JWT, the emulator does not validate JWTs and IS NOT SECURE
Nov 06, 2025 11:24:37 AM io.gapi.emulators.netty.HttpVersionRoutingHandler channelRead
INFO: Detected non-HTTP/2 connection.
Nov 06, 2025 11:24:37 AM io.gapi.emulators.netty.HttpVersionRoutingHandler channelRead
INFO: Detected non-HTTP/2 connection.
Nov 06, 2025 11:24:37 AM io.gapi.emulators.netty.HttpVersionRoutingHandler channelRead
INFO: Detected non-HTTP/2 connection.
Nov 06, 2025 11:24:37 AM io.gapi.emulators.netty.HttpVersionRoutingHandler channelRead
INFO: Detected non-HTTP/2 connection.
Nov 06, 2025 11:24:37 AM com.google.cloud.datastore.emulator.impl.context.EmulatorAuthorization warnAboutSecuredJwt
WARNING: expected an unsecured JWT, the emulator does not validate JWTs and IS NOT SECURE
Nov 06, 2025 11:24:37 AM io.gapi.emulators.netty.HttpVersionRoutingHandler channelRead
INFO: Detected non-HTTP/2 connection.
Nov 06, 2025 11:24:37 AM io.gapi.emulators.netty.HttpVersionRoutingHandler channelRead
INFO: Detected non-HTTP/2 connection.
Nov 06, 2025 11:24:37 AM io.gapi.emulators.netty.HttpVersionRoutingHandler channelRead
INFO: Detected non-HTTP/2 connection.
Nov 06, 2025 11:24:38 AM io.gapi.emulators.netty.HttpVersionRoutingHandler channelRead
INFO: Detected non-HTTP/2 connection.
Nov 06, 2025 11:24:38 AM com.google.cloud.datastore.emulator.impl.context.EmulatorAuthorization warnAboutSecuredJwt
WARNING: expected an unsecured JWT, the emulator does not validate JWTs and IS NOT SECURE
Nov 06, 2025 11:24:38 AM io.gapi.emulators.netty.HttpVersionRoutingHandler channelRead
INFO: Detected non-HTTP/2 connection.
Nov 06, 2025 11:24:38 AM io.gapi.emulators.netty.HttpVersionRoutingHandler channelRead
INFO: Detected non-HTTP/2 connection.
Nov 06, 2025 11:24:38 AM io.gapi.emulators.netty.HttpVersionRoutingHandler channelRead
INFO: Detected non-HTTP/2 connection.
Nov 06, 2025 11:24:38 AM io.gapi.emulators.netty.HttpVersionRoutingHandler channelRead
INFO: Detected non-HTTP/2 connection.
Nov 06, 2025 11:24:38 AM com.google.cloud.datastore.emulator.impl.context.EmulatorAuthorization warnAboutSecuredJwt
WARNING: expected an unsecured JWT, the emulator does not validate JWTs and IS NOT SECURE
Nov 06, 2025 11:24:38 AM io.gapi.emulators.netty.HttpVersionRoutingHandler channelRead
INFO: Detected non-HTTP/2 connection.
Nov 06, 2025 11:24:38 AM io.gapi.emulators.netty.HttpVersionRoutingHandler channelRead
INFO: Detected non-HTTP/2 connection.
Nov 06, 2025 11:24:38 AM io.gapi.emulators.netty.HttpVersionRoutingHandler channelRead
INFO: Detected non-HTTP/2 connection.
Nov 06, 2025 11:24:38 AM io.gapi.emulators.netty.HttpVersionRoutingHandler channelRead
INFO: Detected non-HTTP/2 connection.
Nov 06, 2025 11:24:38 AM com.google.cloud.datastore.emulator.impl.context.EmulatorAuthorization warnAboutSecuredJwt
WARNING: expected an unsecured JWT, the emulator does not validate JWTs and IS NOT SECURE
Nov 06, 2025 11:24:38 AM io.gapi.emulators.netty.HttpVersionRoutingHandler channelRead
INFO: Detected non-HTTP/2 connection.
Nov 06, 2025 11:24:38 AM io.gapi.emulators.netty.HttpVersionRoutingHandler channelRead
INFO: Detected non-HTTP/2 connection.
Nov 06, 2025 11:24:38 AM io.gapi.emulators.netty.HttpVersionRoutingHandler channelRead
INFO: Detected non-HTTP/2 connection.
Nov 06, 2025 11:24:39 AM io.gapi.emulators.netty.HttpVersionRoutingHandler channelRead
INFO: Detected non-HTTP/2 connection.
Nov 06, 2025 11:24:39 AM com.google.cloud.datastore.emulator.impl.context.EmulatorAuthorization warnAboutSecuredJwt
WARNING: expected an unsecured JWT, the emulator does not validate JWTs and IS NOT SECURE
Nov 06, 2025 11:24:39 AM io.gapi.emulators.netty.HttpVersionRoutingHandler channelRead
INFO: Detected non-HTTP/2 connection.
Nov 06, 2025 11:24:39 AM io.gapi.emulators.netty.HttpVersionRoutingHandler channelRead
INFO: Detected non-HTTP/2 connection.
Nov 06, 2025 11:24:39 AM io.gapi.emulators.netty.HttpVersionRoutingHandler channelRead
INFO: Detected non-HTTP/2 connection.
Nov 06, 2025 11:24:39 AM io.gapi.emulators.netty.HttpVersionRoutingHandler channelRead
INFO: Detected non-HTTP/2 connection.
Nov 06, 2025 11:24:39 AM com.google.cloud.datastore.emulator.impl.context.EmulatorAuthorization warnAboutSecuredJwt
WARNING: expected an unsecured JWT, the emulator does not validate JWTs and IS NOT SECURE
Nov 06, 2025 11:24:39 AM io.gapi.emulators.netty.HttpVersionRoutingHandler channelRead
INFO: Detected non-HTTP/2 connection.
Nov 06, 2025 11:24:39 AM io.gapi.emulators.netty.HttpVersionRoutingHandler channelRead
INFO: Detected non-HTTP/2 connection.
Nov 06, 2025 11:24:39 AM io.gapi.emulators.netty.HttpVersionRoutingHandler channelRead
INFO: Detected non-HTTP/2 connection.
Nov 06, 2025 11:24:40 AM io.gapi.emulators.netty.HttpVersionRoutingHandler channelRead
INFO: Detected non-HTTP/2 connection.
Nov 06, 2025 11:24:40 AM com.google.cloud.datastore.emulator.impl.context.EmulatorAuthorization warnAboutSecuredJwt
WARNING: expected an unsecured JWT, the emulator does not validate JWTs and IS NOT SECURE
Nov 06, 2025 11:24:40 AM io.gapi.emulators.netty.HttpVersionRoutingHandler channelRead
INFO: Detected non-HTTP/2 connection.
Nov 06, 2025 11:24:40 AM io.gapi.emulators.netty.HttpVersionRoutingHandler channelRead
INFO: Detected non-HTTP/2 connection.
Nov 06, 2025 11:24:40 AM io.gapi.emulators.netty.HttpVersionRoutingHandler channelRead
INFO: Detected non-HTTP/2 connection.
Nov 06, 2025 11:24:40 AM io.gapi.emulators.netty.HttpVersionRoutingHandler channelRead
INFO: Detected non-HTTP/2 connection.
Nov 06, 2025 11:24:40 AM com.google.cloud.datastore.emulator.impl.context.EmulatorAuthorization warnAboutSecuredJwt
WARNING: expected an unsecured JWT, the emulator does not validate JWTs and IS NOT SECURE
Nov 06, 2025 11:24:40 AM io.gapi.emulators.netty.HttpVersionRoutingHandler channelRead
INFO: Detected non-HTTP/2 connection.
Nov 06, 2025 11:24:40 AM io.gapi.emulators.netty.HttpVersionRoutingHandler channelRead
INFO: Detected non-HTTP/2 connection.
Nov 06, 2025 11:24:40 AM io.gapi.emulators.netty.HttpVersionRoutingHandler channelRead
INFO: Detected non-HTTP/2 connection.
Nov 06, 2025 11:24:41 AM io.gapi.emulators.netty.HttpVersionRoutingHandler channelRead
INFO: Detected non-HTTP/2 connection.
Nov 06, 2025 11:24:41 AM com.google.cloud.datastore.emulator.impl.context.EmulatorAuthorization warnAboutSecuredJwt
WARNING: expected an unsecured JWT, the emulator does not validate JWTs and IS NOT SECURE
Nov 06, 2025 11:24:41 AM io.gapi.emulators.netty.HttpVersionRoutingHandler channelRead
INFO: Detected non-HTTP/2 connection.
Nov 06, 2025 11:24:41 AM io.gapi.emulators.netty.HttpVersionRoutingHandler channelRead
INFO: Detected non-HTTP/2 connection.
Nov 06, 2025 11:24:41 AM io.gapi.emulators.netty.HttpVersionRoutingHandler channelRead
INFO: Detected non-HTTP/2 connection.
Nov 06, 2025 11:24:41 AM io.gapi.emulators.netty.HttpVersionRoutingHandler channelRead
INFO: Detected non-HTTP/2 connection.
Nov 06, 2025 11:24:41 AM com.google.cloud.datastore.emulator.impl.context.EmulatorAuthorization warnAboutSecuredJwt
WARNING: expected an unsecured JWT, the emulator does not validate JWTs and IS NOT SECURE
Nov 06, 2025 11:24:41 AM io.gapi.emulators.netty.HttpVersionRoutingHandler channelRead
INFO: Detected non-HTTP/2 connection.
Nov 06, 2025 11:24:41 AM io.gapi.emulators.netty.HttpVersionRoutingHandler channelRead
INFO: Detected non-HTTP/2 connection.
Nov 06, 2025 11:24:41 AM io.gapi.emulators.netty.HttpVersionRoutingHandler channelRead
INFO: Detected non-HTTP/2 connection.
Nov 06, 2025 11:24:42 AM io.gapi.emulators.netty.HttpVersionRoutingHandler channelRead
INFO: Detected non-HTTP/2 connection.
Nov 06, 2025 11:24:42 AM com.google.cloud.datastore.emulator.impl.context.EmulatorAuthorization warnAboutSecuredJwt
WARNING: expected an unsecured JWT, the emulator does not validate JWTs and IS NOT SECURE
Nov 06, 2025 11:24:42 AM io.gapi.emulators.netty.HttpVersionRoutingHandler channelRead
INFO: Detected non-HTTP/2 connection.
Nov 06, 2025 11:24:42 AM io.gapi.emulators.netty.HttpVersionRoutingHandler channelRead
INFO: Detected non-HTTP/2 connection.
Nov 06, 2025 11:24:42 AM io.gapi.emulators.netty.HttpVersionRoutingHandler channelRead
INFO: Detected non-HTTP/2 connection.
Nov 06, 2025 11:24:42 AM io.gapi.emulators.netty.HttpVersionRoutingHandler channelRead
INFO: Detected non-HTTP/2 connection.
Nov 06, 2025 11:24:42 AM com.google.cloud.datastore.emulator.impl.context.EmulatorAuthorization warnAboutSecuredJwt
WARNING: expected an unsecured JWT, the emulator does not validate JWTs and IS NOT SECURE
Nov 06, 2025 11:24:42 AM io.gapi.emulators.netty.HttpVersionRoutingHandler channelRead
INFO: Detected non-HTTP/2 connection.
Nov 06, 2025 11:24:42 AM io.gapi.emulators.netty.HttpVersionRoutingHandler channelRead
INFO: Detected non-HTTP/2 connection.
Nov 06, 2025 11:24:42 AM io.gapi.emulators.netty.HttpVersionRoutingHandler channelRead
INFO: Detected non-HTTP/2 connection.
Nov 06, 2025 11:24:43 AM io.gapi.emulators.netty.HttpVersionRoutingHandler channelRead
INFO: Detected non-HTTP/2 connection.
Nov 06, 2025 11:24:43 AM com.google.cloud.datastore.emulator.impl.context.EmulatorAuthorization warnAboutSecuredJwt
WARNING: expected an unsecured JWT, the emulator does not validate JWTs and IS NOT SECURE
Nov 06, 2025 11:24:43 AM io.gapi.emulators.netty.HttpVersionRoutingHandler channelRead
INFO: Detected non-HTTP/2 connection.
Nov 06, 2025 11:24:43 AM io.gapi.emulators.netty.HttpVersionRoutingHandler channelRead
INFO: Detected non-HTTP/2 connection.
Nov 06, 2025 11:24:43 AM io.gapi.emulators.netty.HttpVersionRoutingHandler channelRead
INFO: Detected non-HTTP/2 connection.
Nov 06, 2025 11:24:43 AM io.gapi.emulators.netty.HttpVersionRoutingHandler channelRead
INFO: Detected non-HTTP/2 connection.
Nov 06, 2025 11:24:43 AM com.google.cloud.datastore.emulator.impl.context.EmulatorAuthorization warnAboutSecuredJwt
WARNING: expected an unsecured JWT, the emulator does not validate JWTs and IS NOT SECURE
Nov 06, 2025 11:24:43 AM io.gapi.emulators.netty.HttpVersionRoutingHandler channelRead
INFO: Detected non-HTTP/2 connection.
Nov 06, 2025 11:24:43 AM io.gapi.emulators.netty.HttpVersionRoutingHandler channelRead
INFO: Detected non-HTTP/2 connection.
Nov 06, 2025 11:24:43 AM io.gapi.emulators.netty.HttpVersionRoutingHandler channelRead
INFO: Detected non-HTTP/2 connection.
Nov 06, 2025 11:24:43 AM io.gapi.emulators.netty.HttpVersionRoutingHandler channelRead
INFO: Detected non-HTTP/2 connection.
Nov 06, 2025 11:24:43 AM com.google.cloud.datastore.emulator.impl.context.EmulatorAuthorization warnAboutSecuredJwt
WARNING: expected an unsecured JWT, the emulator does not validate JWTs and IS NOT SECURE
Nov 06, 2025 11:24:43 AM io.gapi.emulators.netty.HttpVersionRoutingHandler channelRead
INFO: Detected non-HTTP/2 connection.
Nov 06, 2025 11:24:43 AM io.gapi.emulators.netty.HttpVersionRoutingHandler channelRead
INFO: Detected non-HTTP/2 connection.
Nov 06, 2025 11:24:43 AM io.gapi.emulators.netty.HttpVersionRoutingHandler channelRead
INFO: Detected non-HTTP/2 connection.
Nov 06, 2025 11:24:44 AM io.gapi.emulators.netty.HttpVersionRoutingHandler channelRead
INFO: Detected non-HTTP/2 connection.
Nov 06, 2025 11:24:44 AM com.google.cloud.datastore.emulator.impl.context.EmulatorAuthorization warnAboutSecuredJwt
WARNING: expected an unsecured JWT, the emulator does not validate JWTs and IS NOT SECURE
Nov 06, 2025 11:24:44 AM io.gapi.emulators.netty.HttpVersionRoutingHandler channelRead
INFO: Detected non-HTTP/2 connection.
Nov 06, 2025 11:24:44 AM io.gapi.emulators.netty.HttpVersionRoutingHandler channelRead
INFO: Detected non-HTTP/2 connection.
Nov 06, 2025 11:24:44 AM io.gapi.emulators.netty.HttpVersionRoutingHandler channelRead
INFO: Detected non-HTTP/2 connection.
Nov 06, 2025 11:24:44 AM io.gapi.emulators.netty.HttpVersionRoutingHandler channelRead
INFO: Detected non-HTTP/2 connection.
Nov 06, 2025 11:24:44 AM com.google.cloud.datastore.emulator.impl.context.EmulatorAuthorization warnAboutSecuredJwt
WARNING: expected an unsecured JWT, the emulator does not validate JWTs and IS NOT SECURE
Nov 06, 2025 11:24:44 AM io.gapi.emulators.netty.HttpVersionRoutingHandler channelRead
INFO: Detected non-HTTP/2 connection.
Nov 06, 2025 11:24:44 AM io.gapi.emulators.netty.HttpVersionRoutingHandler channelRead
INFO: Detected non-HTTP/2 connection.
Nov 06, 2025 11:24:44 AM io.gapi.emulators.netty.HttpVersionRoutingHandler channelRead
INFO: Detected non-HTTP/2 connection.
Nov 06, 2025 11:24:45 AM io.gapi.emulators.netty.HttpVersionRoutingHandler channelRead
INFO: Detected non-HTTP/2 connection.
Nov 06, 2025 11:24:45 AM com.google.cloud.datastore.emulator.impl.context.EmulatorAuthorization warnAboutSecuredJwt
WARNING: expected an unsecured JWT, the emulator does not validate JWTs and IS NOT SECURE
Nov 06, 2025 11:24:45 AM io.gapi.emulators.netty.HttpVersionRoutingHandler channelRead
INFO: Detected non-HTTP/2 connection.
Nov 06, 2025 11:24:45 AM io.gapi.emulators.netty.HttpVersionRoutingHandler channelRead
INFO: Detected non-HTTP/2 connection.
Nov 06, 2025 11:24:45 AM io.gapi.emulators.netty.HttpVersionRoutingHandler channelRead
INFO: Detected non-HTTP/2 connection.
Nov 06, 2025 11:24:45 AM io.gapi.emulators.netty.HttpVersionRoutingHandler channelRead
INFO: Detected non-HTTP/2 connection.
Nov 06, 2025 11:24:45 AM com.google.cloud.datastore.emulator.impl.context.EmulatorAuthorization warnAboutSecuredJwt
WARNING: expected an unsecured JWT, the emulator does not validate JWTs and IS NOT SECURE
Nov 06, 2025 11:24:45 AM io.gapi.emulators.netty.HttpVersionRoutingHandler channelRead
INFO: Detected non-HTTP/2 connection.
Nov 06, 2025 11:24:45 AM io.gapi.emulators.netty.HttpVersionRoutingHandler channelRead
INFO: Detected non-HTTP/2 connection.
Nov 06, 2025 11:24:45 AM io.gapi.emulators.netty.HttpVersionRoutingHandler channelRead
INFO: Detected non-HTTP/2 connection.
Nov 06, 2025 11:24:45 AM io.gapi.emulators.netty.HttpVersionRoutingHandler channelRead
INFO: Detected non-HTTP/2 connection.
Nov 06, 2025 11:24:45 AM com.google.cloud.datastore.emulator.impl.context.EmulatorAuthorization warnAboutSecuredJwt
WARNING: expected an unsecured JWT, the emulator does not validate JWTs and IS NOT SECURE
Nov 06, 2025 11:24:45 AM io.gapi.emulators.netty.HttpVersionRoutingHandler channelRead
INFO: Detected non-HTTP/2 connection.
Nov 06, 2025 11:24:45 AM io.gapi.emulators.netty.HttpVersionRoutingHandler channelRead
INFO: Detected non-HTTP/2 connection.
Nov 06, 2025 11:24:45 AM io.gapi.emulators.netty.HttpVersionRoutingHandler channelRead
INFO: Detected non-HTTP/2 connection.
Nov 06, 2025 11:24:46 AM io.gapi.emulators.netty.HttpVersionRoutingHandler channelRead
INFO: Detected non-HTTP/2 connection.
Nov 06, 2025 11:24:46 AM com.google.cloud.datastore.emulator.impl.context.EmulatorAuthorization warnAboutSecuredJwt
WARNING: expected an unsecured JWT, the emulator does not validate JWTs and IS NOT SECURE
Nov 06, 2025 11:24:46 AM io.gapi.emulators.netty.HttpVersionRoutingHandler channelRead
INFO: Detected non-HTTP/2 connection.
Nov 06, 2025 11:24:46 AM io.gapi.emulators.netty.HttpVersionRoutingHandler channelRead
INFO: Detected non-HTTP/2 connection.
Nov 06, 2025 11:24:46 AM io.gapi.emulators.netty.HttpVersionRoutingHandler channelRead
INFO: Detected non-HTTP/2 connection.
Nov 06, 2025 11:24:46 AM io.gapi.emulators.netty.HttpVersionRoutingHandler channelRead
INFO: Detected non-HTTP/2 connection.
Nov 06, 2025 11:24:46 AM com.google.cloud.datastore.emulator.impl.context.EmulatorAuthorization warnAboutSecuredJwt
WARNING: expected an unsecured JWT, the emulator does not validate JWTs and IS NOT SECURE
Nov 06, 2025 11:24:46 AM io.gapi.emulators.netty.HttpVersionRoutingHandler channelRead
INFO: Detected non-HTTP/2 connection.
Nov 06, 2025 11:24:46 AM io.gapi.emulators.netty.HttpVersionRoutingHandler channelRead
INFO: Detected non-HTTP/2 connection.
Nov 06, 2025 11:24:46 AM io.gapi.emulators.netty.HttpVersionRoutingHandler channelRead
INFO: Detected non-HTTP/2 connection.
Nov 06, 2025 11:24:47 AM io.gapi.emulators.netty.HttpVersionRoutingHandler channelRead
INFO: Detected non-HTTP/2 connection.
Nov 06, 2025 11:24:47 AM com.google.cloud.datastore.emulator.impl.context.EmulatorAuthorization warnAboutSecuredJwt
WARNING: expected an unsecured JWT, the emulator does not validate JWTs and IS NOT SECURE
Nov 06, 2025 11:24:47 AM io.gapi.emulators.netty.HttpVersionRoutingHandler channelRead
INFO: Detected non-HTTP/2 connection.
Nov 06, 2025 11:24:47 AM io.gapi.emulators.netty.HttpVersionRoutingHandler channelRead
INFO: Detected non-HTTP/2 connection.
Nov 06, 2025 11:24:47 AM io.gapi.emulators.netty.HttpVersionRoutingHandler channelRead
INFO: Detected non-HTTP/2 connection.
Nov 06, 2025 11:24:47 AM io.gapi.emulators.netty.HttpVersionRoutingHandler channelRead
INFO: Detected non-HTTP/2 connection.
Nov 06, 2025 11:24:47 AM com.google.cloud.datastore.emulator.impl.context.EmulatorAuthorization warnAboutSecuredJwt
WARNING: expected an unsecured JWT, the emulator does not validate JWTs and IS NOT SECURE
Nov 06, 2025 11:24:47 AM io.gapi.emulators.netty.HttpVersionRoutingHandler channelRead
INFO: Detected non-HTTP/2 connection.
Nov 06, 2025 11:24:47 AM io.gapi.emulators.netty.HttpVersionRoutingHandler channelRead
INFO: Detected non-HTTP/2 connection.
Nov 06, 2025 11:24:47 AM io.gapi.emulators.netty.HttpVersionRoutingHandler channelRead
INFO: Detected non-HTTP/2 connection.
Nov 06, 2025 11:24:48 AM io.gapi.emulators.netty.HttpVersionRoutingHandler channelRead
INFO: Detected non-HTTP/2 connection.
Nov 06, 2025 11:24:48 AM com.google.cloud.datastore.emulator.impl.context.EmulatorAuthorization warnAboutSecuredJwt
WARNING: expected an unsecured JWT, the emulator does not validate JWTs and IS NOT SECURE
Nov 06, 2025 11:24:48 AM io.gapi.emulators.netty.HttpVersionRoutingHandler channelRead
INFO: Detected non-HTTP/2 connection.
Nov 06, 2025 11:24:48 AM io.gapi.emulators.netty.HttpVersionRoutingHandler channelRead
INFO: Detected non-HTTP/2 connection.
Nov 06, 2025 11:24:48 AM io.gapi.emulators.netty.HttpVersionRoutingHandler channelRead
INFO: Detected non-HTTP/2 connection.
Nov 06, 2025 11:24:48 AM io.gapi.emulators.netty.HttpVersionRoutingHandler channelRead
INFO: Detected non-HTTP/2 connection.
Nov 06, 2025 11:24:48 AM com.google.cloud.datastore.emulator.impl.context.EmulatorAuthorization warnAboutSecuredJwt
WARNING: expected an unsecured JWT, the emulator does not validate JWTs and IS NOT SECURE
Nov 06, 2025 11:24:48 AM io.gapi.emulators.netty.HttpVersionRoutingHandler channelRead
INFO: Detected non-HTTP/2 connection.
Nov 06, 2025 11:24:48 AM io.gapi.emulators.netty.HttpVersionRoutingHandler channelRead
INFO: Detected non-HTTP/2 connection.
Nov 06, 2025 11:24:48 AM io.gapi.emulators.netty.HttpVersionRoutingHandler channelRead
INFO: Detected non-HTTP/2 connection.
Nov 06, 2025 11:24:49 AM io.gapi.emulators.netty.HttpVersionRoutingHandler channelRead
INFO: Detected non-HTTP/2 connection.
Nov 06, 2025 11:24:49 AM com.google.cloud.datastore.emulator.impl.context.EmulatorAuthorization warnAboutSecuredJwt
WARNING: expected an unsecured JWT, the emulator does not validate JWTs and IS NOT SECURE
Nov 06, 2025 11:24:49 AM io.gapi.emulators.netty.HttpVersionRoutingHandler channelRead
INFO: Detected non-HTTP/2 connection.
Nov 06, 2025 11:24:49 AM io.gapi.emulators.netty.HttpVersionRoutingHandler channelRead
INFO: Detected non-HTTP/2 connection.
Nov 06, 2025 11:24:49 AM io.gapi.emulators.netty.HttpVersionRoutingHandler channelRead
INFO: Detected non-HTTP/2 connection.
Nov 06, 2025 11:24:49 AM io.gapi.emulators.netty.HttpVersionRoutingHandler channelRead
INFO: Detected non-HTTP/2 connection.
Nov 06, 2025 11:24:49 AM com.google.cloud.datastore.emulator.impl.context.EmulatorAuthorization warnAboutSecuredJwt
WARNING: expected an unsecured JWT, the emulator does not validate JWTs and IS NOT SECURE
Nov 06, 2025 11:24:49 AM io.gapi.emulators.netty.HttpVersionRoutingHandler channelRead
INFO: Detected non-HTTP/2 connection.
Nov 06, 2025 11:24:49 AM io.gapi.emulators.netty.HttpVersionRoutingHandler channelRead
INFO: Detected non-HTTP/2 connection.
Nov 06, 2025 11:24:49 AM io.gapi.emulators.netty.HttpVersionRoutingHandler channelRead
INFO: Detected non-HTTP/2 connection.
Nov 06, 2025 11:24:49 AM io.gapi.emulators.netty.HttpVersionRoutingHandler channelRead
INFO: Detected non-HTTP/2 connection.
Nov 06, 2025 11:24:49 AM com.google.cloud.datastore.emulator.impl.context.EmulatorAuthorization warnAboutSecuredJwt
WARNING: expected an unsecured JWT, the emulator does not validate JWTs and IS NOT SECURE
Nov 06, 2025 11:24:49 AM io.gapi.emulators.netty.HttpVersionRoutingHandler channelRead
INFO: Detected non-HTTP/2 connection.
Nov 06, 2025 11:24:49 AM io.gapi.emulators.netty.HttpVersionRoutingHandler channelRead
INFO: Detected non-HTTP/2 connection.
Nov 06, 2025 11:24:49 AM io.gapi.emulators.netty.HttpVersionRoutingHandler channelRead
INFO: Detected non-HTTP/2 connection.
Nov 06, 2025 11:24:50 AM io.gapi.emulators.netty.HttpVersionRoutingHandler channelRead
INFO: Detected non-HTTP/2 connection.
Nov 06, 2025 11:24:50 AM com.google.cloud.datastore.emulator.impl.context.EmulatorAuthorization warnAboutSecuredJwt
WARNING: expected an unsecured JWT, the emulator does not validate JWTs and IS NOT SECURE
Nov 06, 2025 11:24:50 AM io.gapi.emulators.netty.HttpVersionRoutingHandler channelRead
INFO: Detected non-HTTP/2 connection.
Nov 06, 2025 11:24:50 AM io.gapi.emulators.netty.HttpVersionRoutingHandler channelRead
INFO: Detected non-HTTP/2 connection.
Nov 06, 2025 11:24:50 AM io.gapi.emulators.netty.HttpVersionRoutingHandler channelRead
INFO: Detected non-HTTP/2 connection.
Nov 06, 2025 11:24:50 AM io.gapi.emulators.netty.HttpVersionRoutingHandler channelRead
INFO: Detected non-HTTP/2 connection.
Nov 06, 2025 11:24:50 AM com.google.cloud.datastore.emulator.impl.context.EmulatorAuthorization warnAboutSecuredJwt
WARNING: expected an unsecured JWT, the emulator does not validate JWTs and IS NOT SECURE
Nov 06, 2025 11:24:50 AM io.gapi.emulators.netty.HttpVersionRoutingHandler channelRead
INFO: Detected non-HTTP/2 connection.
Nov 06, 2025 11:24:50 AM io.gapi.emulators.netty.HttpVersionRoutingHandler channelRead
INFO: Detected non-HTTP/2 connection.
Nov 06, 2025 11:24:50 AM io.gapi.emulators.netty.HttpVersionRoutingHandler channelRead
INFO: Detected non-HTTP/2 connection.
Nov 06, 2025 11:24:51 AM io.gapi.emulators.netty.HttpVersionRoutingHandler channelRead
INFO: Detected non-HTTP/2 connection.
Nov 06, 2025 11:24:51 AM com.google.cloud.datastore.emulator.impl.context.EmulatorAuthorization warnAboutSecuredJwt
WARNING: expected an unsecured JWT, the emulator does not validate JWTs and IS NOT SECURE
Nov 06, 2025 11:24:51 AM io.gapi.emulators.netty.HttpVersionRoutingHandler channelRead
INFO: Detected non-HTTP/2 connection.
Nov 06, 2025 11:24:51 AM io.gapi.emulators.netty.HttpVersionRoutingHandler channelRead
INFO: Detected non-HTTP/2 connection.
Nov 06, 2025 11:24:51 AM io.gapi.emulators.netty.HttpVersionRoutingHandler channelRead
INFO: Detected non-HTTP/2 connection.
Nov 06, 2025 11:24:51 AM io.gapi.emulators.netty.HttpVersionRoutingHandler channelRead
INFO: Detected non-HTTP/2 connection.
Nov 06, 2025 11:24:51 AM com.google.cloud.datastore.emulator.impl.context.EmulatorAuthorization warnAboutSecuredJwt
WARNING: expected an unsecured JWT, the emulator does not validate JWTs and IS NOT SECURE
Nov 06, 2025 11:24:51 AM io.gapi.emulators.netty.HttpVersionRoutingHandler channelRead
INFO: Detected non-HTTP/2 connection.
Nov 06, 2025 11:24:51 AM io.gapi.emulators.netty.HttpVersionRoutingHandler channelRead
INFO: Detected non-HTTP/2 connection.
Nov 06, 2025 11:24:51 AM io.gapi.emulators.netty.HttpVersionRoutingHandler channelRead
INFO: Detected non-HTTP/2 connection.
Nov 06, 2025 11:24:52 AM io.gapi.emulators.netty.HttpVersionRoutingHandler channelRead
INFO: Detected non-HTTP/2 connection.
Nov 06, 2025 11:24:52 AM com.google.cloud.datastore.emulator.impl.context.EmulatorAuthorization warnAboutSecuredJwt
WARNING: expected an unsecured JWT, the emulator does not validate JWTs and IS NOT SECURE
Nov 06, 2025 11:24:52 AM io.gapi.emulators.netty.HttpVersionRoutingHandler channelRead
INFO: Detected non-HTTP/2 connection.
Nov 06, 2025 11:24:52 AM io.gapi.emulators.netty.HttpVersionRoutingHandler channelRead
INFO: Detected non-HTTP/2 connection.
Nov 06, 2025 11:24:52 AM io.gapi.emulators.netty.HttpVersionRoutingHandler channelRead
INFO: Detected non-HTTP/2 connection.
Nov 06, 2025 11:24:52 AM io.gapi.emulators.netty.HttpVersionRoutingHandler channelRead
INFO: Detected non-HTTP/2 connection.
Nov 06, 2025 11:24:52 AM com.google.cloud.datastore.emulator.impl.context.EmulatorAuthorization warnAboutSecuredJwt
WARNING: expected an unsecured JWT, the emulator does not validate JWTs and IS NOT SECURE
Nov 06, 2025 11:24:52 AM io.gapi.emulators.netty.HttpVersionRoutingHandler channelRead
INFO: Detected non-HTTP/2 connection.
Nov 06, 2025 11:24:52 AM io.gapi.emulators.netty.HttpVersionRoutingHandler channelRead
INFO: Detected non-HTTP/2 connection.
Nov 06, 2025 11:24:52 AM io.gapi.emulators.netty.HttpVersionRoutingHandler channelRead
INFO: Detected non-HTTP/2 connection.
Nov 06, 2025 11:24:53 AM io.gapi.emulators.netty.HttpVersionRoutingHandler channelRead
INFO: Detected non-HTTP/2 connection.
Nov 06, 2025 11:24:53 AM com.google.cloud.datastore.emulator.impl.context.EmulatorAuthorization warnAboutSecuredJwt
WARNING: expected an unsecured JWT, the emulator does not validate JWTs and IS NOT SECURE
Nov 06, 2025 11:24:53 AM io.gapi.emulators.netty.HttpVersionRoutingHandler channelRead
INFO: Detected non-HTTP/2 connection.
Nov 06, 2025 11:24:53 AM io.gapi.emulators.netty.HttpVersionRoutingHandler channelRead
INFO: Detected non-HTTP/2 connection.
Nov 06, 2025 11:24:53 AM io.gapi.emulators.netty.HttpVersionRoutingHandler channelRead
INFO: Detected non-HTTP/2 connection.
Nov 06, 2025 11:24:53 AM io.gapi.emulators.netty.HttpVersionRoutingHandler channelRead
INFO: Detected non-HTTP/2 connection.
Nov 06, 2025 11:24:53 AM com.google.cloud.datastore.emulator.impl.context.EmulatorAuthorization warnAboutSecuredJwt
WARNING: expected an unsecured JWT, the emulator does not validate JWTs and IS NOT SECURE
Nov 06, 2025 11:24:53 AM io.gapi.emulators.netty.HttpVersionRoutingHandler channelRead
INFO: Detected non-HTTP/2 connection.
Nov 06, 2025 11:24:53 AM io.gapi.emulators.netty.HttpVersionRoutingHandler channelRead
INFO: Detected non-HTTP/2 connection.
Nov 06, 2025 11:24:53 AM io.gapi.emulators.netty.HttpVersionRoutingHandler channelRead
INFO: Detected non-HTTP/2 connection.
Nov 06, 2025 11:24:53 AM io.gapi.emulators.netty.HttpVersionRoutingHandler channelRead
INFO: Detected non-HTTP/2 connection.
Nov 06, 2025 11:24:53 AM com.google.cloud.datastore.emulator.impl.context.EmulatorAuthorization warnAboutSecuredJwt
WARNING: expected an unsecured JWT, the emulator does not validate JWTs and IS NOT SECURE
Nov 06, 2025 11:24:53 AM io.gapi.emulators.netty.HttpVersionRoutingHandler channelRead
INFO: Detected non-HTTP/2 connection.
Nov 06, 2025 11:24:53 AM io.gapi.emulators.netty.HttpVersionRoutingHandler channelRead
INFO: Detected non-HTTP/2 connection.
Nov 06, 2025 11:24:53 AM io.gapi.emulators.netty.HttpVersionRoutingHandler channelRead
INFO: Detected non-HTTP/2 connection.
Nov 06, 2025 11:24:54 AM io.gapi.emulators.netty.HttpVersionRoutingHandler channelRead
INFO: Detected non-HTTP/2 connection.
Nov 06, 2025 11:24:54 AM com.google.cloud.datastore.emulator.impl.context.EmulatorAuthorization warnAboutSecuredJwt
WARNING: expected an unsecured JWT, the emulator does not validate JWTs and IS NOT SECURE
Nov 06, 2025 11:24:54 AM io.gapi.emulators.netty.HttpVersionRoutingHandler channelRead
INFO: Detected non-HTTP/2 connection.
Nov 06, 2025 11:24:54 AM io.gapi.emulators.netty.HttpVersionRoutingHandler channelRead
INFO: Detected non-HTTP/2 connection.
Nov 06, 2025 11:24:54 AM io.gapi.emulators.netty.HttpVersionRoutingHandler channelRead
INFO: Detected non-HTTP/2 connection.
Nov 06, 2025 11:24:54 AM io.gapi.emulators.netty.HttpVersionRoutingHandler channelRead
INFO: Detected non-HTTP/2 connection.
Nov 06, 2025 11:24:54 AM com.google.cloud.datastore.emulator.impl.context.EmulatorAuthorization warnAboutSecuredJwt
WARNING: expected an unsecured JWT, the emulator does not validate JWTs and IS NOT SECURE
Nov 06, 2025 11:24:54 AM io.gapi.emulators.netty.HttpVersionRoutingHandler channelRead
INFO: Detected non-HTTP/2 connection.
Nov 06, 2025 11:24:54 AM io.gapi.emulators.netty.HttpVersionRoutingHandler channelRead
INFO: Detected non-HTTP/2 connection.
Nov 06, 2025 11:24:54 AM io.gapi.emulators.netty.HttpVersionRoutingHandler channelRead
INFO: Detected non-HTTP/2 connection.
Nov 06, 2025 11:24:55 AM io.gapi.emulators.netty.HttpVersionRoutingHandler channelRead
INFO: Detected non-HTTP/2 connection.
Nov 06, 2025 11:24:55 AM com.google.cloud.datastore.emulator.impl.context.EmulatorAuthorization warnAboutSecuredJwt
WARNING: expected an unsecured JWT, the emulator does not validate JWTs and IS NOT SECURE
Nov 06, 2025 11:24:55 AM io.gapi.emulators.netty.HttpVersionRoutingHandler channelRead
INFO: Detected non-HTTP/2 connection.
Nov 06, 2025 11:24:55 AM io.gapi.emulators.netty.HttpVersionRoutingHandler channelRead
INFO: Detected non-HTTP/2 connection.
Nov 06, 2025 11:24:55 AM io.gapi.emulators.netty.HttpVersionRoutingHandler channelRead
INFO: Detected non-HTTP/2 connection.
Nov 06, 2025 11:24:55 AM io.gapi.emulators.netty.HttpVersionRoutingHandler channelRead
INFO: Detected non-HTTP/2 connection.
Nov 06, 2025 11:24:55 AM com.google.cloud.datastore.emulator.impl.context.EmulatorAuthorization warnAboutSecuredJwt
WARNING: expected an unsecured JWT, the emulator does not validate JWTs and IS NOT SECURE
Nov 06, 2025 11:24:55 AM io.gapi.emulators.netty.HttpVersionRoutingHandler channelRead
INFO: Detected non-HTTP/2 connection.
Nov 06, 2025 11:24:55 AM io.gapi.emulators.netty.HttpVersionRoutingHandler channelRead
INFO: Detected non-HTTP/2 connection.
Nov 06, 2025 11:24:55 AM io.gapi.emulators.netty.HttpVersionRoutingHandler channelRead
INFO: Detected non-HTTP/2 connection.
Nov 06, 2025 11:24:56 AM io.gapi.emulators.netty.HttpVersionRoutingHandler channelRead
INFO: Detected non-HTTP/2 connection.
Nov 06, 2025 11:24:56 AM com.google.cloud.datastore.emulator.impl.context.EmulatorAuthorization warnAboutSecuredJwt
WARNING: expected an unsecured JWT, the emulator does not validate JWTs and IS NOT SECURE
Nov 06, 2025 11:24:56 AM io.gapi.emulators.netty.HttpVersionRoutingHandler channelRead
INFO: Detected non-HTTP/2 connection.
Nov 06, 2025 11:24:56 AM io.gapi.emulators.netty.HttpVersionRoutingHandler channelRead
INFO: Detected non-HTTP/2 connection.
Nov 06, 2025 11:24:56 AM io.gapi.emulators.netty.HttpVersionRoutingHandler channelRead
INFO: Detected non-HTTP/2 connection.
Nov 06, 2025 11:24:56 AM io.gapi.emulators.netty.HttpVersionRoutingHandler channelRead
INFO: Detected non-HTTP/2 connection.
Nov 06, 2025 11:24:56 AM com.google.cloud.datastore.emulator.impl.context.EmulatorAuthorization warnAboutSecuredJwt
WARNING: expected an unsecured JWT, the emulator does not validate JWTs and IS NOT SECURE
Nov 06, 2025 11:24:56 AM io.gapi.emulators.netty.HttpVersionRoutingHandler channelRead
INFO: Detected non-HTTP/2 connection.
Nov 06, 2025 11:24:56 AM io.gapi.emulators.netty.HttpVersionRoutingHandler channelRead
INFO: Detected non-HTTP/2 connection.
Nov 06, 2025 11:24:56 AM io.gapi.emulators.netty.HttpVersionRoutingHandler channelRead
INFO: Detected non-HTTP/2 connection.
Nov 06, 2025 11:24:57 AM io.gapi.emulators.netty.HttpVersionRoutingHandler channelRead
INFO: Detected non-HTTP/2 connection.
Nov 06, 2025 11:24:57 AM com.google.cloud.datastore.emulator.impl.context.EmulatorAuthorization warnAboutSecuredJwt
WARNING: expected an unsecured JWT, the emulator does not validate JWTs and IS NOT SECURE
Nov 06, 2025 11:24:57 AM io.gapi.emulators.netty.HttpVersionRoutingHandler channelRead
INFO: Detected non-HTTP/2 connection.
Nov 06, 2025 11:24:57 AM io.gapi.emulators.netty.HttpVersionRoutingHandler channelRead
INFO: Detected non-HTTP/2 connection.
Nov 06, 2025 11:24:57 AM io.gapi.emulators.netty.HttpVersionRoutingHandler channelRead
INFO: Detected non-HTTP/2 connection.
Nov 06, 2025 11:24:57 AM io.gapi.emulators.netty.HttpVersionRoutingHandler channelRead
INFO: Detected non-HTTP/2 connection.
Nov 06, 2025 11:24:57 AM com.google.cloud.datastore.emulator.impl.context.EmulatorAuthorization warnAboutSecuredJwt
WARNING: expected an unsecured JWT, the emulator does not validate JWTs and IS NOT SECURE
Nov 06, 2025 11:24:57 AM io.gapi.emulators.netty.HttpVersionRoutingHandler channelRead
INFO: Detected non-HTTP/2 connection.
Nov 06, 2025 11:24:57 AM io.gapi.emulators.netty.HttpVersionRoutingHandler channelRead
INFO: Detected non-HTTP/2 connection.
Nov 06, 2025 11:24:57 AM io.gapi.emulators.netty.HttpVersionRoutingHandler channelRead
INFO: Detected non-HTTP/2 connection.
Nov 06, 2025 11:24:58 AM io.gapi.emulators.netty.HttpVersionRoutingHandler channelRead
INFO: Detected non-HTTP/2 connection.
Nov 06, 2025 11:24:58 AM com.google.cloud.datastore.emulator.impl.context.EmulatorAuthorization warnAboutSecuredJwt
WARNING: expected an unsecured JWT, the emulator does not validate JWTs and IS NOT SECURE
Nov 06, 2025 11:24:58 AM io.gapi.emulators.netty.HttpVersionRoutingHandler channelRead
INFO: Detected non-HTTP/2 connection.
Nov 06, 2025 11:24:58 AM io.gapi.emulators.netty.HttpVersionRoutingHandler channelRead
INFO: Detected non-HTTP/2 connection.
Nov 06, 2025 11:24:58 AM io.gapi.emulators.netty.HttpVersionRoutingHandler channelRead
INFO: Detected non-HTTP/2 connection.
Nov 06, 2025 11:24:58 AM io.gapi.emulators.netty.HttpVersionRoutingHandler channelRead
INFO: Detected non-HTTP/2 connection.
Nov 06, 2025 11:24:58 AM com.google.cloud.datastore.emulator.impl.context.EmulatorAuthorization warnAboutSecuredJwt
WARNING: expected an unsecured JWT, the emulator does not validate JWTs and IS NOT SECURE
Nov 06, 2025 11:24:58 AM io.gapi.emulators.netty.HttpVersionRoutingHandler channelRead
INFO: Detected non-HTTP/2 connection.
Nov 06, 2025 11:24:58 AM io.gapi.emulators.netty.HttpVersionRoutingHandler channelRead
INFO: Detected non-HTTP/2 connection.
Nov 06, 2025 11:24:58 AM io.gapi.emulators.netty.HttpVersionRoutingHandler channelRead
INFO: Detected non-HTTP/2 connection.
Nov 06, 2025 11:24:59 AM io.gapi.emulators.netty.HttpVersionRoutingHandler channelRead
INFO: Detected non-HTTP/2 connection.
Nov 06, 2025 11:24:59 AM com.google.cloud.datastore.emulator.impl.context.EmulatorAuthorization warnAboutSecuredJwt
WARNING: expected an unsecured JWT, the emulator does not validate JWTs and IS NOT SECURE
Nov 06, 2025 11:24:59 AM io.gapi.emulators.netty.HttpVersionRoutingHandler channelRead
INFO: Detected non-HTTP/2 connection.
Nov 06, 2025 11:24:59 AM io.gapi.emulators.netty.HttpVersionRoutingHandler channelRead
INFO: Detected non-HTTP/2 connection.
Nov 06, 2025 11:24:59 AM io.gapi.emulators.netty.HttpVersionRoutingHandler channelRead
INFO: Detected non-HTTP/2 connection.
Nov 06, 2025 11:25:00 AM io.gapi.emulators.netty.HttpVersionRoutingHandler channelRead
INFO: Detected non-HTTP/2 connection.
Nov 06, 2025 11:25:00 AM com.google.cloud.datastore.emulator.impl.context.EmulatorAuthorization warnAboutSecuredJwt
WARNING: expected an unsecured JWT, the emulator does not validate JWTs and IS NOT SECURE
Nov 06, 2025 11:25:00 AM io.gapi.emulators.netty.HttpVersionRoutingHandler channelRead
INFO: Detected non-HTTP/2 connection.
Nov 06, 2025 11:25:00 AM io.gapi.emulators.netty.HttpVersionRoutingHandler channelRead
INFO: Detected non-HTTP/2 connection.
Nov 06, 2025 11:25:00 AM io.gapi.emulators.netty.HttpVersionRoutingHandler channelRead
INFO: Detected non-HTTP/2 connection.
Nov 06, 2025 11:25:00 AM io.gapi.emulators.netty.HttpVersionRoutingHandler channelRead
INFO: Detected non-HTTP/2 connection.
Nov 06, 2025 11:25:00 AM com.google.cloud.datastore.emulator.impl.context.EmulatorAuthorization warnAboutSecuredJwt
WARNING: expected an unsecured JWT, the emulator does not validate JWTs and IS NOT SECURE
Nov 06, 2025 11:25:00 AM io.gapi.emulators.netty.HttpVersionRoutingHandler channelRead
INFO: Detected non-HTTP/2 connection.
Nov 06, 2025 11:25:00 AM io.gapi.emulators.netty.HttpVersionRoutingHandler channelRead
INFO: Detected non-HTTP/2 connection.
Nov 06, 2025 11:25:00 AM io.gapi.emulators.netty.HttpVersionRoutingHandler channelRead
INFO: Detected non-HTTP/2 connection.
Nov 06, 2025 11:25:00 AM io.gapi.emulators.netty.HttpVersionRoutingHandler channelRead
INFO: Detected non-HTTP/2 connection.
Nov 06, 2025 11:25:00 AM com.google.cloud.datastore.emulator.impl.context.EmulatorAuthorization warnAboutSecuredJwt
WARNING: expected an unsecured JWT, the emulator does not validate JWTs and IS NOT SECURE
Nov 06, 2025 11:25:01 AM io.gapi.emulators.netty.HttpVersionRoutingHandler channelRead
INFO: Detected non-HTTP/2 connection.
Nov 06, 2025 11:25:01 AM io.gapi.emulators.netty.HttpVersionRoutingHandler channelRead
INFO: Detected non-HTTP/2 connection.
Nov 06, 2025 11:25:01 AM io.gapi.emulators.netty.HttpVersionRoutingHandler channelRead
INFO: Detected non-HTTP/2 connection.
Nov 06, 2025 11:25:01 AM io.gapi.emulators.netty.HttpVersionRoutingHandler channelRead
INFO: Detected non-HTTP/2 connection.
Nov 06, 2025 11:25:01 AM com.google.cloud.datastore.emulator.impl.context.EmulatorAuthorization warnAboutSecuredJwt
WARNING: expected an unsecured JWT, the emulator does not validate JWTs and IS NOT SECURE
Nov 06, 2025 11:25:01 AM io.gapi.emulators.netty.HttpVersionRoutingHandler channelRead
INFO: Detected non-HTTP/2 connection.
Nov 06, 2025 11:25:01 AM io.gapi.emulators.netty.HttpVersionRoutingHandler channelRead
INFO: Detected non-HTTP/2 connection.
Nov 06, 2025 11:25:01 AM io.gapi.emulators.netty.HttpVersionRoutingHandler channelRead
INFO: Detected non-HTTP/2 connection.
Nov 06, 2025 11:25:01 AM io.gapi.emulators.netty.HttpVersionRoutingHandler channelRead
INFO: Detected non-HTTP/2 connection.
Nov 06, 2025 11:25:01 AM com.google.cloud.datastore.emulator.impl.context.EmulatorAuthorization warnAboutSecuredJwt
WARNING: expected an unsecured JWT, the emulator does not validate JWTs and IS NOT SECURE
Nov 06, 2025 11:25:01 AM io.gapi.emulators.netty.HttpVersionRoutingHandler channelRead
INFO: Detected non-HTTP/2 connection.
Nov 06, 2025 11:25:01 AM io.gapi.emulators.netty.HttpVersionRoutingHandler channelRead
INFO: Detected non-HTTP/2 connection.
Nov 06, 2025 11:25:01 AM io.gapi.emulators.netty.HttpVersionRoutingHandler channelRead
INFO: Detected non-HTTP/2 connection.
Nov 06, 2025 11:25:02 AM io.gapi.emulators.netty.HttpVersionRoutingHandler channelRead
INFO: Detected non-HTTP/2 connection.
Nov 06, 2025 11:25:02 AM com.google.cloud.datastore.emulator.impl.context.EmulatorAuthorization warnAboutSecuredJwt
WARNING: expected an unsecured JWT, the emulator does not validate JWTs and IS NOT SECURE
Nov 06, 2025 11:25:02 AM io.gapi.emulators.netty.HttpVersionRoutingHandler channelRead
INFO: Detected non-HTTP/2 connection.
Nov 06, 2025 11:25:02 AM io.gapi.emulators.netty.HttpVersionRoutingHandler channelRead
INFO: Detected non-HTTP/2 connection.
Nov 06, 2025 11:25:02 AM io.gapi.emulators.netty.HttpVersionRoutingHandler channelRead
INFO: Detected non-HTTP/2 connection.
Nov 06, 2025 11:25:02 AM io.gapi.emulators.netty.HttpVersionRoutingHandler channelRead
INFO: Detected non-HTTP/2 connection.
Nov 06, 2025 11:25:02 AM com.google.cloud.datastore.emulator.impl.context.EmulatorAuthorization warnAboutSecuredJwt
WARNING: expected an unsecured JWT, the emulator does not validate JWTs and IS NOT SECURE
Nov 06, 2025 11:25:02 AM io.gapi.emulators.netty.HttpVersionRoutingHandler channelRead
INFO: Detected non-HTTP/2 connection.
Nov 06, 2025 11:25:02 AM io.gapi.emulators.netty.HttpVersionRoutingHandler channelRead
INFO: Detected non-HTTP/2 connection.
Nov 06, 2025 11:25:02 AM io.gapi.emulators.netty.HttpVersionRoutingHandler channelRead
INFO: Detected non-HTTP/2 connection.
Nov 06, 2025 11:25:03 AM io.gapi.emulators.netty.HttpVersionRoutingHandler channelRead
INFO: Detected non-HTTP/2 connection.
Nov 06, 2025 11:25:03 AM com.google.cloud.datastore.emulator.impl.context.EmulatorAuthorization warnAboutSecuredJwt
WARNING: expected an unsecured JWT, the emulator does not validate JWTs and IS NOT SECURE
Nov 06, 2025 11:25:03 AM io.gapi.emulators.netty.HttpVersionRoutingHandler channelRead
INFO: Detected non-HTTP/2 connection.
Nov 06, 2025 11:25:03 AM io.gapi.emulators.netty.HttpVersionRoutingHandler channelRead
INFO: Detected non-HTTP/2 connection.
Nov 06, 2025 11:25:03 AM io.gapi.emulators.netty.HttpVersionRoutingHandler channelRead
INFO: Detected non-HTTP/2 connection.
Nov 06, 2025 11:25:03 AM io.gapi.emulators.netty.HttpVersionRoutingHandler channelRead
INFO: Detected non-HTTP/2 connection.
Nov 06, 2025 11:25:03 AM com.google.cloud.datastore.emulator.impl.context.EmulatorAuthorization warnAboutSecuredJwt
WARNING: expected an unsecured JWT, the emulator does not validate JWTs and IS NOT SECURE
Nov 06, 2025 11:25:03 AM io.gapi.emulators.netty.HttpVersionRoutingHandler channelRead
INFO: Detected non-HTTP/2 connection.
Nov 06, 2025 11:25:03 AM io.gapi.emulators.netty.HttpVersionRoutingHandler channelRead
INFO: Detected non-HTTP/2 connection.
Nov 06, 2025 11:25:03 AM io.gapi.emulators.netty.HttpVersionRoutingHandler channelRead
INFO: Detected non-HTTP/2 connection.
Nov 06, 2025 11:25:03 AM io.gapi.emulators.netty.HttpVersionRoutingHandler channelRead
INFO: Detected non-HTTP/2 connection.
Nov 06, 2025 11:25:03 AM com.google.cloud.datastore.emulator.impl.context.EmulatorAuthorization warnAboutSecuredJwt
WARNING: expected an unsecured JWT, the emulator does not validate JWTs and IS NOT SECURE
Nov 06, 2025 11:25:03 AM io.gapi.emulators.netty.HttpVersionRoutingHandler channelRead
INFO: Detected non-HTTP/2 connection.
Nov 06, 2025 11:25:03 AM io.gapi.emulators.netty.HttpVersionRoutingHandler channelRead
INFO: Detected non-HTTP/2 connection.
Nov 06, 2025 11:25:03 AM io.gapi.emulators.netty.HttpVersionRoutingHandler channelRead
INFO: Detected non-HTTP/2 connection.
Nov 06, 2025 11:25:04 AM io.gapi.emulators.netty.HttpVersionRoutingHandler channelRead
INFO: Detected non-HTTP/2 connection.
Nov 06, 2025 11:25:04 AM com.google.cloud.datastore.emulator.impl.context.EmulatorAuthorization warnAboutSecuredJwt
WARNING: expected an unsecured JWT, the emulator does not validate JWTs and IS NOT SECURE
Nov 06, 2025 11:25:04 AM io.gapi.emulators.netty.HttpVersionRoutingHandler channelRead
INFO: Detected non-HTTP/2 connection.
Nov 06, 2025 11:25:04 AM io.gapi.emulators.netty.HttpVersionRoutingHandler channelRead
INFO: Detected non-HTTP/2 connection.
Nov 06, 2025 11:25:04 AM io.gapi.emulators.netty.HttpVersionRoutingHandler channelRead
INFO: Detected non-HTTP/2 connection.
Nov 06, 2025 11:25:04 AM io.gapi.emulators.netty.HttpVersionRoutingHandler channelRead
INFO: Detected non-HTTP/2 connection.
Nov 06, 2025 11:25:04 AM com.google.cloud.datastore.emulator.impl.context.EmulatorAuthorization warnAboutSecuredJwt
WARNING: expected an unsecured JWT, the emulator does not validate JWTs and IS NOT SECURE
Nov 06, 2025 11:25:04 AM io.gapi.emulators.netty.HttpVersionRoutingHandler channelRead
INFO: Detected non-HTTP/2 connection.
Nov 06, 2025 11:25:04 AM io.gapi.emulators.netty.HttpVersionRoutingHandler channelRead
INFO: Detected non-HTTP/2 connection.
Nov 06, 2025 11:25:04 AM io.gapi.emulators.netty.HttpVersionRoutingHandler channelRead
INFO: Detected non-HTTP/2 connection.
Nov 06, 2025 11:25:05 AM io.gapi.emulators.netty.HttpVersionRoutingHandler channelRead
INFO: Detected non-HTTP/2 connection.
Nov 06, 2025 11:25:05 AM com.google.cloud.datastore.emulator.impl.context.EmulatorAuthorization warnAboutSecuredJwt
WARNING: expected an unsecured JWT, the emulator does not validate JWTs and IS NOT SECURE
Nov 06, 2025 11:25:05 AM io.gapi.emulators.netty.HttpVersionRoutingHandler channelRead
INFO: Detected non-HTTP/2 connection.
Nov 06, 2025 11:25:05 AM io.gapi.emulators.netty.HttpVersionRoutingHandler channelRead
INFO: Detected non-HTTP/2 connection.
Nov 06, 2025 11:25:05 AM io.gapi.emulators.netty.HttpVersionRoutingHandler channelRead
INFO: Detected non-HTTP/2 connection.
Nov 06, 2025 11:25:05 AM io.gapi.emulators.netty.HttpVersionRoutingHandler channelRead
INFO: Detected non-HTTP/2 connection.
Nov 06, 2025 11:25:05 AM com.google.cloud.datastore.emulator.impl.context.EmulatorAuthorization warnAboutSecuredJwt
WARNING: expected an unsecured JWT, the emulator does not validate JWTs and IS NOT SECURE
Nov 06, 2025 11:25:05 AM io.gapi.emulators.netty.HttpVersionRoutingHandler channelRead
INFO: Detected non-HTTP/2 connection.
Nov 06, 2025 11:25:05 AM io.gapi.emulators.netty.HttpVersionRoutingHandler channelRead
INFO: Detected non-HTTP/2 connection.
Nov 06, 2025 11:25:05 AM io.gapi.emulators.netty.HttpVersionRoutingHandler channelRead
INFO: Detected non-HTTP/2 connection.
Nov 06, 2025 11:25:06 AM io.gapi.emulators.netty.HttpVersionRoutingHandler channelRead
INFO: Detected non-HTTP/2 connection.
Nov 06, 2025 11:25:06 AM com.google.cloud.datastore.emulator.impl.context.EmulatorAuthorization warnAboutSecuredJwt
WARNING: expected an unsecured JWT, the emulator does not validate JWTs and IS NOT SECURE
Nov 06, 2025 11:25:06 AM io.gapi.emulators.netty.HttpVersionRoutingHandler channelRead
INFO: Detected non-HTTP/2 connection.
Nov 06, 2025 11:25:06 AM io.gapi.emulators.netty.HttpVersionRoutingHandler channelRead
INFO: Detected non-HTTP/2 connection.
Nov 06, 2025 11:25:06 AM io.gapi.emulators.netty.HttpVersionRoutingHandler channelRead
INFO: Detected non-HTTP/2 connection.
Nov 06, 2025 11:25:06 AM io.gapi.emulators.netty.HttpVersionRoutingHandler channelRead
INFO: Detected non-HTTP/2 connection.
Nov 06, 2025 11:25:06 AM com.google.cloud.datastore.emulator.impl.context.EmulatorAuthorization warnAboutSecuredJwt
WARNING: expected an unsecured JWT, the emulator does not validate JWTs and IS NOT SECURE
Nov 06, 2025 11:25:06 AM io.gapi.emulators.netty.HttpVersionRoutingHandler channelRead
INFO: Detected non-HTTP/2 connection.
Nov 06, 2025 11:25:06 AM io.gapi.emulators.netty.HttpVersionRoutingHandler channelRead
INFO: Detected non-HTTP/2 connection.
Nov 06, 2025 11:25:06 AM io.gapi.emulators.netty.HttpVersionRoutingHandler channelRead
INFO: Detected non-HTTP/2 connection.
Nov 06, 2025 11:25:06 AM io.gapi.emulators.netty.HttpVersionRoutingHandler channelRead
INFO: Detected non-HTTP/2 connection.
Nov 06, 2025 11:25:06 AM com.google.cloud.datastore.emulator.impl.context.EmulatorAuthorization warnAboutSecuredJwt
WARNING: expected an unsecured JWT, the emulator does not validate JWTs and IS NOT SECURE
Nov 06, 2025 11:25:06 AM io.gapi.emulators.netty.HttpVersionRoutingHandler channelRead
INFO: Detected non-HTTP/2 connection.
Nov 06, 2025 11:25:06 AM io.gapi.emulators.netty.HttpVersionRoutingHandler channelRead
INFO: Detected non-HTTP/2 connection.
Nov 06, 2025 11:25:06 AM io.gapi.emulators.netty.HttpVersionRoutingHandler channelRead
INFO: Detected non-HTTP/2 connection.
Nov 06, 2025 11:25:07 AM io.gapi.emulators.netty.HttpVersionRoutingHandler channelRead
INFO: Detected non-HTTP/2 connection.
Nov 06, 2025 11:25:07 AM com.google.cloud.datastore.emulator.impl.context.EmulatorAuthorization warnAboutSecuredJwt
WARNING: expected an unsecured JWT, the emulator does not validate JWTs and IS NOT SECURE
Nov 06, 2025 11:25:07 AM io.gapi.emulators.netty.HttpVersionRoutingHandler channelRead
INFO: Detected non-HTTP/2 connection.
Nov 06, 2025 11:25:07 AM io.gapi.emulators.netty.HttpVersionRoutingHandler channelRead
INFO: Detected non-HTTP/2 connection.
Nov 06, 2025 11:25:07 AM io.gapi.emulators.netty.HttpVersionRoutingHandler channelRead
INFO: Detected non-HTTP/2 connection.
Nov 06, 2025 11:25:07 AM io.gapi.emulators.netty.HttpVersionRoutingHandler channelRead
INFO: Detected non-HTTP/2 connection.
Nov 06, 2025 11:25:07 AM com.google.cloud.datastore.emulator.impl.context.EmulatorAuthorization warnAboutSecuredJwt
WARNING: expected an unsecured JWT, the emulator does not validate JWTs and IS NOT SECURE
Nov 06, 2025 11:25:07 AM io.gapi.emulators.netty.HttpVersionRoutingHandler channelRead
INFO: Detected non-HTTP/2 connection.
Nov 06, 2025 11:25:07 AM io.gapi.emulators.netty.HttpVersionRoutingHandler channelRead
INFO: Detected non-HTTP/2 connection.
Nov 06, 2025 11:25:07 AM io.gapi.emulators.netty.HttpVersionRoutingHandler channelRead
INFO: Detected non-HTTP/2 connection.
Nov 06, 2025 11:25:08 AM io.gapi.emulators.netty.HttpVersionRoutingHandler channelRead
INFO: Detected non-HTTP/2 connection.
Nov 06, 2025 11:25:08 AM com.google.cloud.datastore.emulator.impl.context.EmulatorAuthorization warnAboutSecuredJwt
WARNING: expected an unsecured JWT, the emulator does not validate JWTs and IS NOT SECURE
Nov 06, 2025 11:25:08 AM io.gapi.emulators.netty.HttpVersionRoutingHandler channelRead
INFO: Detected non-HTTP/2 connection.
Nov 06, 2025 11:25:08 AM io.gapi.emulators.netty.HttpVersionRoutingHandler channelRead
INFO: Detected non-HTTP/2 connection.
Nov 06, 2025 11:25:08 AM io.gapi.emulators.netty.HttpVersionRoutingHandler channelRead
INFO: Detected non-HTTP/2 connection.
Nov 06, 2025 11:25:08 AM io.gapi.emulators.netty.HttpVersionRoutingHandler channelRead
INFO: Detected non-HTTP/2 connection.
Nov 06, 2025 11:25:08 AM com.google.cloud.datastore.emulator.impl.context.EmulatorAuthorization warnAboutSecuredJwt
WARNING: expected an unsecured JWT, the emulator does not validate JWTs and IS NOT SECURE
Nov 06, 2025 11:25:08 AM io.gapi.emulators.netty.HttpVersionRoutingHandler channelRead
INFO: Detected non-HTTP/2 connection.
Nov 06, 2025 11:25:08 AM io.gapi.emulators.netty.HttpVersionRoutingHandler channelRead
INFO: Detected non-HTTP/2 connection.
Nov 06, 2025 11:25:08 AM io.gapi.emulators.netty.HttpVersionRoutingHandler channelRead
INFO: Detected non-HTTP/2 connection.
Nov 06, 2025 11:25:09 AM io.gapi.emulators.netty.HttpVersionRoutingHandler channelRead
INFO: Detected non-HTTP/2 connection.
Nov 06, 2025 11:25:09 AM com.google.cloud.datastore.emulator.impl.context.EmulatorAuthorization warnAboutSecuredJwt
WARNING: expected an unsecured JWT, the emulator does not validate JWTs and IS NOT SECURE
Nov 06, 2025 11:25:09 AM io.gapi.emulators.netty.HttpVersionRoutingHandler channelRead
INFO: Detected non-HTTP/2 connection.
Nov 06, 2025 11:25:09 AM io.gapi.emulators.netty.HttpVersionRoutingHandler channelRead
INFO: Detected non-HTTP/2 connection.
Nov 06, 2025 11:25:09 AM io.gapi.emulators.netty.HttpVersionRoutingHandler channelRead
INFO: Detected non-HTTP/2 connection.
Nov 06, 2025 11:25:09 AM io.gapi.emulators.netty.HttpVersionRoutingHandler channelRead
INFO: Detected non-HTTP/2 connection.
Nov 06, 2025 11:25:09 AM com.google.cloud.datastore.emulator.impl.context.EmulatorAuthorization warnAboutSecuredJwt
WARNING: expected an unsecured JWT, the emulator does not validate JWTs and IS NOT SECURE
Nov 06, 2025 11:25:09 AM io.gapi.emulators.netty.HttpVersionRoutingHandler channelRead
INFO: Detected non-HTTP/2 connection.
Nov 06, 2025 11:25:09 AM io.gapi.emulators.netty.HttpVersionRoutingHandler channelRead
INFO: Detected non-HTTP/2 connection.
Nov 06, 2025 11:25:09 AM io.gapi.emulators.netty.HttpVersionRoutingHandler channelRead
INFO: Detected non-HTTP/2 connection.
Nov 06, 2025 11:25:10 AM io.gapi.emulators.netty.HttpVersionRoutingHandler channelRead
INFO: Detected non-HTTP/2 connection.
Nov 06, 2025 11:25:10 AM com.google.cloud.datastore.emulator.impl.context.EmulatorAuthorization warnAboutSecuredJwt
WARNING: expected an unsecured JWT, the emulator does not validate JWTs and IS NOT SECURE
Nov 06, 2025 11:25:10 AM io.gapi.emulators.netty.HttpVersionRoutingHandler channelRead
INFO: Detected non-HTTP/2 connection.
Nov 06, 2025 11:25:10 AM io.gapi.emulators.netty.HttpVersionRoutingHandler channelRead
INFO: Detected non-HTTP/2 connection.
Nov 06, 2025 11:25:10 AM io.gapi.emulators.netty.HttpVersionRoutingHandler channelRead
INFO: Detected non-HTTP/2 connection.
Nov 06, 2025 11:25:10 AM io.gapi.emulators.netty.HttpVersionRoutingHandler channelRead
INFO: Detected non-HTTP/2 connection.
Nov 06, 2025 11:25:10 AM com.google.cloud.datastore.emulator.impl.context.EmulatorAuthorization warnAboutSecuredJwt
WARNING: expected an unsecured JWT, the emulator does not validate JWTs and IS NOT SECURE
Nov 06, 2025 11:25:10 AM io.gapi.emulators.netty.HttpVersionRoutingHandler channelRead
INFO: Detected non-HTTP/2 connection.
Nov 06, 2025 11:25:10 AM io.gapi.emulators.netty.HttpVersionRoutingHandler channelRead
INFO: Detected non-HTTP/2 connection.
Nov 06, 2025 11:25:10 AM io.gapi.emulators.netty.HttpVersionRoutingHandler channelRead
INFO: Detected non-HTTP/2 connection.
Nov 06, 2025 11:25:10 AM io.gapi.emulators.netty.HttpVersionRoutingHandler channelRead
INFO: Detected non-HTTP/2 connection.
Nov 06, 2025 11:25:10 AM com.google.cloud.datastore.emulator.impl.context.EmulatorAuthorization warnAboutSecuredJwt
WARNING: expected an unsecured JWT, the emulator does not validate JWTs and IS NOT SECURE
Nov 06, 2025 11:25:10 AM io.gapi.emulators.netty.HttpVersionRoutingHandler channelRead
INFO: Detected non-HTTP/2 connection.
Nov 06, 2025 11:25:10 AM io.gapi.emulators.netty.HttpVersionRoutingHandler channelRead
INFO: Detected non-HTTP/2 connection.
Nov 06, 2025 11:25:10 AM io.gapi.emulators.netty.HttpVersionRoutingHandler channelRead
INFO: Detected non-HTTP/2 connection.
Nov 06, 2025 11:25:11 AM io.gapi.emulators.netty.HttpVersionRoutingHandler channelRead
INFO: Detected non-HTTP/2 connection.
Nov 06, 2025 11:25:11 AM com.google.cloud.datastore.emulator.impl.context.EmulatorAuthorization warnAboutSecuredJwt
WARNING: expected an unsecured JWT, the emulator does not validate JWTs and IS NOT SECURE
Nov 06, 2025 11:25:11 AM io.gapi.emulators.netty.HttpVersionRoutingHandler channelRead
INFO: Detected non-HTTP/2 connection.
Nov 06, 2025 11:25:11 AM io.gapi.emulators.netty.HttpVersionRoutingHandler channelRead
INFO: Detected non-HTTP/2 connection.
Nov 06, 2025 11:25:11 AM io.gapi.emulators.netty.HttpVersionRoutingHandler channelRead
INFO: Detected non-HTTP/2 connection.
Nov 06, 2025 11:25:11 AM io.gapi.emulators.netty.HttpVersionRoutingHandler channelRead
INFO: Detected non-HTTP/2 connection.
Nov 06, 2025 11:25:11 AM com.google.cloud.datastore.emulator.impl.context.EmulatorAuthorization warnAboutSecuredJwt
WARNING: expected an unsecured JWT, the emulator does not validate JWTs and IS NOT SECURE
Nov 06, 2025 11:25:11 AM io.gapi.emulators.netty.HttpVersionRoutingHandler channelRead
INFO: Detected non-HTTP/2 connection.
Nov 06, 2025 11:25:11 AM io.gapi.emulators.netty.HttpVersionRoutingHandler channelRead
INFO: Detected non-HTTP/2 connection.
Nov 06, 2025 11:25:11 AM io.gapi.emulators.netty.HttpVersionRoutingHandler channelRead
INFO: Detected non-HTTP/2 connection.
Nov 06, 2025 11:25:12 AM io.gapi.emulators.netty.HttpVersionRoutingHandler channelRead
INFO: Detected non-HTTP/2 connection.
Nov 06, 2025 11:25:12 AM com.google.cloud.datastore.emulator.impl.context.EmulatorAuthorization warnAboutSecuredJwt
WARNING: expected an unsecured JWT, the emulator does not validate JWTs and IS NOT SECURE
Nov 06, 2025 11:25:12 AM io.gapi.emulators.netty.HttpVersionRoutingHandler channelRead
INFO: Detected non-HTTP/2 connection.
Nov 06, 2025 11:25:12 AM io.gapi.emulators.netty.HttpVersionRoutingHandler channelRead
INFO: Detected non-HTTP/2 connection.
Nov 06, 2025 11:25:12 AM io.gapi.emulators.netty.HttpVersionRoutingHandler channelRead
INFO: Detected non-HTTP/2 connection.
Nov 06, 2025 11:25:12 AM io.gapi.emulators.netty.HttpVersionRoutingHandler channelRead
INFO: Detected non-HTTP/2 connection.
Nov 06, 2025 11:25:12 AM com.google.cloud.datastore.emulator.impl.context.EmulatorAuthorization warnAboutSecuredJwt
WARNING: expected an unsecured JWT, the emulator does not validate JWTs and IS NOT SECURE
Nov 06, 2025 11:25:12 AM io.gapi.emulators.netty.HttpVersionRoutingHandler channelRead
INFO: Detected non-HTTP/2 connection.
Nov 06, 2025 11:25:12 AM io.gapi.emulators.netty.HttpVersionRoutingHandler channelRead
INFO: Detected non-HTTP/2 connection.
Nov 06, 2025 11:25:12 AM io.gapi.emulators.netty.HttpVersionRoutingHandler channelRead
INFO: Detected non-HTTP/2 connection.
Nov 06, 2025 11:25:12 AM io.gapi.emulators.netty.HttpVersionRoutingHandler channelRead
INFO: Detected non-HTTP/2 connection.
Nov 06, 2025 11:25:12 AM com.google.cloud.datastore.emulator.impl.context.EmulatorAuthorization warnAboutSecuredJwt
WARNING: expected an unsecured JWT, the emulator does not validate JWTs and IS NOT SECURE
Nov 06, 2025 11:25:12 AM io.gapi.emulators.netty.HttpVersionRoutingHandler channelRead
INFO: Detected non-HTTP/2 connection.
Nov 06, 2025 11:25:12 AM io.gapi.emulators.netty.HttpVersionRoutingHandler channelRead
INFO: Detected non-HTTP/2 connection.
Nov 06, 2025 11:25:12 AM io.gapi.emulators.netty.HttpVersionRoutingHandler channelRead
INFO: Detected non-HTTP/2 connection.
Nov 06, 2025 11:25:13 AM io.gapi.emulators.netty.HttpVersionRoutingHandler channelRead
INFO: Detected non-HTTP/2 connection.
Nov 06, 2025 11:25:13 AM com.google.cloud.datastore.emulator.impl.context.EmulatorAuthorization warnAboutSecuredJwt
WARNING: expected an unsecured JWT, the emulator does not validate JWTs and IS NOT SECURE
Nov 06, 2025 11:25:13 AM io.gapi.emulators.netty.HttpVersionRoutingHandler channelRead
INFO: Detected non-HTTP/2 connection.
Nov 06, 2025 11:25:13 AM io.gapi.emulators.netty.HttpVersionRoutingHandler channelRead
INFO: Detected non-HTTP/2 connection.
Nov 06, 2025 11:25:13 AM io.gapi.emulators.netty.HttpVersionRoutingHandler channelRead
INFO: Detected non-HTTP/2 connection.
Nov 06, 2025 11:25:13 AM io.gapi.emulators.netty.HttpVersionRoutingHandler channelRead
INFO: Detected non-HTTP/2 connection.
Nov 06, 2025 11:25:13 AM com.google.cloud.datastore.emulator.impl.context.EmulatorAuthorization warnAboutSecuredJwt
WARNING: expected an unsecured JWT, the emulator does not validate JWTs and IS NOT SECURE
Nov 06, 2025 11:25:13 AM io.gapi.emulators.netty.HttpVersionRoutingHandler channelRead
INFO: Detected non-HTTP/2 connection.
Nov 06, 2025 11:25:13 AM io.gapi.emulators.netty.HttpVersionRoutingHandler channelRead
INFO: Detected non-HTTP/2 connection.
Nov 06, 2025 11:25:13 AM io.gapi.emulators.netty.HttpVersionRoutingHandler channelRead
INFO: Detected non-HTTP/2 connection.
Nov 06, 2025 11:25:14 AM io.gapi.emulators.netty.HttpVersionRoutingHandler channelRead
INFO: Detected non-HTTP/2 connection.
Nov 06, 2025 11:25:14 AM com.google.cloud.datastore.emulator.impl.context.EmulatorAuthorization warnAboutSecuredJwt
WARNING: expected an unsecured JWT, the emulator does not validate JWTs and IS NOT SECURE
Nov 06, 2025 11:25:14 AM io.gapi.emulators.netty.HttpVersionRoutingHandler channelRead
INFO: Detected non-HTTP/2 connection.
Nov 06, 2025 11:25:14 AM io.gapi.emulators.netty.HttpVersionRoutingHandler channelRead
INFO: Detected non-HTTP/2 connection.
Nov 06, 2025 11:25:14 AM io.gapi.emulators.netty.HttpVersionRoutingHandler channelRead
INFO: Detected non-HTTP/2 connection.
Nov 06, 2025 11:25:14 AM io.gapi.emulators.netty.HttpVersionRoutingHandler channelRead
INFO: Detected non-HTTP/2 connection.
Nov 06, 2025 11:25:14 AM com.google.cloud.datastore.emulator.impl.context.EmulatorAuthorization warnAboutSecuredJwt
WARNING: expected an unsecured JWT, the emulator does not validate JWTs and IS NOT SECURE
Nov 06, 2025 11:25:14 AM io.gapi.emulators.netty.HttpVersionRoutingHandler channelRead
INFO: Detected non-HTTP/2 connection.
Nov 06, 2025 11:25:14 AM io.gapi.emulators.netty.HttpVersionRoutingHandler channelRead
INFO: Detected non-HTTP/2 connection.
Nov 06, 2025 11:25:14 AM io.gapi.emulators.netty.HttpVersionRoutingHandler channelRead
INFO: Detected non-HTTP/2 connection.
Nov 06, 2025 11:25:15 AM io.gapi.emulators.netty.HttpVersionRoutingHandler channelRead
INFO: Detected non-HTTP/2 connection.
Nov 06, 2025 11:25:15 AM com.google.cloud.datastore.emulator.impl.context.EmulatorAuthorization warnAboutSecuredJwt
WARNING: expected an unsecured JWT, the emulator does not validate JWTs and IS NOT SECURE
Nov 06, 2025 11:25:15 AM io.gapi.emulators.netty.HttpVersionRoutingHandler channelRead
INFO: Detected non-HTTP/2 connection.
Nov 06, 2025 11:25:15 AM io.gapi.emulators.netty.HttpVersionRoutingHandler channelRead
INFO: Detected non-HTTP/2 connection.
Nov 06, 2025 11:25:15 AM io.gapi.emulators.netty.HttpVersionRoutingHandler channelRead
INFO: Detected non-HTTP/2 connection.
Nov 06, 2025 11:25:15 AM io.gapi.emulators.netty.HttpVersionRoutingHandler channelRead
INFO: Detected non-HTTP/2 connection.
Nov 06, 2025 11:25:15 AM com.google.cloud.datastore.emulator.impl.context.EmulatorAuthorization warnAboutSecuredJwt
WARNING: expected an unsecured JWT, the emulator does not validate JWTs and IS NOT SECURE
Nov 06, 2025 11:25:15 AM io.gapi.emulators.netty.HttpVersionRoutingHandler channelRead
INFO: Detected non-HTTP/2 connection.
Nov 06, 2025 11:25:15 AM io.gapi.emulators.netty.HttpVersionRoutingHandler channelRead
INFO: Detected non-HTTP/2 connection.
Nov 06, 2025 11:25:15 AM io.gapi.emulators.netty.HttpVersionRoutingHandler channelRead
INFO: Detected non-HTTP/2 connection.
Nov 06, 2025 11:25:16 AM io.gapi.emulators.netty.HttpVersionRoutingHandler channelRead
INFO: Detected non-HTTP/2 connection.
Nov 06, 2025 11:25:16 AM com.google.cloud.datastore.emulator.impl.context.EmulatorAuthorization warnAboutSecuredJwt
WARNING: expected an unsecured JWT, the emulator does not validate JWTs and IS NOT SECURE
Nov 06, 2025 11:25:16 AM io.gapi.emulators.netty.HttpVersionRoutingHandler channelRead
INFO: Detected non-HTTP/2 connection.
Nov 06, 2025 11:25:16 AM io.gapi.emulators.netty.HttpVersionRoutingHandler channelRead
INFO: Detected non-HTTP/2 connection.
Nov 06, 2025 11:25:16 AM io.gapi.emulators.netty.HttpVersionRoutingHandler channelRead
INFO: Detected non-HTTP/2 connection.
Nov 06, 2025 11:25:16 AM io.gapi.emulators.netty.HttpVersionRoutingHandler channelRead
INFO: Detected non-HTTP/2 connection.
Nov 06, 2025 11:25:16 AM com.google.cloud.datastore.emulator.impl.context.EmulatorAuthorization warnAboutSecuredJwt
WARNING: expected an unsecured JWT, the emulator does not validate JWTs and IS NOT SECURE
Nov 06, 2025 11:25:16 AM io.gapi.emulators.netty.HttpVersionRoutingHandler channelRead
INFO: Detected non-HTTP/2 connection.
Nov 06, 2025 11:25:16 AM io.gapi.emulators.netty.HttpVersionRoutingHandler channelRead
INFO: Detected non-HTTP/2 connection.
Nov 06, 2025 11:25:16 AM io.gapi.emulators.netty.HttpVersionRoutingHandler channelRead
INFO: Detected non-HTTP/2 connection.
Nov 06, 2025 11:25:16 AM io.gapi.emulators.netty.HttpVersionRoutingHandler channelRead
INFO: Detected non-HTTP/2 connection.
Nov 06, 2025 11:25:16 AM com.google.cloud.datastore.emulator.impl.context.EmulatorAuthorization warnAboutSecuredJwt
WARNING: expected an unsecured JWT, the emulator does not validate JWTs and IS NOT SECURE
Nov 06, 2025 11:25:16 AM io.gapi.emulators.netty.HttpVersionRoutingHandler channelRead
INFO: Detected non-HTTP/2 connection.
Nov 06, 2025 11:25:16 AM io.gapi.emulators.netty.HttpVersionRoutingHandler channelRead
INFO: Detected non-HTTP/2 connection.
Nov 06, 2025 11:25:17 AM io.gapi.emulators.netty.HttpVersionRoutingHandler channelRead
INFO: Detected non-HTTP/2 connection.
Nov 06, 2025 11:25:17 AM io.gapi.emulators.netty.HttpVersionRoutingHandler channelRead
INFO: Detected non-HTTP/2 connection.
Nov 06, 2025 11:25:17 AM com.google.cloud.datastore.emulator.impl.context.EmulatorAuthorization warnAboutSecuredJwt
WARNING: expected an unsecured JWT, the emulator does not validate JWTs and IS NOT SECURE
Nov 06, 2025 11:25:17 AM io.gapi.emulators.netty.HttpVersionRoutingHandler channelRead
INFO: Detected non-HTTP/2 connection.
Nov 06, 2025 11:25:17 AM io.gapi.emulators.netty.HttpVersionRoutingHandler channelRead
INFO: Detected non-HTTP/2 connection.
Nov 06, 2025 11:25:17 AM io.gapi.emulators.netty.HttpVersionRoutingHandler channelRead
INFO: Detected non-HTTP/2 connection.
Nov 06, 2025 11:25:17 AM io.gapi.emulators.netty.HttpVersionRoutingHandler channelRead
INFO: Detected non-HTTP/2 connection.
Nov 06, 2025 11:25:17 AM com.google.cloud.datastore.emulator.impl.context.EmulatorAuthorization warnAboutSecuredJwt
WARNING: expected an unsecured JWT, the emulator does not validate JWTs and IS NOT SECURE
Nov 06, 2025 11:25:17 AM io.gapi.emulators.netty.HttpVersionRoutingHandler channelRead
INFO: Detected non-HTTP/2 connection.
Nov 06, 2025 11:25:17 AM io.gapi.emulators.netty.HttpVersionRoutingHandler channelRead
INFO: Detected non-HTTP/2 connection.
Nov 06, 2025 11:25:17 AM io.gapi.emulators.netty.HttpVersionRoutingHandler channelRead
INFO: Detected non-HTTP/2 connection.
Nov 06, 2025 11:25:18 AM io.gapi.emulators.netty.HttpVersionRoutingHandler channelRead
INFO: Detected non-HTTP/2 connection.
Nov 06, 2025 11:25:18 AM com.google.cloud.datastore.emulator.impl.context.EmulatorAuthorization warnAboutSecuredJwt
WARNING: expected an unsecured JWT, the emulator does not validate JWTs and IS NOT SECURE
Nov 06, 2025 11:25:18 AM io.gapi.emulators.netty.HttpVersionRoutingHandler channelRead
INFO: Detected non-HTTP/2 connection.
Nov 06, 2025 11:25:18 AM io.gapi.emulators.netty.HttpVersionRoutingHandler channelRead
INFO: Detected non-HTTP/2 connection.
Nov 06, 2025 11:25:18 AM io.gapi.emulators.netty.HttpVersionRoutingHandler channelRead
INFO: Detected non-HTTP/2 connection.
Nov 06, 2025 11:25:18 AM io.gapi.emulators.netty.HttpVersionRoutingHandler channelRead
INFO: Detected non-HTTP/2 connection.
Nov 06, 2025 11:25:18 AM com.google.cloud.datastore.emulator.impl.context.EmulatorAuthorization warnAboutSecuredJwt
WARNING: expected an unsecured JWT, the emulator does not validate JWTs and IS NOT SECURE
Nov 06, 2025 11:25:18 AM io.gapi.emulators.netty.HttpVersionRoutingHandler channelRead
INFO: Detected non-HTTP/2 connection.
Nov 06, 2025 11:25:18 AM io.gapi.emulators.netty.HttpVersionRoutingHandler channelRead
INFO: Detected non-HTTP/2 connection.
Nov 06, 2025 11:25:18 AM io.gapi.emulators.netty.HttpVersionRoutingHandler channelRead
INFO: Detected non-HTTP/2 connection.
Nov 06, 2025 11:25:19 AM io.gapi.emulators.netty.HttpVersionRoutingHandler channelRead
INFO: Detected non-HTTP/2 connection.
Nov 06, 2025 11:25:19 AM com.google.cloud.datastore.emulator.impl.context.EmulatorAuthorization warnAboutSecuredJwt
WARNING: expected an unsecured JWT, the emulator does not validate JWTs and IS NOT SECURE
Nov 06, 2025 11:25:19 AM io.gapi.emulators.netty.HttpVersionRoutingHandler channelRead
INFO: Detected non-HTTP/2 connection.
Nov 06, 2025 11:25:19 AM io.gapi.emulators.netty.HttpVersionRoutingHandler channelRead
INFO: Detected non-HTTP/2 connection.
Nov 06, 2025 11:25:19 AM io.gapi.emulators.netty.HttpVersionRoutingHandler channelRead
INFO: Detected non-HTTP/2 connection.
Nov 06, 2025 11:25:19 AM io.gapi.emulators.netty.HttpVersionRoutingHandler channelRead
INFO: Detected non-HTTP/2 connection.
Nov 06, 2025 11:25:19 AM com.google.cloud.datastore.emulator.impl.context.EmulatorAuthorization warnAboutSecuredJwt
WARNING: expected an unsecured JWT, the emulator does not validate JWTs and IS NOT SECURE
Nov 06, 2025 11:25:19 AM io.gapi.emulators.netty.HttpVersionRoutingHandler channelRead
INFO: Detected non-HTTP/2 connection.
Nov 06, 2025 11:25:19 AM io.gapi.emulators.netty.HttpVersionRoutingHandler channelRead
INFO: Detected non-HTTP/2 connection.
Nov 06, 2025 11:25:19 AM io.gapi.emulators.netty.HttpVersionRoutingHandler channelRead
INFO: Detected non-HTTP/2 connection.
Nov 06, 2025 11:25:20 AM io.gapi.emulators.netty.HttpVersionRoutingHandler channelRead
INFO: Detected non-HTTP/2 connection.
Nov 06, 2025 11:25:20 AM com.google.cloud.datastore.emulator.impl.context.EmulatorAuthorization warnAboutSecuredJwt
WARNING: expected an unsecured JWT, the emulator does not validate JWTs and IS NOT SECURE
Nov 06, 2025 11:25:20 AM io.gapi.emulators.netty.HttpVersionRoutingHandler channelRead
INFO: Detected non-HTTP/2 connection.
Nov 06, 2025 11:25:20 AM io.gapi.emulators.netty.HttpVersionRoutingHandler channelRead
INFO: Detected non-HTTP/2 connection.
Nov 06, 2025 11:25:20 AM io.gapi.emulators.netty.HttpVersionRoutingHandler channelRead
INFO: Detected non-HTTP/2 connection.
Nov 06, 2025 11:25:20 AM io.gapi.emulators.netty.HttpVersionRoutingHandler channelRead
INFO: Detected non-HTTP/2 connection.
Nov 06, 2025 11:25:20 AM com.google.cloud.datastore.emulator.impl.context.EmulatorAuthorization warnAboutSecuredJwt
WARNING: expected an unsecured JWT, the emulator does not validate JWTs and IS NOT SECURE
Nov 06, 2025 11:25:20 AM io.gapi.emulators.netty.HttpVersionRoutingHandler channelRead
INFO: Detected non-HTTP/2 connection.
Nov 06, 2025 11:25:20 AM io.gapi.emulators.netty.HttpVersionRoutingHandler channelRead
INFO: Detected non-HTTP/2 connection.
Nov 06, 2025 11:25:20 AM io.gapi.emulators.netty.HttpVersionRoutingHandler channelRead
INFO: Detected non-HTTP/2 connection.
Nov 06, 2025 11:25:20 AM io.gapi.emulators.netty.HttpVersionRoutingHandler channelRead
INFO: Detected non-HTTP/2 connection.
Nov 06, 2025 11:25:20 AM com.google.cloud.datastore.emulator.impl.context.EmulatorAuthorization warnAboutSecuredJwt
WARNING: expected an unsecured JWT, the emulator does not validate JWTs and IS NOT SECURE
Nov 06, 2025 11:25:20 AM io.gapi.emulators.netty.HttpVersionRoutingHandler channelRead
INFO: Detected non-HTTP/2 connection.
Nov 06, 2025 11:25:21 AM io.gapi.emulators.netty.HttpVersionRoutingHandler channelRead
INFO: Detected non-HTTP/2 connection.
Nov 06, 2025 11:25:21 AM io.gapi.emulators.netty.HttpVersionRoutingHandler channelRead
INFO: Detected non-HTTP/2 connection.
Nov 06, 2025 11:25:21 AM io.gapi.emulators.netty.HttpVersionRoutingHandler channelRead
INFO: Detected non-HTTP/2 connection.
Nov 06, 2025 11:25:21 AM com.google.cloud.datastore.emulator.impl.context.EmulatorAuthorization warnAboutSecuredJwt
WARNING: expected an unsecured JWT, the emulator does not validate JWTs and IS NOT SECURE
Nov 06, 2025 11:25:21 AM io.gapi.emulators.netty.HttpVersionRoutingHandler channelRead
INFO: Detected non-HTTP/2 connection.
Nov 06, 2025 11:25:21 AM io.gapi.emulators.netty.HttpVersionRoutingHandler channelRead
INFO: Detected non-HTTP/2 connection.
Nov 06, 2025 11:25:21 AM io.gapi.emulators.netty.HttpVersionRoutingHandler channelRead
INFO: Detected non-HTTP/2 connection.
Nov 06, 2025 11:25:21 AM io.gapi.emulators.netty.HttpVersionRoutingHandler channelRead
INFO: Detected non-HTTP/2 connection.
Nov 06, 2025 11:25:21 AM com.google.cloud.datastore.emulator.impl.context.EmulatorAuthorization warnAboutSecuredJwt
WARNING: expected an unsecured JWT, the emulator does not validate JWTs and IS NOT SECURE
Nov 06, 2025 11:25:21 AM io.gapi.emulators.netty.HttpVersionRoutingHandler channelRead
INFO: Detected non-HTTP/2 connection.
Nov 06, 2025 11:25:21 AM io.gapi.emulators.netty.HttpVersionRoutingHandler channelRead
INFO: Detected non-HTTP/2 connection.
Nov 06, 2025 11:25:21 AM io.gapi.emulators.netty.HttpVersionRoutingHandler channelRead
INFO: Detected non-HTTP/2 connection.
Nov 06, 2025 11:25:22 AM io.gapi.emulators.netty.HttpVersionRoutingHandler channelRead
INFO: Detected non-HTTP/2 connection.
Nov 06, 2025 11:25:22 AM com.google.cloud.datastore.emulator.impl.context.EmulatorAuthorization warnAboutSecuredJwt
WARNING: expected an unsecured JWT, the emulator does not validate JWTs and IS NOT SECURE
Nov 06, 2025 11:25:22 AM io.gapi.emulators.netty.HttpVersionRoutingHandler channelRead
INFO: Detected non-HTTP/2 connection.
Nov 06, 2025 11:25:22 AM io.gapi.emulators.netty.HttpVersionRoutingHandler channelRead
INFO: Detected non-HTTP/2 connection.
Nov 06, 2025 11:25:22 AM io.gapi.emulators.netty.HttpVersionRoutingHandler channelRead
INFO: Detected non-HTTP/2 connection.
Nov 06, 2025 11:25:22 AM io.gapi.emulators.netty.HttpVersionRoutingHandler channelRead
INFO: Detected non-HTTP/2 connection.
Nov 06, 2025 11:25:22 AM com.google.cloud.datastore.emulator.impl.context.EmulatorAuthorization warnAboutSecuredJwt
WARNING: expected an unsecured JWT, the emulator does not validate JWTs and IS NOT SECURE
Nov 06, 2025 11:25:22 AM io.gapi.emulators.netty.HttpVersionRoutingHandler channelRead
INFO: Detected non-HTTP/2 connection.
Nov 06, 2025 11:25:22 AM io.gapi.emulators.netty.HttpVersionRoutingHandler channelRead
INFO: Detected non-HTTP/2 connection.
Nov 06, 2025 11:25:22 AM io.gapi.emulators.netty.HttpVersionRoutingHandler channelRead
INFO: Detected non-HTTP/2 connection.
Nov 06, 2025 11:25:23 AM io.gapi.emulators.netty.HttpVersionRoutingHandler channelRead
INFO: Detected non-HTTP/2 connection.
Nov 06, 2025 11:25:23 AM com.google.cloud.datastore.emulator.impl.context.EmulatorAuthorization warnAboutSecuredJwt
WARNING: expected an unsecured JWT, the emulator does not validate JWTs and IS NOT SECURE
Nov 06, 2025 11:25:23 AM io.gapi.emulators.netty.HttpVersionRoutingHandler channelRead
INFO: Detected non-HTTP/2 connection.
Nov 06, 2025 11:25:23 AM io.gapi.emulators.netty.HttpVersionRoutingHandler channelRead
INFO: Detected non-HTTP/2 connection.
Nov 06, 2025 11:25:23 AM io.gapi.emulators.netty.HttpVersionRoutingHandler channelRead
INFO: Detected non-HTTP/2 connection.
Nov 06, 2025 11:25:23 AM io.gapi.emulators.netty.HttpVersionRoutingHandler channelRead
INFO: Detected non-HTTP/2 connection.
Nov 06, 2025 11:25:23 AM com.google.cloud.datastore.emulator.impl.context.EmulatorAuthorization warnAboutSecuredJwt
WARNING: expected an unsecured JWT, the emulator does not validate JWTs and IS NOT SECURE
Nov 06, 2025 11:25:23 AM io.gapi.emulators.netty.HttpVersionRoutingHandler channelRead
INFO: Detected non-HTTP/2 connection.
Nov 06, 2025 11:25:23 AM io.gapi.emulators.netty.HttpVersionRoutingHandler channelRead
INFO: Detected non-HTTP/2 connection.
Nov 06, 2025 11:25:23 AM io.gapi.emulators.netty.HttpVersionRoutingHandler channelRead
INFO: Detected non-HTTP/2 connection.
Nov 06, 2025 11:25:24 AM io.gapi.emulators.netty.HttpVersionRoutingHandler channelRead
INFO: Detected non-HTTP/2 connection.
Nov 06, 2025 11:25:24 AM com.google.cloud.datastore.emulator.impl.context.EmulatorAuthorization warnAboutSecuredJwt
WARNING: expected an unsecured JWT, the emulator does not validate JWTs and IS NOT SECURE
Nov 06, 2025 11:25:24 AM io.gapi.emulators.netty.HttpVersionRoutingHandler channelRead
INFO: Detected non-HTTP/2 connection.
Nov 06, 2025 11:25:24 AM io.gapi.emulators.netty.HttpVersionRoutingHandler channelRead
INFO: Detected non-HTTP/2 connection.
Nov 06, 2025 11:25:24 AM io.gapi.emulators.netty.HttpVersionRoutingHandler channelRead
INFO: Detected non-HTTP/2 connection.
Nov 06, 2025 11:25:24 AM io.gapi.emulators.netty.HttpVersionRoutingHandler channelRead
INFO: Detected non-HTTP/2 connection.
Nov 06, 2025 11:25:24 AM com.google.cloud.datastore.emulator.impl.context.EmulatorAuthorization warnAboutSecuredJwt
WARNING: expected an unsecured JWT, the emulator does not validate JWTs and IS NOT SECURE
Nov 06, 2025 11:25:24 AM io.gapi.emulators.netty.HttpVersionRoutingHandler channelRead
INFO: Detected non-HTTP/2 connection.
Nov 06, 2025 11:25:24 AM io.gapi.emulators.netty.HttpVersionRoutingHandler channelRead
INFO: Detected non-HTTP/2 connection.
Nov 06, 2025 11:25:24 AM io.gapi.emulators.netty.HttpVersionRoutingHandler channelRead
INFO: Detected non-HTTP/2 connection.
Nov 06, 2025 11:25:25 AM io.gapi.emulators.netty.HttpVersionRoutingHandler channelRead
INFO: Detected non-HTTP/2 connection.
Nov 06, 2025 11:25:25 AM com.google.cloud.datastore.emulator.impl.context.EmulatorAuthorization warnAboutSecuredJwt
WARNING: expected an unsecured JWT, the emulator does not validate JWTs and IS NOT SECURE
Nov 06, 2025 11:25:25 AM io.gapi.emulators.netty.HttpVersionRoutingHandler channelRead
INFO: Detected non-HTTP/2 connection.
Nov 06, 2025 11:25:25 AM io.gapi.emulators.netty.HttpVersionRoutingHandler channelRead
INFO: Detected non-HTTP/2 connection.
Nov 06, 2025 11:25:25 AM io.gapi.emulators.netty.HttpVersionRoutingHandler channelRead
INFO: Detected non-HTTP/2 connection.
Nov 06, 2025 11:25:25 AM io.gapi.emulators.netty.HttpVersionRoutingHandler channelRead
INFO: Detected non-HTTP/2 connection.
Nov 06, 2025 11:25:25 AM com.google.cloud.datastore.emulator.impl.context.EmulatorAuthorization warnAboutSecuredJwt
WARNING: expected an unsecured JWT, the emulator does not validate JWTs and IS NOT SECURE
Nov 06, 2025 11:25:25 AM io.gapi.emulators.netty.HttpVersionRoutingHandler channelRead
INFO: Detected non-HTTP/2 connection.
Nov 06, 2025 11:25:25 AM io.gapi.emulators.netty.HttpVersionRoutingHandler channelRead
INFO: Detected non-HTTP/2 connection.
Nov 06, 2025 11:25:25 AM io.gapi.emulators.netty.HttpVersionRoutingHandler channelRead
INFO: Detected non-HTTP/2 connection.
Nov 06, 2025 11:25:25 AM io.gapi.emulators.netty.HttpVersionRoutingHandler channelRead
INFO: Detected non-HTTP/2 connection.
Nov 06, 2025 11:25:25 AM com.google.cloud.datastore.emulator.impl.context.EmulatorAuthorization warnAboutSecuredJwt
WARNING: expected an unsecured JWT, the emulator does not validate JWTs and IS NOT SECURE
Nov 06, 2025 11:25:25 AM io.gapi.emulators.netty.HttpVersionRoutingHandler channelRead
INFO: Detected non-HTTP/2 connection.
Nov 06, 2025 11:25:25 AM io.gapi.emulators.netty.HttpVersionRoutingHandler channelRead
INFO: Detected non-HTTP/2 connection.
Nov 06, 2025 11:25:25 AM io.gapi.emulators.netty.HttpVersionRoutingHandler channelRead
INFO: Detected non-HTTP/2 connection.
Nov 06, 2025 11:25:26 AM io.gapi.emulators.netty.HttpVersionRoutingHandler channelRead
INFO: Detected non-HTTP/2 connection.
Nov 06, 2025 11:25:26 AM com.google.cloud.datastore.emulator.impl.context.EmulatorAuthorization warnAboutSecuredJwt
WARNING: expected an unsecured JWT, the emulator does not validate JWTs and IS NOT SECURE
Nov 06, 2025 11:25:26 AM io.gapi.emulators.netty.HttpVersionRoutingHandler channelRead
INFO: Detected non-HTTP/2 connection.
Nov 06, 2025 11:25:26 AM io.gapi.emulators.netty.HttpVersionRoutingHandler channelRead
INFO: Detected non-HTTP/2 connection.
Nov 06, 2025 11:25:26 AM io.gapi.emulators.netty.HttpVersionRoutingHandler channelRead
INFO: Detected non-HTTP/2 connection.
Nov 06, 2025 11:25:26 AM io.gapi.emulators.netty.HttpVersionRoutingHandler channelRead
INFO: Detected non-HTTP/2 connection.
Nov 06, 2025 11:25:26 AM com.google.cloud.datastore.emulator.impl.context.EmulatorAuthorization warnAboutSecuredJwt
WARNING: expected an unsecured JWT, the emulator does not validate JWTs and IS NOT SECURE
Nov 06, 2025 11:25:26 AM io.gapi.emulators.netty.HttpVersionRoutingHandler channelRead
INFO: Detected non-HTTP/2 connection.
Nov 06, 2025 11:25:26 AM io.gapi.emulators.netty.HttpVersionRoutingHandler channelRead
INFO: Detected non-HTTP/2 connection.
Nov 06, 2025 11:25:26 AM io.gapi.emulators.netty.HttpVersionRoutingHandler channelRead
INFO: Detected non-HTTP/2 connection.
Nov 06, 2025 11:25:27 AM io.gapi.emulators.netty.HttpVersionRoutingHandler channelRead
INFO: Detected non-HTTP/2 connection.
Nov 06, 2025 11:25:27 AM com.google.cloud.datastore.emulator.impl.context.EmulatorAuthorization warnAboutSecuredJwt
WARNING: expected an unsecured JWT, the emulator does not validate JWTs and IS NOT SECURE
Nov 06, 2025 11:25:27 AM io.gapi.emulators.netty.HttpVersionRoutingHandler channelRead
INFO: Detected non-HTTP/2 connection.
Nov 06, 2025 11:25:27 AM io.gapi.emulators.netty.HttpVersionRoutingHandler channelRead
INFO: Detected non-HTTP/2 connection.
Nov 06, 2025 11:25:27 AM io.gapi.emulators.netty.HttpVersionRoutingHandler channelRead
INFO: Detected non-HTTP/2 connection.
Nov 06, 2025 11:25:27 AM io.gapi.emulators.netty.HttpVersionRoutingHandler channelRead
INFO: Detected non-HTTP/2 connection.
Nov 06, 2025 11:25:27 AM com.google.cloud.datastore.emulator.impl.context.EmulatorAuthorization warnAboutSecuredJwt
WARNING: expected an unsecured JWT, the emulator does not validate JWTs and IS NOT SECURE
Nov 06, 2025 11:25:27 AM io.gapi.emulators.netty.HttpVersionRoutingHandler channelRead
INFO: Detected non-HTTP/2 connection.
Nov 06, 2025 11:25:27 AM io.gapi.emulators.netty.HttpVersionRoutingHandler channelRead
INFO: Detected non-HTTP/2 connection.
Nov 06, 2025 11:25:27 AM io.gapi.emulators.netty.HttpVersionRoutingHandler channelRead
INFO: Detected non-HTTP/2 connection.
Nov 06, 2025 11:25:28 AM io.gapi.emulators.netty.HttpVersionRoutingHandler channelRead
INFO: Detected non-HTTP/2 connection.
Nov 06, 2025 11:25:28 AM com.google.cloud.datastore.emulator.impl.context.EmulatorAuthorization warnAboutSecuredJwt
WARNING: expected an unsecured JWT, the emulator does not validate JWTs and IS NOT SECURE
Nov 06, 2025 11:25:28 AM io.gapi.emulators.netty.HttpVersionRoutingHandler channelRead
INFO: Detected non-HTTP/2 connection.
Nov 06, 2025 11:25:28 AM io.gapi.emulators.netty.HttpVersionRoutingHandler channelRead
INFO: Detected non-HTTP/2 connection.
Nov 06, 2025 11:25:28 AM io.gapi.emulators.netty.HttpVersionRoutingHandler channelRead
INFO: Detected non-HTTP/2 connection.
Nov 06, 2025 11:25:28 AM io.gapi.emulators.netty.HttpVersionRoutingHandler channelRead
INFO: Detected non-HTTP/2 connection.
Nov 06, 2025 11:25:28 AM com.google.cloud.datastore.emulator.impl.context.EmulatorAuthorization warnAboutSecuredJwt
WARNING: expected an unsecured JWT, the emulator does not validate JWTs and IS NOT SECURE
Nov 06, 2025 11:25:28 AM io.gapi.emulators.netty.HttpVersionRoutingHandler channelRead
INFO: Detected non-HTTP/2 connection.
Nov 06, 2025 11:25:28 AM io.gapi.emulators.netty.HttpVersionRoutingHandler channelRead
INFO: Detected non-HTTP/2 connection.
Nov 06, 2025 11:25:28 AM io.gapi.emulators.netty.HttpVersionRoutingHandler channelRead
INFO: Detected non-HTTP/2 connection.
Nov 06, 2025 11:25:29 AM io.gapi.emulators.netty.HttpVersionRoutingHandler channelRead
INFO: Detected non-HTTP/2 connection.
Nov 06, 2025 11:25:29 AM com.google.cloud.datastore.emulator.impl.context.EmulatorAuthorization warnAboutSecuredJwt
WARNING: expected an unsecured JWT, the emulator does not validate JWTs and IS NOT SECURE
Nov 06, 2025 11:25:29 AM io.gapi.emulators.netty.HttpVersionRoutingHandler channelRead
INFO: Detected non-HTTP/2 connection.
Nov 06, 2025 11:25:29 AM io.gapi.emulators.netty.HttpVersionRoutingHandler channelRead
INFO: Detected non-HTTP/2 connection.
Nov 06, 2025 11:25:29 AM io.gapi.emulators.netty.HttpVersionRoutingHandler channelRead
INFO: Detected non-HTTP/2 connection.
Nov 06, 2025 11:25:29 AM io.gapi.emulators.netty.HttpVersionRoutingHandler channelRead
INFO: Detected non-HTTP/2 connection.
Nov 06, 2025 11:25:29 AM com.google.cloud.datastore.emulator.impl.context.EmulatorAuthorization warnAboutSecuredJwt
WARNING: expected an unsecured JWT, the emulator does not validate JWTs and IS NOT SECURE
Nov 06, 2025 11:25:29 AM io.gapi.emulators.netty.HttpVersionRoutingHandler channelRead
INFO: Detected non-HTTP/2 connection.
Nov 06, 2025 11:25:29 AM io.gapi.emulators.netty.HttpVersionRoutingHandler channelRead
INFO: Detected non-HTTP/2 connection.
Nov 06, 2025 11:25:29 AM io.gapi.emulators.netty.HttpVersionRoutingHandler channelRead
INFO: Detected non-HTTP/2 connection.
Nov 06, 2025 11:25:30 AM io.gapi.emulators.netty.HttpVersionRoutingHandler channelRead
INFO: Detected non-HTTP/2 connection.
Nov 06, 2025 11:25:30 AM com.google.cloud.datastore.emulator.impl.context.EmulatorAuthorization warnAboutSecuredJwt
WARNING: expected an unsecured JWT, the emulator does not validate JWTs and IS NOT SECURE
Nov 06, 2025 11:25:30 AM io.gapi.emulators.netty.HttpVersionRoutingHandler channelRead
INFO: Detected non-HTTP/2 connection.
Nov 06, 2025 11:25:30 AM io.gapi.emulators.netty.HttpVersionRoutingHandler channelRead
INFO: Detected non-HTTP/2 connection.
Nov 06, 2025 11:25:30 AM io.gapi.emulators.netty.HttpVersionRoutingHandler channelRead
INFO: Detected non-HTTP/2 connection.
Nov 06, 2025 11:25:30 AM io.gapi.emulators.netty.HttpVersionRoutingHandler channelRead
INFO: Detected non-HTTP/2 connection.
Nov 06, 2025 11:25:30 AM com.google.cloud.datastore.emulator.impl.context.EmulatorAuthorization warnAboutSecuredJwt
WARNING: expected an unsecured JWT, the emulator does not validate JWTs and IS NOT SECURE
Nov 06, 2025 11:25:30 AM io.gapi.emulators.netty.HttpVersionRoutingHandler channelRead
INFO: Detected non-HTTP/2 connection.
Nov 06, 2025 11:25:30 AM io.gapi.emulators.netty.HttpVersionRoutingHandler channelRead
INFO: Detected non-HTTP/2 connection.
Nov 06, 2025 11:25:30 AM io.gapi.emulators.netty.HttpVersionRoutingHandler channelRead
INFO: Detected non-HTTP/2 connection.
Nov 06, 2025 11:25:31 AM io.gapi.emulators.netty.HttpVersionRoutingHandler channelRead
INFO: Detected non-HTTP/2 connection.
Nov 06, 2025 11:25:31 AM com.google.cloud.datastore.emulator.impl.context.EmulatorAuthorization warnAboutSecuredJwt
WARNING: expected an unsecured JWT, the emulator does not validate JWTs and IS NOT SECURE
Nov 06, 2025 11:25:31 AM io.gapi.emulators.netty.HttpVersionRoutingHandler channelRead
INFO: Detected non-HTTP/2 connection.
Nov 06, 2025 11:25:31 AM io.gapi.emulators.netty.HttpVersionRoutingHandler channelRead
INFO: Detected non-HTTP/2 connection.
Nov 06, 2025 11:25:31 AM io.gapi.emulators.netty.HttpVersionRoutingHandler channelRead
INFO: Detected non-HTTP/2 connection.
Nov 06, 2025 11:25:31 AM io.gapi.emulators.netty.HttpVersionRoutingHandler channelRead
INFO: Detected non-HTTP/2 connection.
Nov 06, 2025 11:25:31 AM com.google.cloud.datastore.emulator.impl.context.EmulatorAuthorization warnAboutSecuredJwt
WARNING: expected an unsecured JWT, the emulator does not validate JWTs and IS NOT SECURE
Nov 06, 2025 11:25:31 AM io.gapi.emulators.netty.HttpVersionRoutingHandler channelRead
INFO: Detected non-HTTP/2 connection.
Nov 06, 2025 11:25:31 AM io.gapi.emulators.netty.HttpVersionRoutingHandler channelRead
INFO: Detected non-HTTP/2 connection.
Nov 06, 2025 11:25:31 AM io.gapi.emulators.netty.HttpVersionRoutingHandler channelRead
INFO: Detected non-HTTP/2 connection.
Nov 06, 2025 11:25:31 AM io.gapi.emulators.netty.HttpVersionRoutingHandler channelRead
INFO: Detected non-HTTP/2 connection.
Nov 06, 2025 11:25:31 AM com.google.cloud.datastore.emulator.impl.context.EmulatorAuthorization warnAboutSecuredJwt
WARNING: expected an unsecured JWT, the emulator does not validate JWTs and IS NOT SECURE
Nov 06, 2025 11:25:31 AM io.gapi.emulators.netty.HttpVersionRoutingHandler channelRead
INFO: Detected non-HTTP/2 connection.
Nov 06, 2025 11:25:31 AM io.gapi.emulators.netty.HttpVersionRoutingHandler channelRead
INFO: Detected non-HTTP/2 connection.
Nov 06, 2025 11:25:31 AM io.gapi.emulators.netty.HttpVersionRoutingHandler channelRead
INFO: Detected non-HTTP/2 connection.
Nov 06, 2025 11:25:32 AM io.gapi.emulators.netty.HttpVersionRoutingHandler channelRead
INFO: Detected non-HTTP/2 connection.
Nov 06, 2025 11:25:32 AM com.google.cloud.datastore.emulator.impl.context.EmulatorAuthorization warnAboutSecuredJwt
WARNING: expected an unsecured JWT, the emulator does not validate JWTs and IS NOT SECURE
Nov 06, 2025 11:25:32 AM io.gapi.emulators.netty.HttpVersionRoutingHandler channelRead
INFO: Detected non-HTTP/2 connection.
Nov 06, 2025 11:25:32 AM io.gapi.emulators.netty.HttpVersionRoutingHandler channelRead
INFO: Detected non-HTTP/2 connection.
Nov 06, 2025 11:25:32 AM io.gapi.emulators.netty.HttpVersionRoutingHandler channelRead
INFO: Detected non-HTTP/2 connection.
Nov 06, 2025 11:25:32 AM io.gapi.emulators.netty.HttpVersionRoutingHandler channelRead
INFO: Detected non-HTTP/2 connection.
Nov 06, 2025 11:25:32 AM com.google.cloud.datastore.emulator.impl.context.EmulatorAuthorization warnAboutSecuredJwt
WARNING: expected an unsecured JWT, the emulator does not validate JWTs and IS NOT SECURE
Nov 06, 2025 11:25:32 AM io.gapi.emulators.netty.HttpVersionRoutingHandler channelRead
INFO: Detected non-HTTP/2 connection.
Nov 06, 2025 11:25:32 AM io.gapi.emulators.netty.HttpVersionRoutingHandler channelRead
INFO: Detected non-HTTP/2 connection.
Nov 06, 2025 11:25:32 AM io.gapi.emulators.netty.HttpVersionRoutingHandler channelRead
INFO: Detected non-HTTP/2 connection.
Nov 06, 2025 11:25:33 AM io.gapi.emulators.netty.HttpVersionRoutingHandler channelRead
INFO: Detected non-HTTP/2 connection.
Nov 06, 2025 11:25:33 AM com.google.cloud.datastore.emulator.impl.context.EmulatorAuthorization warnAboutSecuredJwt
WARNING: expected an unsecured JWT, the emulator does not validate JWTs and IS NOT SECURE
Nov 06, 2025 11:25:33 AM io.gapi.emulators.netty.HttpVersionRoutingHandler channelRead
INFO: Detected non-HTTP/2 connection.
Nov 06, 2025 11:25:33 AM io.gapi.emulators.netty.HttpVersionRoutingHandler channelRead
INFO: Detected non-HTTP/2 connection.
Nov 06, 2025 11:25:33 AM io.gapi.emulators.netty.HttpVersionRoutingHandler channelRead
INFO: Detected non-HTTP/2 connection.
Nov 06, 2025 11:25:33 AM io.gapi.emulators.netty.HttpVersionRoutingHandler channelRead
INFO: Detected non-HTTP/2 connection.
Nov 06, 2025 11:25:33 AM com.google.cloud.datastore.emulator.impl.context.EmulatorAuthorization warnAboutSecuredJwt
WARNING: expected an unsecured JWT, the emulator does not validate JWTs and IS NOT SECURE
Nov 06, 2025 11:25:33 AM io.gapi.emulators.netty.HttpVersionRoutingHandler channelRead
INFO: Detected non-HTTP/2 connection.
Nov 06, 2025 11:25:33 AM io.gapi.emulators.netty.HttpVersionRoutingHandler channelRead
INFO: Detected non-HTTP/2 connection.
Nov 06, 2025 11:25:33 AM io.gapi.emulators.netty.HttpVersionRoutingHandler channelRead
INFO: Detected non-HTTP/2 connection.
Nov 06, 2025 11:25:33 AM io.gapi.emulators.netty.HttpVersionRoutingHandler channelRead
INFO: Detected non-HTTP/2 connection.
Nov 06, 2025 11:25:33 AM com.google.cloud.datastore.emulator.impl.context.EmulatorAuthorization warnAboutSecuredJwt
WARNING: expected an unsecured JWT, the emulator does not validate JWTs and IS NOT SECURE
Nov 06, 2025 11:25:33 AM io.gapi.emulators.netty.HttpVersionRoutingHandler channelRead
INFO: Detected non-HTTP/2 connection.
Nov 06, 2025 11:25:33 AM io.gapi.emulators.netty.HttpVersionRoutingHandler channelRead
INFO: Detected non-HTTP/2 connection.
Nov 06, 2025 11:25:33 AM io.gapi.emulators.netty.HttpVersionRoutingHandler channelRead
INFO: Detected non-HTTP/2 connection.
Nov 06, 2025 11:25:34 AM io.gapi.emulators.netty.HttpVersionRoutingHandler channelRead
INFO: Detected non-HTTP/2 connection.
Nov 06, 2025 11:25:34 AM com.google.cloud.datastore.emulator.impl.context.EmulatorAuthorization warnAboutSecuredJwt
WARNING: expected an unsecured JWT, the emulator does not validate JWTs and IS NOT SECURE
Nov 06, 2025 11:25:34 AM io.gapi.emulators.netty.HttpVersionRoutingHandler channelRead
INFO: Detected non-HTTP/2 connection.
Nov 06, 2025 11:25:34 AM io.gapi.emulators.netty.HttpVersionRoutingHandler channelRead
INFO: Detected non-HTTP/2 connection.
Nov 06, 2025 11:25:34 AM io.gapi.emulators.netty.HttpVersionRoutingHandler channelRead
INFO: Detected non-HTTP/2 connection.
Nov 06, 2025 11:25:34 AM io.gapi.emulators.netty.HttpVersionRoutingHandler channelRead
INFO: Detected non-HTTP/2 connection.
Nov 06, 2025 11:25:34 AM com.google.cloud.datastore.emulator.impl.context.EmulatorAuthorization warnAboutSecuredJwt
WARNING: expected an unsecured JWT, the emulator does not validate JWTs and IS NOT SECURE
Nov 06, 2025 11:25:34 AM io.gapi.emulators.netty.HttpVersionRoutingHandler channelRead
INFO: Detected non-HTTP/2 connection.
Nov 06, 2025 11:25:34 AM io.gapi.emulators.netty.HttpVersionRoutingHandler channelRead
INFO: Detected non-HTTP/2 connection.
Nov 06, 2025 11:25:34 AM io.gapi.emulators.netty.HttpVersionRoutingHandler channelRead
INFO: Detected non-HTTP/2 connection.
Nov 06, 2025 11:25:35 AM io.gapi.emulators.netty.HttpVersionRoutingHandler channelRead
INFO: Detected non-HTTP/2 connection.
Nov 06, 2025 11:25:35 AM com.google.cloud.datastore.emulator.impl.context.EmulatorAuthorization warnAboutSecuredJwt
WARNING: expected an unsecured JWT, the emulator does not validate JWTs and IS NOT SECURE
Nov 06, 2025 11:25:35 AM io.gapi.emulators.netty.HttpVersionRoutingHandler channelRead
INFO: Detected non-HTTP/2 connection.
Nov 06, 2025 11:25:35 AM io.gapi.emulators.netty.HttpVersionRoutingHandler channelRead
INFO: Detected non-HTTP/2 connection.
Nov 06, 2025 11:25:35 AM io.gapi.emulators.netty.HttpVersionRoutingHandler channelRead
INFO: Detected non-HTTP/2 connection.
Nov 06, 2025 11:25:35 AM io.gapi.emulators.netty.HttpVersionRoutingHandler channelRead
INFO: Detected non-HTTP/2 connection.
Nov 06, 2025 11:25:35 AM com.google.cloud.datastore.emulator.impl.context.EmulatorAuthorization warnAboutSecuredJwt
WARNING: expected an unsecured JWT, the emulator does not validate JWTs and IS NOT SECURE
Nov 06, 2025 11:25:35 AM io.gapi.emulators.netty.HttpVersionRoutingHandler channelRead
INFO: Detected non-HTTP/2 connection.
Nov 06, 2025 11:25:35 AM io.gapi.emulators.netty.HttpVersionRoutingHandler channelRead
INFO: Detected non-HTTP/2 connection.
Nov 06, 2025 11:25:35 AM io.gapi.emulators.netty.HttpVersionRoutingHandler channelRead
INFO: Detected non-HTTP/2 connection.
Nov 06, 2025 11:25:36 AM io.gapi.emulators.netty.HttpVersionRoutingHandler channelRead
INFO: Detected non-HTTP/2 connection.
Nov 06, 2025 11:25:36 AM com.google.cloud.datastore.emulator.impl.context.EmulatorAuthorization warnAboutSecuredJwt
WARNING: expected an unsecured JWT, the emulator does not validate JWTs and IS NOT SECURE
Nov 06, 2025 11:25:36 AM io.gapi.emulators.netty.HttpVersionRoutingHandler channelRead
INFO: Detected non-HTTP/2 connection.
Nov 06, 2025 11:25:36 AM io.gapi.emulators.netty.HttpVersionRoutingHandler channelRead
INFO: Detected non-HTTP/2 connection.
Nov 06, 2025 11:25:36 AM io.gapi.emulators.netty.HttpVersionRoutingHandler channelRead
INFO: Detected non-HTTP/2 connection.
Nov 06, 2025 11:25:36 AM io.gapi.emulators.netty.HttpVersionRoutingHandler channelRead
INFO: Detected non-HTTP/2 connection.
Nov 06, 2025 11:25:36 AM com.google.cloud.datastore.emulator.impl.context.EmulatorAuthorization warnAboutSecuredJwt
WARNING: expected an unsecured JWT, the emulator does not validate JWTs and IS NOT SECURE
Nov 06, 2025 11:25:36 AM io.gapi.emulators.netty.HttpVersionRoutingHandler channelRead
INFO: Detected non-HTTP/2 connection.
Nov 06, 2025 11:25:36 AM io.gapi.emulators.netty.HttpVersionRoutingHandler channelRead
INFO: Detected non-HTTP/2 connection.
Nov 06, 2025 11:25:36 AM io.gapi.emulators.netty.HttpVersionRoutingHandler channelRead
INFO: Detected non-HTTP/2 connection.
Nov 06, 2025 11:25:36 AM io.gapi.emulators.netty.HttpVersionRoutingHandler channelRead
INFO: Detected non-HTTP/2 connection.
Nov 06, 2025 11:25:36 AM com.google.cloud.datastore.emulator.impl.context.EmulatorAuthorization warnAboutSecuredJwt
WARNING: expected an unsecured JWT, the emulator does not validate JWTs and IS NOT SECURE
Nov 06, 2025 11:25:36 AM io.gapi.emulators.netty.HttpVersionRoutingHandler channelRead
INFO: Detected non-HTTP/2 connection.
Nov 06, 2025 11:25:37 AM io.gapi.emulators.netty.HttpVersionRoutingHandler channelRead
INFO: Detected non-HTTP/2 connection.
Nov 06, 2025 11:25:37 AM io.gapi.emulators.netty.HttpVersionRoutingHandler channelRead
INFO: Detected non-HTTP/2 connection.
Nov 06, 2025 11:25:37 AM io.gapi.emulators.netty.HttpVersionRoutingHandler channelRead
INFO: Detected non-HTTP/2 connection.
Nov 06, 2025 11:25:37 AM com.google.cloud.datastore.emulator.impl.context.EmulatorAuthorization warnAboutSecuredJwt
WARNING: expected an unsecured JWT, the emulator does not validate JWTs and IS NOT SECURE
Nov 06, 2025 11:25:37 AM io.gapi.emulators.netty.HttpVersionRoutingHandler channelRead
INFO: Detected non-HTTP/2 connection.
Nov 06, 2025 11:25:37 AM io.gapi.emulators.netty.HttpVersionRoutingHandler channelRead
INFO: Detected non-HTTP/2 connection.
Nov 06, 2025 11:25:37 AM io.gapi.emulators.netty.HttpVersionRoutingHandler channelRead
INFO: Detected non-HTTP/2 connection.
Nov 06, 2025 11:25:37 AM io.gapi.emulators.netty.HttpVersionRoutingHandler channelRead
INFO: Detected non-HTTP/2 connection.
Nov 06, 2025 11:25:37 AM com.google.cloud.datastore.emulator.impl.context.EmulatorAuthorization warnAboutSecuredJwt
WARNING: expected an unsecured JWT, the emulator does not validate JWTs and IS NOT SECURE
Nov 06, 2025 11:25:37 AM io.gapi.emulators.netty.HttpVersionRoutingHandler channelRead
INFO: Detected non-HTTP/2 connection.
Nov 06, 2025 11:25:37 AM io.gapi.emulators.netty.HttpVersionRoutingHandler channelRead
INFO: Detected non-HTTP/2 connection.
Nov 06, 2025 11:25:37 AM io.gapi.emulators.netty.HttpVersionRoutingHandler channelRead
INFO: Detected non-HTTP/2 connection.
Nov 06, 2025 11:25:38 AM io.gapi.emulators.netty.HttpVersionRoutingHandler channelRead
INFO: Detected non-HTTP/2 connection.
Nov 06, 2025 11:25:38 AM com.google.cloud.datastore.emulator.impl.context.EmulatorAuthorization warnAboutSecuredJwt
WARNING: expected an unsecured JWT, the emulator does not validate JWTs and IS NOT SECURE
Nov 06, 2025 11:25:38 AM io.gapi.emulators.netty.HttpVersionRoutingHandler channelRead
INFO: Detected non-HTTP/2 connection.
Nov 06, 2025 11:25:38 AM io.gapi.emulators.netty.HttpVersionRoutingHandler channelRead
INFO: Detected non-HTTP/2 connection.
Nov 06, 2025 11:25:38 AM io.gapi.emulators.netty.HttpVersionRoutingHandler channelRead
INFO: Detected non-HTTP/2 connection.
Nov 06, 2025 11:25:38 AM io.gapi.emulators.netty.HttpVersionRoutingHandler channelRead
INFO: Detected non-HTTP/2 connection.
Nov 06, 2025 11:25:38 AM com.google.cloud.datastore.emulator.impl.context.EmulatorAuthorization warnAboutSecuredJwt
WARNING: expected an unsecured JWT, the emulator does not validate JWTs and IS NOT SECURE
Nov 06, 2025 11:25:38 AM io.gapi.emulators.netty.HttpVersionRoutingHandler channelRead
INFO: Detected non-HTTP/2 connection.
Nov 06, 2025 11:25:38 AM io.gapi.emulators.netty.HttpVersionRoutingHandler channelRead
INFO: Detected non-HTTP/2 connection.
Nov 06, 2025 11:25:38 AM io.gapi.emulators.netty.HttpVersionRoutingHandler channelRead
INFO: Detected non-HTTP/2 connection.
Nov 06, 2025 11:25:39 AM io.gapi.emulators.netty.HttpVersionRoutingHandler channelRead
INFO: Detected non-HTTP/2 connection.
Nov 06, 2025 11:25:39 AM com.google.cloud.datastore.emulator.impl.context.EmulatorAuthorization warnAboutSecuredJwt
WARNING: expected an unsecured JWT, the emulator does not validate JWTs and IS NOT SECURE
Nov 06, 2025 11:25:39 AM io.gapi.emulators.netty.HttpVersionRoutingHandler channelRead
INFO: Detected non-HTTP/2 connection.
Nov 06, 2025 11:25:39 AM io.gapi.emulators.netty.HttpVersionRoutingHandler channelRead
INFO: Detected non-HTTP/2 connection.
Nov 06, 2025 11:25:39 AM io.gapi.emulators.netty.HttpVersionRoutingHandler channelRead
INFO: Detected non-HTTP/2 connection.
Nov 06, 2025 11:25:39 AM io.gapi.emulators.netty.HttpVersionRoutingHandler channelRead
INFO: Detected non-HTTP/2 connection.
Nov 06, 2025 11:25:39 AM com.google.cloud.datastore.emulator.impl.context.EmulatorAuthorization warnAboutSecuredJwt
WARNING: expected an unsecured JWT, the emulator does not validate JWTs and IS NOT SECURE
Nov 06, 2025 11:25:39 AM io.gapi.emulators.netty.HttpVersionRoutingHandler channelRead
INFO: Detected non-HTTP/2 connection.
Nov 06, 2025 11:25:39 AM io.gapi.emulators.netty.HttpVersionRoutingHandler channelRead
INFO: Detected non-HTTP/2 connection.
Nov 06, 2025 11:25:39 AM io.gapi.emulators.netty.HttpVersionRoutingHandler channelRead
INFO: Detected non-HTTP/2 connection.
Nov 06, 2025 11:25:40 AM io.gapi.emulators.netty.HttpVersionRoutingHandler channelRead
INFO: Detected non-HTTP/2 connection.
Nov 06, 2025 11:25:40 AM com.google.cloud.datastore.emulator.impl.context.EmulatorAuthorization warnAboutSecuredJwt
WARNING: expected an unsecured JWT, the emulator does not validate JWTs and IS NOT SECURE
Nov 06, 2025 11:25:40 AM io.gapi.emulators.netty.HttpVersionRoutingHandler channelRead
INFO: Detected non-HTTP/2 connection.
Nov 06, 2025 11:25:40 AM io.gapi.emulators.netty.HttpVersionRoutingHandler channelRead
INFO: Detected non-HTTP/2 connection.
Nov 06, 2025 11:25:40 AM io.gapi.emulators.netty.HttpVersionRoutingHandler channelRead
INFO: Detected non-HTTP/2 connection.
Nov 06, 2025 11:25:40 AM io.gapi.emulators.netty.HttpVersionRoutingHandler channelRead
INFO: Detected non-HTTP/2 connection.
Nov 06, 2025 11:25:40 AM com.google.cloud.datastore.emulator.impl.context.EmulatorAuthorization warnAboutSecuredJwt
WARNING: expected an unsecured JWT, the emulator does not validate JWTs and IS NOT SECURE
Nov 06, 2025 11:25:40 AM io.gapi.emulators.netty.HttpVersionRoutingHandler channelRead
INFO: Detected non-HTTP/2 connection.
Nov 06, 2025 11:25:40 AM io.gapi.emulators.netty.HttpVersionRoutingHandler channelRead
INFO: Detected non-HTTP/2 connection.
Nov 06, 2025 11:25:40 AM io.gapi.emulators.netty.HttpVersionRoutingHandler channelRead
INFO: Detected non-HTTP/2 connection.
Nov 06, 2025 11:25:41 AM io.gapi.emulators.netty.HttpVersionRoutingHandler channelRead
INFO: Detected non-HTTP/2 connection.
Nov 06, 2025 11:25:41 AM com.google.cloud.datastore.emulator.impl.context.EmulatorAuthorization warnAboutSecuredJwt
WARNING: expected an unsecured JWT, the emulator does not validate JWTs and IS NOT SECURE
Nov 06, 2025 11:25:41 AM io.gapi.emulators.netty.HttpVersionRoutingHandler channelRead
INFO: Detected non-HTTP/2 connection.
Nov 06, 2025 11:25:41 AM io.gapi.emulators.netty.HttpVersionRoutingHandler channelRead
INFO: Detected non-HTTP/2 connection.
Nov 06, 2025 11:25:41 AM io.gapi.emulators.netty.HttpVersionRoutingHandler channelRead
INFO: Detected non-HTTP/2 connection.
Nov 06, 2025 11:25:41 AM io.gapi.emulators.netty.HttpVersionRoutingHandler channelRead
INFO: Detected non-HTTP/2 connection.
Nov 06, 2025 11:25:41 AM com.google.cloud.datastore.emulator.impl.context.EmulatorAuthorization warnAboutSecuredJwt
WARNING: expected an unsecured JWT, the emulator does not validate JWTs and IS NOT SECURE
Nov 06, 2025 11:25:41 AM io.gapi.emulators.netty.HttpVersionRoutingHandler channelRead
INFO: Detected non-HTTP/2 connection.
Nov 06, 2025 11:25:41 AM io.gapi.emulators.netty.HttpVersionRoutingHandler channelRead
INFO: Detected non-HTTP/2 connection.
Nov 06, 2025 11:25:41 AM io.gapi.emulators.netty.HttpVersionRoutingHandler channelRead
INFO: Detected non-HTTP/2 connection.
Nov 06, 2025 11:25:42 AM io.gapi.emulators.netty.HttpVersionRoutingHandler channelRead
INFO: Detected non-HTTP/2 connection.
Nov 06, 2025 11:25:42 AM com.google.cloud.datastore.emulator.impl.context.EmulatorAuthorization warnAboutSecuredJwt
WARNING: expected an unsecured JWT, the emulator does not validate JWTs and IS NOT SECURE
Nov 06, 2025 11:25:42 AM io.gapi.emulators.netty.HttpVersionRoutingHandler channelRead
INFO: Detected non-HTTP/2 connection.
Nov 06, 2025 11:25:42 AM io.gapi.emulators.netty.HttpVersionRoutingHandler channelRead
INFO: Detected non-HTTP/2 connection.
Nov 06, 2025 11:25:42 AM io.gapi.emulators.netty.HttpVersionRoutingHandler channelRead
INFO: Detected non-HTTP/2 connection.
Nov 06, 2025 11:25:42 AM io.gapi.emulators.netty.HttpVersionRoutingHandler channelRead
INFO: Detected non-HTTP/2 connection.
Nov 06, 2025 11:25:42 AM com.google.cloud.datastore.emulator.impl.context.EmulatorAuthorization warnAboutSecuredJwt
WARNING: expected an unsecured JWT, the emulator does not validate JWTs and IS NOT SECURE
Nov 06, 2025 11:25:42 AM io.gapi.emulators.netty.HttpVersionRoutingHandler channelRead
INFO: Detected non-HTTP/2 connection.
Nov 06, 2025 11:25:42 AM io.gapi.emulators.netty.HttpVersionRoutingHandler channelRead
INFO: Detected non-HTTP/2 connection.
Nov 06, 2025 11:25:42 AM io.gapi.emulators.netty.HttpVersionRoutingHandler channelRead
INFO: Detected non-HTTP/2 connection.
Nov 06, 2025 11:25:42 AM io.gapi.emulators.netty.HttpVersionRoutingHandler channelRead
INFO: Detected non-HTTP/2 connection.
Nov 06, 2025 11:25:42 AM com.google.cloud.datastore.emulator.impl.context.EmulatorAuthorization warnAboutSecuredJwt
WARNING: expected an unsecured JWT, the emulator does not validate JWTs and IS NOT SECURE
Nov 06, 2025 11:25:42 AM io.gapi.emulators.netty.HttpVersionRoutingHandler channelRead
INFO: Detected non-HTTP/2 connection.
Nov 06, 2025 11:25:42 AM io.gapi.emulators.netty.HttpVersionRoutingHandler channelRead
INFO: Detected non-HTTP/2 connection.
Nov 06, 2025 11:25:42 AM io.gapi.emulators.netty.HttpVersionRoutingHandler channelRead
INFO: Detected non-HTTP/2 connection.
Nov 06, 2025 11:25:43 AM io.gapi.emulators.netty.HttpVersionRoutingHandler channelRead
INFO: Detected non-HTTP/2 connection.
Nov 06, 2025 11:25:43 AM com.google.cloud.datastore.emulator.impl.context.EmulatorAuthorization warnAboutSecuredJwt
WARNING: expected an unsecured JWT, the emulator does not validate JWTs and IS NOT SECURE
Nov 06, 2025 11:25:43 AM io.gapi.emulators.netty.HttpVersionRoutingHandler channelRead
INFO: Detected non-HTTP/2 connection.
Nov 06, 2025 11:25:43 AM io.gapi.emulators.netty.HttpVersionRoutingHandler channelRead
INFO: Detected non-HTTP/2 connection.
Nov 06, 2025 11:25:43 AM io.gapi.emulators.netty.HttpVersionRoutingHandler channelRead
INFO: Detected non-HTTP/2 connection.
Nov 06, 2025 11:25:43 AM io.gapi.emulators.netty.HttpVersionRoutingHandler channelRead
INFO: Detected non-HTTP/2 connection.
Nov 06, 2025 11:25:43 AM com.google.cloud.datastore.emulator.impl.context.EmulatorAuthorization warnAboutSecuredJwt
WARNING: expected an unsecured JWT, the emulator does not validate JWTs and IS NOT SECURE
Nov 06, 2025 11:25:43 AM io.gapi.emulators.netty.HttpVersionRoutingHandler channelRead
INFO: Detected non-HTTP/2 connection.
Nov 06, 2025 11:25:43 AM io.gapi.emulators.netty.HttpVersionRoutingHandler channelRead
INFO: Detected non-HTTP/2 connection.
Nov 06, 2025 11:25:43 AM io.gapi.emulators.netty.HttpVersionRoutingHandler channelRead
INFO: Detected non-HTTP/2 connection.
Nov 06, 2025 11:25:44 AM io.gapi.emulators.netty.HttpVersionRoutingHandler channelRead
INFO: Detected non-HTTP/2 connection.
Nov 06, 2025 11:25:44 AM com.google.cloud.datastore.emulator.impl.context.EmulatorAuthorization warnAboutSecuredJwt
WARNING: expected an unsecured JWT, the emulator does not validate JWTs and IS NOT SECURE
Nov 06, 2025 11:25:44 AM io.gapi.emulators.netty.HttpVersionRoutingHandler channelRead
INFO: Detected non-HTTP/2 connection.
Nov 06, 2025 11:25:44 AM io.gapi.emulators.netty.HttpVersionRoutingHandler channelRead
INFO: Detected non-HTTP/2 connection.
Nov 06, 2025 11:25:44 AM io.gapi.emulators.netty.HttpVersionRoutingHandler channelRead
INFO: Detected non-HTTP/2 connection.
Nov 06, 2025 11:25:44 AM io.gapi.emulators.netty.HttpVersionRoutingHandler channelRead
INFO: Detected non-HTTP/2 connection.
Nov 06, 2025 11:25:44 AM com.google.cloud.datastore.emulator.impl.context.EmulatorAuthorization warnAboutSecuredJwt
WARNING: expected an unsecured JWT, the emulator does not validate JWTs and IS NOT SECURE
Nov 06, 2025 11:25:44 AM io.gapi.emulators.netty.HttpVersionRoutingHandler channelRead
INFO: Detected non-HTTP/2 connection.
Nov 06, 2025 11:25:44 AM io.gapi.emulators.netty.HttpVersionRoutingHandler channelRead
INFO: Detected non-HTTP/2 connection.
Nov 06, 2025 11:25:44 AM io.gapi.emulators.netty.HttpVersionRoutingHandler channelRead
INFO: Detected non-HTTP/2 connection.
Nov 06, 2025 11:25:45 AM io.gapi.emulators.netty.HttpVersionRoutingHandler channelRead
INFO: Detected non-HTTP/2 connection.
Nov 06, 2025 11:25:45 AM com.google.cloud.datastore.emulator.impl.context.EmulatorAuthorization warnAboutSecuredJwt
WARNING: expected an unsecured JWT, the emulator does not validate JWTs and IS NOT SECURE
Nov 06, 2025 11:25:45 AM io.gapi.emulators.netty.HttpVersionRoutingHandler channelRead
INFO: Detected non-HTTP/2 connection.
Nov 06, 2025 11:25:45 AM io.gapi.emulators.netty.HttpVersionRoutingHandler channelRead
INFO: Detected non-HTTP/2 connection.
Nov 06, 2025 11:25:45 AM io.gapi.emulators.netty.HttpVersionRoutingHandler channelRead
INFO: Detected non-HTTP/2 connection.
Nov 06, 2025 11:25:45 AM io.gapi.emulators.netty.HttpVersionRoutingHandler channelRead
INFO: Detected non-HTTP/2 connection.
Nov 06, 2025 11:25:45 AM com.google.cloud.datastore.emulator.impl.context.EmulatorAuthorization warnAboutSecuredJwt
WARNING: expected an unsecured JWT, the emulator does not validate JWTs and IS NOT SECURE
Nov 06, 2025 11:25:45 AM io.gapi.emulators.netty.HttpVersionRoutingHandler channelRead
INFO: Detected non-HTTP/2 connection.
Nov 06, 2025 11:25:45 AM io.gapi.emulators.netty.HttpVersionRoutingHandler channelRead
INFO: Detected non-HTTP/2 connection.
Nov 06, 2025 11:25:45 AM io.gapi.emulators.netty.HttpVersionRoutingHandler channelRead
INFO: Detected non-HTTP/2 connection.
Nov 06, 2025 11:25:46 AM io.gapi.emulators.netty.HttpVersionRoutingHandler channelRead
INFO: Detected non-HTTP/2 connection.
Nov 06, 2025 11:25:46 AM com.google.cloud.datastore.emulator.impl.context.EmulatorAuthorization warnAboutSecuredJwt
WARNING: expected an unsecured JWT, the emulator does not validate JWTs and IS NOT SECURE
Nov 06, 2025 11:25:46 AM io.gapi.emulators.netty.HttpVersionRoutingHandler channelRead
INFO: Detected non-HTTP/2 connection.
Nov 06, 2025 11:25:46 AM io.gapi.emulators.netty.HttpVersionRoutingHandler channelRead
INFO: Detected non-HTTP/2 connection.
Nov 06, 2025 11:25:46 AM io.gapi.emulators.netty.HttpVersionRoutingHandler channelRead
INFO: Detected non-HTTP/2 connection.
Nov 06, 2025 11:25:46 AM io.gapi.emulators.netty.HttpVersionRoutingHandler channelRead
INFO: Detected non-HTTP/2 connection.
Nov 06, 2025 11:25:46 AM com.google.cloud.datastore.emulator.impl.context.EmulatorAuthorization warnAboutSecuredJwt
WARNING: expected an unsecured JWT, the emulator does not validate JWTs and IS NOT SECURE
Nov 06, 2025 11:25:46 AM io.gapi.emulators.netty.HttpVersionRoutingHandler channelRead
INFO: Detected non-HTTP/2 connection.
Nov 06, 2025 11:25:46 AM io.gapi.emulators.netty.HttpVersionRoutingHandler channelRead
INFO: Detected non-HTTP/2 connection.
Nov 06, 2025 11:25:46 AM io.gapi.emulators.netty.HttpVersionRoutingHandler channelRead
INFO: Detected non-HTTP/2 connection.
Nov 06, 2025 11:25:47 AM io.gapi.emulators.netty.HttpVersionRoutingHandler channelRead
INFO: Detected non-HTTP/2 connection.
Nov 06, 2025 11:25:47 AM com.google.cloud.datastore.emulator.impl.context.EmulatorAuthorization warnAboutSecuredJwt
WARNING: expected an unsecured JWT, the emulator does not validate JWTs and IS NOT SECURE
Nov 06, 2025 11:25:47 AM io.gapi.emulators.netty.HttpVersionRoutingHandler channelRead
INFO: Detected non-HTTP/2 connection.
Nov 06, 2025 11:25:47 AM io.gapi.emulators.netty.HttpVersionRoutingHandler channelRead
INFO: Detected non-HTTP/2 connection.
Nov 06, 2025 11:25:47 AM io.gapi.emulators.netty.HttpVersionRoutingHandler channelRead
INFO: Detected non-HTTP/2 connection.
Nov 06, 2025 11:25:47 AM io.gapi.emulators.netty.HttpVersionRoutingHandler channelRead
INFO: Detected non-HTTP/2 connection.
Nov 06, 2025 11:25:47 AM com.google.cloud.datastore.emulator.impl.context.EmulatorAuthorization warnAboutSecuredJwt
WARNING: expected an unsecured JWT, the emulator does not validate JWTs and IS NOT SECURE
Nov 06, 2025 11:25:48 AM io.gapi.emulators.netty.HttpVersionRoutingHandler channelRead
INFO: Detected non-HTTP/2 connection.
Nov 06, 2025 11:25:48 AM io.gapi.emulators.netty.HttpVersionRoutingHandler channelRead
INFO: Detected non-HTTP/2 connection.
Nov 06, 2025 11:25:48 AM io.gapi.emulators.netty.HttpVersionRoutingHandler channelRead
INFO: Detected non-HTTP/2 connection.
Nov 06, 2025 11:25:48 AM io.gapi.emulators.netty.HttpVersionRoutingHandler channelRead
INFO: Detected non-HTTP/2 connection.
Nov 06, 2025 11:25:48 AM com.google.cloud.datastore.emulator.impl.context.EmulatorAuthorization warnAboutSecuredJwt
WARNING: expected an unsecured JWT, the emulator does not validate JWTs and IS NOT SECURE
Nov 06, 2025 11:25:48 AM io.gapi.emulators.netty.HttpVersionRoutingHandler channelRead
INFO: Detected non-HTTP/2 connection.
Nov 06, 2025 11:25:48 AM io.gapi.emulators.netty.HttpVersionRoutingHandler channelRead
INFO: Detected non-HTTP/2 connection.
Nov 06, 2025 11:25:48 AM io.gapi.emulators.netty.HttpVersionRoutingHandler channelRead
INFO: Detected non-HTTP/2 connection.
Nov 06, 2025 11:25:49 AM io.gapi.emulators.netty.HttpVersionRoutingHandler channelRead
INFO: Detected non-HTTP/2 connection.
Nov 06, 2025 11:25:49 AM com.google.cloud.datastore.emulator.impl.context.EmulatorAuthorization warnAboutSecuredJwt
WARNING: expected an unsecured JWT, the emulator does not validate JWTs and IS NOT SECURE
Nov 06, 2025 11:25:49 AM io.gapi.emulators.netty.HttpVersionRoutingHandler channelRead
INFO: Detected non-HTTP/2 connection.
Nov 06, 2025 11:25:49 AM io.gapi.emulators.netty.HttpVersionRoutingHandler channelRead
INFO: Detected non-HTTP/2 connection.
Nov 06, 2025 11:25:49 AM io.gapi.emulators.netty.HttpVersionRoutingHandler channelRead
INFO: Detected non-HTTP/2 connection.
Nov 06, 2025 11:25:49 AM io.gapi.emulators.netty.HttpVersionRoutingHandler channelRead
INFO: Detected non-HTTP/2 connection.
Nov 06, 2025 11:25:49 AM com.google.cloud.datastore.emulator.impl.context.EmulatorAuthorization warnAboutSecuredJwt
WARNING: expected an unsecured JWT, the emulator does not validate JWTs and IS NOT SECURE
Nov 06, 2025 11:25:49 AM io.gapi.emulators.netty.HttpVersionRoutingHandler channelRead
INFO: Detected non-HTTP/2 connection.
Nov 06, 2025 11:25:49 AM io.gapi.emulators.netty.HttpVersionRoutingHandler channelRead
INFO: Detected non-HTTP/2 connection.
Nov 06, 2025 11:25:49 AM io.gapi.emulators.netty.HttpVersionRoutingHandler channelRead
INFO: Detected non-HTTP/2 connection.
Nov 06, 2025 11:25:49 AM io.gapi.emulators.netty.HttpVersionRoutingHandler channelRead
INFO: Detected non-HTTP/2 connection.
Nov 06, 2025 11:25:49 AM com.google.cloud.datastore.emulator.impl.context.EmulatorAuthorization warnAboutSecuredJwt
WARNING: expected an unsecured JWT, the emulator does not validate JWTs and IS NOT SECURE
Nov 06, 2025 11:25:49 AM io.gapi.emulators.netty.HttpVersionRoutingHandler channelRead
INFO: Detected non-HTTP/2 connection.
Nov 06, 2025 11:25:49 AM io.gapi.emulators.netty.HttpVersionRoutingHandler channelRead
INFO: Detected non-HTTP/2 connection.
Nov 06, 2025 11:25:49 AM io.gapi.emulators.netty.HttpVersionRoutingHandler channelRead
INFO: Detected non-HTTP/2 connection.
Nov 06, 2025 11:25:50 AM io.gapi.emulators.netty.HttpVersionRoutingHandler channelRead
INFO: Detected non-HTTP/2 connection.
Nov 06, 2025 11:25:50 AM com.google.cloud.datastore.emulator.impl.context.EmulatorAuthorization warnAboutSecuredJwt
WARNING: expected an unsecured JWT, the emulator does not validate JWTs and IS NOT SECURE
Nov 06, 2025 11:25:50 AM io.gapi.emulators.netty.HttpVersionRoutingHandler channelRead
INFO: Detected non-HTTP/2 connection.
Nov 06, 2025 11:25:50 AM io.gapi.emulators.netty.HttpVersionRoutingHandler channelRead
INFO: Detected non-HTTP/2 connection.
Nov 06, 2025 11:25:50 AM io.gapi.emulators.netty.HttpVersionRoutingHandler channelRead
INFO: Detected non-HTTP/2 connection.
Nov 06, 2025 11:25:50 AM io.gapi.emulators.netty.HttpVersionRoutingHandler channelRead
INFO: Detected non-HTTP/2 connection.
Nov 06, 2025 11:25:50 AM com.google.cloud.datastore.emulator.impl.context.EmulatorAuthorization warnAboutSecuredJwt
WARNING: expected an unsecured JWT, the emulator does not validate JWTs and IS NOT SECURE
Nov 06, 2025 11:25:50 AM io.gapi.emulators.netty.HttpVersionRoutingHandler channelRead
INFO: Detected non-HTTP/2 connection.
Nov 06, 2025 11:25:50 AM io.gapi.emulators.netty.HttpVersionRoutingHandler channelRead
INFO: Detected non-HTTP/2 connection.
Nov 06, 2025 11:25:50 AM io.gapi.emulators.netty.HttpVersionRoutingHandler channelRead
INFO: Detected non-HTTP/2 connection.
Nov 06, 2025 11:25:51 AM io.gapi.emulators.netty.HttpVersionRoutingHandler channelRead
INFO: Detected non-HTTP/2 connection.
Nov 06, 2025 11:25:51 AM com.google.cloud.datastore.emulator.impl.context.EmulatorAuthorization warnAboutSecuredJwt
WARNING: expected an unsecured JWT, the emulator does not validate JWTs and IS NOT SECURE
Nov 06, 2025 11:25:51 AM io.gapi.emulators.netty.HttpVersionRoutingHandler channelRead
INFO: Detected non-HTTP/2 connection.
Nov 06, 2025 11:25:51 AM io.gapi.emulators.netty.HttpVersionRoutingHandler channelRead
INFO: Detected non-HTTP/2 connection.
Nov 06, 2025 11:25:51 AM io.gapi.emulators.netty.HttpVersionRoutingHandler channelRead
INFO: Detected non-HTTP/2 connection.
Nov 06, 2025 11:25:51 AM io.gapi.emulators.netty.HttpVersionRoutingHandler channelRead
INFO: Detected non-HTTP/2 connection.
Nov 06, 2025 11:25:51 AM com.google.cloud.datastore.emulator.impl.context.EmulatorAuthorization warnAboutSecuredJwt
WARNING: expected an unsecured JWT, the emulator does not validate JWTs and IS NOT SECURE
Nov 06, 2025 11:25:51 AM io.gapi.emulators.netty.HttpVersionRoutingHandler channelRead
INFO: Detected non-HTTP/2 connection.
Nov 06, 2025 11:25:51 AM io.gapi.emulators.netty.HttpVersionRoutingHandler channelRead
INFO: Detected non-HTTP/2 connection.
Nov 06, 2025 11:25:51 AM io.gapi.emulators.netty.HttpVersionRoutingHandler channelRead
INFO: Detected non-HTTP/2 connection.
Nov 06, 2025 11:25:52 AM io.gapi.emulators.netty.HttpVersionRoutingHandler channelRead
INFO: Detected non-HTTP/2 connection.
Nov 06, 2025 11:25:52 AM com.google.cloud.datastore.emulator.impl.context.EmulatorAuthorization warnAboutSecuredJwt
WARNING: expected an unsecured JWT, the emulator does not validate JWTs and IS NOT SECURE
Nov 06, 2025 11:25:52 AM io.gapi.emulators.netty.HttpVersionRoutingHandler channelRead
INFO: Detected non-HTTP/2 connection.
Nov 06, 2025 11:25:52 AM io.gapi.emulators.netty.HttpVersionRoutingHandler channelRead
INFO: Detected non-HTTP/2 connection.
Nov 06, 2025 11:25:52 AM io.gapi.emulators.netty.HttpVersionRoutingHandler channelRead
INFO: Detected non-HTTP/2 connection.
Nov 06, 2025 11:25:52 AM io.gapi.emulators.netty.HttpVersionRoutingHandler channelRead
INFO: Detected non-HTTP/2 connection.
Nov 06, 2025 11:25:52 AM com.google.cloud.datastore.emulator.impl.context.EmulatorAuthorization warnAboutSecuredJwt
WARNING: expected an unsecured JWT, the emulator does not validate JWTs and IS NOT SECURE
Nov 06, 2025 11:25:52 AM io.gapi.emulators.netty.HttpVersionRoutingHandler channelRead
INFO: Detected non-HTTP/2 connection.
Nov 06, 2025 11:25:52 AM io.gapi.emulators.netty.HttpVersionRoutingHandler channelRead
INFO: Detected non-HTTP/2 connection.
Nov 06, 2025 11:25:52 AM io.gapi.emulators.netty.HttpVersionRoutingHandler channelRead
INFO: Detected non-HTTP/2 connection.
Nov 06, 2025 11:25:53 AM io.gapi.emulators.netty.HttpVersionRoutingHandler channelRead
INFO: Detected non-HTTP/2 connection.
Nov 06, 2025 11:25:53 AM com.google.cloud.datastore.emulator.impl.context.EmulatorAuthorization warnAboutSecuredJwt
WARNING: expected an unsecured JWT, the emulator does not validate JWTs and IS NOT SECURE
Nov 06, 2025 11:25:53 AM io.gapi.emulators.netty.HttpVersionRoutingHandler channelRead
INFO: Detected non-HTTP/2 connection.
Nov 06, 2025 11:25:53 AM io.gapi.emulators.netty.HttpVersionRoutingHandler channelRead
INFO: Detected non-HTTP/2 connection.
Nov 06, 2025 11:25:53 AM io.gapi.emulators.netty.HttpVersionRoutingHandler channelRead
INFO: Detected non-HTTP/2 connection.
Nov 06, 2025 11:25:53 AM io.gapi.emulators.netty.HttpVersionRoutingHandler channelRead
INFO: Detected non-HTTP/2 connection.
Nov 06, 2025 11:25:53 AM com.google.cloud.datastore.emulator.impl.context.EmulatorAuthorization warnAboutSecuredJwt
WARNING: expected an unsecured JWT, the emulator does not validate JWTs and IS NOT SECURE
Nov 06, 2025 11:25:53 AM io.gapi.emulators.netty.HttpVersionRoutingHandler channelRead
INFO: Detected non-HTTP/2 connection.
Nov 06, 2025 11:25:53 AM io.gapi.emulators.netty.HttpVersionRoutingHandler channelRead
INFO: Detected non-HTTP/2 connection.
Nov 06, 2025 11:25:53 AM io.gapi.emulators.netty.HttpVersionRoutingHandler channelRead
INFO: Detected non-HTTP/2 connection.
Nov 06, 2025 11:25:54 AM io.gapi.emulators.netty.HttpVersionRoutingHandler channelRead
INFO: Detected non-HTTP/2 connection.
Nov 06, 2025 11:25:54 AM com.google.cloud.datastore.emulator.impl.context.EmulatorAuthorization warnAboutSecuredJwt
WARNING: expected an unsecured JWT, the emulator does not validate JWTs and IS NOT SECURE
Nov 06, 2025 11:25:54 AM io.gapi.emulators.netty.HttpVersionRoutingHandler channelRead
INFO: Detected non-HTTP/2 connection.
Nov 06, 2025 11:25:54 AM io.gapi.emulators.netty.HttpVersionRoutingHandler channelRead
INFO: Detected non-HTTP/2 connection.
Nov 06, 2025 11:25:54 AM io.gapi.emulators.netty.HttpVersionRoutingHandler channelRead
INFO: Detected non-HTTP/2 connection.
Nov 06, 2025 11:25:54 AM io.gapi.emulators.netty.HttpVersionRoutingHandler channelRead
INFO: Detected non-HTTP/2 connection.
Nov 06, 2025 11:25:54 AM com.google.cloud.datastore.emulator.impl.context.EmulatorAuthorization warnAboutSecuredJwt
WARNING: expected an unsecured JWT, the emulator does not validate JWTs and IS NOT SECURE
Nov 06, 2025 11:25:54 AM io.gapi.emulators.netty.HttpVersionRoutingHandler channelRead
INFO: Detected non-HTTP/2 connection.
Nov 06, 2025 11:25:54 AM io.gapi.emulators.netty.HttpVersionRoutingHandler channelRead
INFO: Detected non-HTTP/2 connection.
Nov 06, 2025 11:25:54 AM io.gapi.emulators.netty.HttpVersionRoutingHandler channelRead
INFO: Detected non-HTTP/2 connection.
Nov 06, 2025 11:25:55 AM io.gapi.emulators.netty.HttpVersionRoutingHandler channelRead
INFO: Detected non-HTTP/2 connection.
Nov 06, 2025 11:25:55 AM com.google.cloud.datastore.emulator.impl.context.EmulatorAuthorization warnAboutSecuredJwt
WARNING: expected an unsecured JWT, the emulator does not validate JWTs and IS NOT SECURE
Nov 06, 2025 11:25:55 AM io.gapi.emulators.netty.HttpVersionRoutingHandler channelRead
INFO: Detected non-HTTP/2 connection.
Nov 06, 2025 11:25:55 AM io.gapi.emulators.netty.HttpVersionRoutingHandler channelRead
INFO: Detected non-HTTP/2 connection.
Nov 06, 2025 11:25:55 AM io.gapi.emulators.netty.HttpVersionRoutingHandler channelRead
INFO: Detected non-HTTP/2 connection.
Nov 06, 2025 11:25:55 AM io.gapi.emulators.netty.HttpVersionRoutingHandler channelRead
INFO: Detected non-HTTP/2 connection.
Nov 06, 2025 11:25:55 AM com.google.cloud.datastore.emulator.impl.context.EmulatorAuthorization warnAboutSecuredJwt
WARNING: expected an unsecured JWT, the emulator does not validate JWTs and IS NOT SECURE
Nov 06, 2025 11:25:55 AM io.gapi.emulators.netty.HttpVersionRoutingHandler channelRead
INFO: Detected non-HTTP/2 connection.
Nov 06, 2025 11:25:55 AM io.gapi.emulators.netty.HttpVersionRoutingHandler channelRead
INFO: Detected non-HTTP/2 connection.
Nov 06, 2025 11:25:55 AM io.gapi.emulators.netty.HttpVersionRoutingHandler channelRead
INFO: Detected non-HTTP/2 connection.
Nov 06, 2025 11:25:56 AM io.gapi.emulators.netty.HttpVersionRoutingHandler channelRead
INFO: Detected non-HTTP/2 connection.
Nov 06, 2025 11:25:56 AM com.google.cloud.datastore.emulator.impl.context.EmulatorAuthorization warnAboutSecuredJwt
WARNING: expected an unsecured JWT, the emulator does not validate JWTs and IS NOT SECURE
Nov 06, 2025 11:25:56 AM io.gapi.emulators.netty.HttpVersionRoutingHandler channelRead
INFO: Detected non-HTTP/2 connection.
Nov 06, 2025 11:25:56 AM io.gapi.emulators.netty.HttpVersionRoutingHandler channelRead
INFO: Detected non-HTTP/2 connection.
Nov 06, 2025 11:25:56 AM io.gapi.emulators.netty.HttpVersionRoutingHandler channelRead
INFO: Detected non-HTTP/2 connection.
Nov 06, 2025 11:25:56 AM io.gapi.emulators.netty.HttpVersionRoutingHandler channelRead
INFO: Detected non-HTTP/2 connection.
Nov 06, 2025 11:25:56 AM com.google.cloud.datastore.emulator.impl.context.EmulatorAuthorization warnAboutSecuredJwt
WARNING: expected an unsecured JWT, the emulator does not validate JWTs and IS NOT SECURE
Nov 06, 2025 11:25:56 AM io.gapi.emulators.netty.HttpVersionRoutingHandler channelRead
INFO: Detected non-HTTP/2 connection.
Nov 06, 2025 11:25:56 AM io.gapi.emulators.netty.HttpVersionRoutingHandler channelRead
INFO: Detected non-HTTP/2 connection.
Nov 06, 2025 11:25:56 AM io.gapi.emulators.netty.HttpVersionRoutingHandler channelRead
INFO: Detected non-HTTP/2 connection.
Nov 06, 2025 11:25:56 AM io.gapi.emulators.netty.HttpVersionRoutingHandler channelRead
INFO: Detected non-HTTP/2 connection.
Nov 06, 2025 11:25:56 AM com.google.cloud.datastore.emulator.impl.context.EmulatorAuthorization warnAboutSecuredJwt
WARNING: expected an unsecured JWT, the emulator does not validate JWTs and IS NOT SECURE
Nov 06, 2025 11:25:56 AM io.gapi.emulators.netty.HttpVersionRoutingHandler channelRead
INFO: Detected non-HTTP/2 connection.
Nov 06, 2025 11:25:56 AM io.gapi.emulators.netty.HttpVersionRoutingHandler channelRead
INFO: Detected non-HTTP/2 connection.
Nov 06, 2025 11:25:56 AM io.gapi.emulators.netty.HttpVersionRoutingHandler channelRead
INFO: Detected non-HTTP/2 connection.
Nov 06, 2025 11:25:57 AM io.gapi.emulators.netty.HttpVersionRoutingHandler channelRead
INFO: Detected non-HTTP/2 connection.
Nov 06, 2025 11:25:57 AM com.google.cloud.datastore.emulator.impl.context.EmulatorAuthorization warnAboutSecuredJwt
WARNING: expected an unsecured JWT, the emulator does not validate JWTs and IS NOT SECURE
Nov 06, 2025 11:25:57 AM io.gapi.emulators.netty.HttpVersionRoutingHandler channelRead
INFO: Detected non-HTTP/2 connection.
Nov 06, 2025 11:25:57 AM io.gapi.emulators.netty.HttpVersionRoutingHandler channelRead
INFO: Detected non-HTTP/2 connection.
Nov 06, 2025 11:25:57 AM io.gapi.emulators.netty.HttpVersionRoutingHandler channelRead
INFO: Detected non-HTTP/2 connection.
Nov 06, 2025 11:25:57 AM io.gapi.emulators.netty.HttpVersionRoutingHandler channelRead
INFO: Detected non-HTTP/2 connection.
Nov 06, 2025 11:25:57 AM com.google.cloud.datastore.emulator.impl.context.EmulatorAuthorization warnAboutSecuredJwt
WARNING: expected an unsecured JWT, the emulator does not validate JWTs and IS NOT SECURE
Nov 06, 2025 11:25:57 AM io.gapi.emulators.netty.HttpVersionRoutingHandler channelRead
INFO: Detected non-HTTP/2 connection.
Nov 06, 2025 11:25:57 AM io.gapi.emulators.netty.HttpVersionRoutingHandler channelRead
INFO: Detected non-HTTP/2 connection.
Nov 06, 2025 11:25:57 AM io.gapi.emulators.netty.HttpVersionRoutingHandler channelRead
INFO: Detected non-HTTP/2 connection.
Nov 06, 2025 11:25:58 AM io.gapi.emulators.netty.HttpVersionRoutingHandler channelRead
INFO: Detected non-HTTP/2 connection.
Nov 06, 2025 11:25:58 AM com.google.cloud.datastore.emulator.impl.context.EmulatorAuthorization warnAboutSecuredJwt
WARNING: expected an unsecured JWT, the emulator does not validate JWTs and IS NOT SECURE
Nov 06, 2025 11:25:58 AM io.gapi.emulators.netty.HttpVersionRoutingHandler channelRead
INFO: Detected non-HTTP/2 connection.
Nov 06, 2025 11:25:58 AM io.gapi.emulators.netty.HttpVersionRoutingHandler channelRead
INFO: Detected non-HTTP/2 connection.
Nov 06, 2025 11:25:58 AM io.gapi.emulators.netty.HttpVersionRoutingHandler channelRead
INFO: Detected non-HTTP/2 connection.
Nov 06, 2025 11:25:58 AM io.gapi.emulators.netty.HttpVersionRoutingHandler channelRead
INFO: Detected non-HTTP/2 connection.
Nov 06, 2025 11:25:58 AM com.google.cloud.datastore.emulator.impl.context.EmulatorAuthorization warnAboutSecuredJwt
WARNING: expected an unsecured JWT, the emulator does not validate JWTs and IS NOT SECURE
Nov 06, 2025 11:25:58 AM io.gapi.emulators.netty.HttpVersionRoutingHandler channelRead
INFO: Detected non-HTTP/2 connection.
Nov 06, 2025 11:25:58 AM io.gapi.emulators.netty.HttpVersionRoutingHandler channelRead
INFO: Detected non-HTTP/2 connection.
Nov 06, 2025 11:25:58 AM io.gapi.emulators.netty.HttpVersionRoutingHandler channelRead
INFO: Detected non-HTTP/2 connection.
Nov 06, 2025 11:25:59 AM io.gapi.emulators.netty.HttpVersionRoutingHandler channelRead
INFO: Detected non-HTTP/2 connection.
Nov 06, 2025 11:25:59 AM com.google.cloud.datastore.emulator.impl.context.EmulatorAuthorization warnAboutSecuredJwt
WARNING: expected an unsecured JWT, the emulator does not validate JWTs and IS NOT SECURE
Nov 06, 2025 11:25:59 AM io.gapi.emulators.netty.HttpVersionRoutingHandler channelRead
INFO: Detected non-HTTP/2 connection.
Nov 06, 2025 11:25:59 AM io.gapi.emulators.netty.HttpVersionRoutingHandler channelRead
INFO: Detected non-HTTP/2 connection.
Nov 06, 2025 11:25:59 AM io.gapi.emulators.netty.HttpVersionRoutingHandler channelRead
INFO: Detected non-HTTP/2 connection.
Nov 06, 2025 11:25:59 AM io.gapi.emulators.netty.HttpVersionRoutingHandler channelRead
INFO: Detected non-HTTP/2 connection.
Nov 06, 2025 11:25:59 AM com.google.cloud.datastore.emulator.impl.context.EmulatorAuthorization warnAboutSecuredJwt
WARNING: expected an unsecured JWT, the emulator does not validate JWTs and IS NOT SECURE
Nov 06, 2025 11:25:59 AM io.gapi.emulators.netty.HttpVersionRoutingHandler channelRead
INFO: Detected non-HTTP/2 connection.
Nov 06, 2025 11:25:59 AM io.gapi.emulators.netty.HttpVersionRoutingHandler channelRead
INFO: Detected non-HTTP/2 connection.
Nov 06, 2025 11:25:59 AM io.gapi.emulators.netty.HttpVersionRoutingHandler channelRead
INFO: Detected non-HTTP/2 connection.
Nov 06, 2025 11:26:00 AM io.gapi.emulators.netty.HttpVersionRoutingHandler channelRead
INFO: Detected non-HTTP/2 connection.
Nov 06, 2025 11:26:00 AM com.google.cloud.datastore.emulator.impl.context.EmulatorAuthorization warnAboutSecuredJwt
WARNING: expected an unsecured JWT, the emulator does not validate JWTs and IS NOT SECURE
Nov 06, 2025 11:26:00 AM io.gapi.emulators.netty.HttpVersionRoutingHandler channelRead
INFO: Detected non-HTTP/2 connection.
Nov 06, 2025 11:26:00 AM io.gapi.emulators.netty.HttpVersionRoutingHandler channelRead
INFO: Detected non-HTTP/2 connection.
Nov 06, 2025 11:26:00 AM io.gapi.emulators.netty.HttpVersionRoutingHandler channelRead
INFO: Detected non-HTTP/2 connection.
Nov 06, 2025 11:26:00 AM io.gapi.emulators.netty.HttpVersionRoutingHandler channelRead
INFO: Detected non-HTTP/2 connection.
Nov 06, 2025 11:26:00 AM com.google.cloud.datastore.emulator.impl.context.EmulatorAuthorization warnAboutSecuredJwt
WARNING: expected an unsecured JWT, the emulator does not validate JWTs and IS NOT SECURE
Nov 06, 2025 11:26:00 AM io.gapi.emulators.netty.HttpVersionRoutingHandler channelRead
INFO: Detected non-HTTP/2 connection.
Nov 06, 2025 11:26:00 AM io.gapi.emulators.netty.HttpVersionRoutingHandler channelRead
INFO: Detected non-HTTP/2 connection.
Nov 06, 2025 11:26:00 AM io.gapi.emulators.netty.HttpVersionRoutingHandler channelRead
INFO: Detected non-HTTP/2 connection.
Nov 06, 2025 11:26:00 AM io.gapi.emulators.netty.HttpVersionRoutingHandler channelRead
INFO: Detected non-HTTP/2 connection.
Nov 06, 2025 11:26:00 AM com.google.cloud.datastore.emulator.impl.context.EmulatorAuthorization warnAboutSecuredJwt
WARNING: expected an unsecured JWT, the emulator does not validate JWTs and IS NOT SECURE
Nov 06, 2025 11:26:00 AM io.gapi.emulators.netty.HttpVersionRoutingHandler channelRead
INFO: Detected non-HTTP/2 connection.
Nov 06, 2025 11:26:00 AM io.gapi.emulators.netty.HttpVersionRoutingHandler channelRead
INFO: Detected non-HTTP/2 connection.
Nov 06, 2025 11:26:00 AM io.gapi.emulators.netty.HttpVersionRoutingHandler channelRead
INFO: Detected non-HTTP/2 connection.
Nov 06, 2025 11:26:01 AM io.gapi.emulators.netty.HttpVersionRoutingHandler channelRead
INFO: Detected non-HTTP/2 connection.
Nov 06, 2025 11:26:01 AM com.google.cloud.datastore.emulator.impl.context.EmulatorAuthorization warnAboutSecuredJwt
WARNING: expected an unsecured JWT, the emulator does not validate JWTs and IS NOT SECURE
Nov 06, 2025 11:26:01 AM io.gapi.emulators.netty.HttpVersionRoutingHandler channelRead
INFO: Detected non-HTTP/2 connection.
Nov 06, 2025 11:26:01 AM io.gapi.emulators.netty.HttpVersionRoutingHandler channelRead
INFO: Detected non-HTTP/2 connection.
Nov 06, 2025 11:26:01 AM io.gapi.emulators.netty.HttpVersionRoutingHandler channelRead
INFO: Detected non-HTTP/2 connection.
Nov 06, 2025 11:26:01 AM io.gapi.emulators.netty.HttpVersionRoutingHandler channelRead
INFO: Detected non-HTTP/2 connection.
Nov 06, 2025 11:26:01 AM com.google.cloud.datastore.emulator.impl.context.EmulatorAuthorization warnAboutSecuredJwt
WARNING: expected an unsecured JWT, the emulator does not validate JWTs and IS NOT SECURE
Nov 06, 2025 11:26:01 AM io.gapi.emulators.netty.HttpVersionRoutingHandler channelRead
INFO: Detected non-HTTP/2 connection.
Nov 06, 2025 11:26:01 AM io.gapi.emulators.netty.HttpVersionRoutingHandler channelRead
INFO: Detected non-HTTP/2 connection.
Nov 06, 2025 11:26:01 AM io.gapi.emulators.netty.HttpVersionRoutingHandler channelRead
INFO: Detected non-HTTP/2 connection.
Nov 06, 2025 11:26:02 AM io.gapi.emulators.netty.HttpVersionRoutingHandler channelRead
INFO: Detected non-HTTP/2 connection.
Nov 06, 2025 11:26:02 AM com.google.cloud.datastore.emulator.impl.context.EmulatorAuthorization warnAboutSecuredJwt
WARNING: expected an unsecured JWT, the emulator does not validate JWTs and IS NOT SECURE
Nov 06, 2025 11:26:02 AM io.gapi.emulators.netty.HttpVersionRoutingHandler channelRead
INFO: Detected non-HTTP/2 connection.
Nov 06, 2025 11:26:02 AM io.gapi.emulators.netty.HttpVersionRoutingHandler channelRead
INFO: Detected non-HTTP/2 connection.
Nov 06, 2025 11:26:02 AM io.gapi.emulators.netty.HttpVersionRoutingHandler channelRead
INFO: Detected non-HTTP/2 connection.
Nov 06, 2025 11:26:02 AM io.gapi.emulators.netty.HttpVersionRoutingHandler channelRead
INFO: Detected non-HTTP/2 connection.
Nov 06, 2025 11:26:02 AM com.google.cloud.datastore.emulator.impl.context.EmulatorAuthorization warnAboutSecuredJwt
WARNING: expected an unsecured JWT, the emulator does not validate JWTs and IS NOT SECURE
Nov 06, 2025 11:26:02 AM io.gapi.emulators.netty.HttpVersionRoutingHandler channelRead
INFO: Detected non-HTTP/2 connection.
Nov 06, 2025 11:26:02 AM io.gapi.emulators.netty.HttpVersionRoutingHandler channelRead
INFO: Detected non-HTTP/2 connection.
Nov 06, 2025 11:26:02 AM io.gapi.emulators.netty.HttpVersionRoutingHandler channelRead
INFO: Detected non-HTTP/2 connection.
Nov 06, 2025 11:26:03 AM io.gapi.emulators.netty.HttpVersionRoutingHandler channelRead
INFO: Detected non-HTTP/2 connection.
Nov 06, 2025 11:26:03 AM com.google.cloud.datastore.emulator.impl.context.EmulatorAuthorization warnAboutSecuredJwt
WARNING: expected an unsecured JWT, the emulator does not validate JWTs and IS NOT SECURE
Nov 06, 2025 11:26:03 AM io.gapi.emulators.netty.HttpVersionRoutingHandler channelRead
INFO: Detected non-HTTP/2 connection.
Nov 06, 2025 11:26:03 AM io.gapi.emulators.netty.HttpVersionRoutingHandler channelRead
INFO: Detected non-HTTP/2 connection.
Nov 06, 2025 11:26:03 AM io.gapi.emulators.netty.HttpVersionRoutingHandler channelRead
INFO: Detected non-HTTP/2 connection.
Nov 06, 2025 11:26:03 AM io.gapi.emulators.netty.HttpVersionRoutingHandler channelRead
INFO: Detected non-HTTP/2 connection.
Nov 06, 2025 11:26:03 AM com.google.cloud.datastore.emulator.impl.context.EmulatorAuthorization warnAboutSecuredJwt
WARNING: expected an unsecured JWT, the emulator does not validate JWTs and IS NOT SECURE
Nov 06, 2025 11:26:03 AM io.gapi.emulators.netty.HttpVersionRoutingHandler channelRead
INFO: Detected non-HTTP/2 connection.
Nov 06, 2025 11:26:03 AM io.gapi.emulators.netty.HttpVersionRoutingHandler channelRead
INFO: Detected non-HTTP/2 connection.
Nov 06, 2025 11:26:03 AM io.gapi.emulators.netty.HttpVersionRoutingHandler channelRead
INFO: Detected non-HTTP/2 connection.
Nov 06, 2025 11:26:04 AM io.gapi.emulators.netty.HttpVersionRoutingHandler channelRead
INFO: Detected non-HTTP/2 connection.
Nov 06, 2025 11:26:04 AM com.google.cloud.datastore.emulator.impl.context.EmulatorAuthorization warnAboutSecuredJwt
WARNING: expected an unsecured JWT, the emulator does not validate JWTs and IS NOT SECURE
Nov 06, 2025 11:26:04 AM io.gapi.emulators.netty.HttpVersionRoutingHandler channelRead
INFO: Detected non-HTTP/2 connection.
Nov 06, 2025 11:26:04 AM io.gapi.emulators.netty.HttpVersionRoutingHandler channelRead
INFO: Detected non-HTTP/2 connection.
Nov 06, 2025 11:26:04 AM io.gapi.emulators.netty.HttpVersionRoutingHandler channelRead
INFO: Detected non-HTTP/2 connection.
Nov 06, 2025 11:26:04 AM io.gapi.emulators.netty.HttpVersionRoutingHandler channelRead
INFO: Detected non-HTTP/2 connection.
Nov 06, 2025 11:26:04 AM com.google.cloud.datastore.emulator.impl.context.EmulatorAuthorization warnAboutSecuredJwt
WARNING: expected an unsecured JWT, the emulator does not validate JWTs and IS NOT SECURE
Nov 06, 2025 11:26:04 AM io.gapi.emulators.netty.HttpVersionRoutingHandler channelRead
INFO: Detected non-HTTP/2 connection.
Nov 06, 2025 11:26:04 AM io.gapi.emulators.netty.HttpVersionRoutingHandler channelRead
INFO: Detected non-HTTP/2 connection.
Nov 06, 2025 11:26:04 AM io.gapi.emulators.netty.HttpVersionRoutingHandler channelRead
INFO: Detected non-HTTP/2 connection.
Nov 06, 2025 11:26:05 AM io.gapi.emulators.netty.HttpVersionRoutingHandler channelRead
INFO: Detected non-HTTP/2 connection.
Nov 06, 2025 11:26:05 AM com.google.cloud.datastore.emulator.impl.context.EmulatorAuthorization warnAboutSecuredJwt
WARNING: expected an unsecured JWT, the emulator does not validate JWTs and IS NOT SECURE
Nov 06, 2025 11:26:05 AM io.gapi.emulators.netty.HttpVersionRoutingHandler channelRead
INFO: Detected non-HTTP/2 connection.
Nov 06, 2025 11:26:05 AM io.gapi.emulators.netty.HttpVersionRoutingHandler channelRead
INFO: Detected non-HTTP/2 connection.
Nov 06, 2025 11:26:05 AM io.gapi.emulators.netty.HttpVersionRoutingHandler channelRead
INFO: Detected non-HTTP/2 connection.
Nov 06, 2025 11:26:05 AM io.gapi.emulators.netty.HttpVersionRoutingHandler channelRead
INFO: Detected non-HTTP/2 connection.
Nov 06, 2025 11:26:05 AM com.google.cloud.datastore.emulator.impl.context.EmulatorAuthorization warnAboutSecuredJwt
WARNING: expected an unsecured JWT, the emulator does not validate JWTs and IS NOT SECURE
Nov 06, 2025 11:26:05 AM io.gapi.emulators.netty.HttpVersionRoutingHandler channelRead
INFO: Detected non-HTTP/2 connection.
Nov 06, 2025 11:26:05 AM io.gapi.emulators.netty.HttpVersionRoutingHandler channelRead
INFO: Detected non-HTTP/2 connection.
Nov 06, 2025 11:26:05 AM io.gapi.emulators.netty.HttpVersionRoutingHandler channelRead
INFO: Detected non-HTTP/2 connection.
Nov 06, 2025 11:26:06 AM io.gapi.emulators.netty.HttpVersionRoutingHandler channelRead
INFO: Detected non-HTTP/2 connection.
Nov 06, 2025 11:26:06 AM com.google.cloud.datastore.emulator.impl.context.EmulatorAuthorization warnAboutSecuredJwt
WARNING: expected an unsecured JWT, the emulator does not validate JWTs and IS NOT SECURE
Nov 06, 2025 11:26:06 AM io.gapi.emulators.netty.HttpVersionRoutingHandler channelRead
INFO: Detected non-HTTP/2 connection.
Nov 06, 2025 11:26:06 AM io.gapi.emulators.netty.HttpVersionRoutingHandler channelRead
INFO: Detected non-HTTP/2 connection.
Nov 06, 2025 11:26:06 AM io.gapi.emulators.netty.HttpVersionRoutingHandler channelRead
INFO: Detected non-HTTP/2 connection.
Nov 06, 2025 11:26:06 AM io.gapi.emulators.netty.HttpVersionRoutingHandler channelRead
INFO: Detected non-HTTP/2 connection.
Nov 06, 2025 11:26:06 AM com.google.cloud.datastore.emulator.impl.context.EmulatorAuthorization warnAboutSecuredJwt
WARNING: expected an unsecured JWT, the emulator does not validate JWTs and IS NOT SECURE
Nov 06, 2025 11:26:06 AM io.gapi.emulators.netty.HttpVersionRoutingHandler channelRead
INFO: Detected non-HTTP/2 connection.
Nov 06, 2025 11:26:06 AM io.gapi.emulators.netty.HttpVersionRoutingHandler channelRead
INFO: Detected non-HTTP/2 connection.
Nov 06, 2025 11:26:06 AM io.gapi.emulators.netty.HttpVersionRoutingHandler channelRead
INFO: Detected non-HTTP/2 connection.
Nov 06, 2025 11:26:07 AM io.gapi.emulators.netty.HttpVersionRoutingHandler channelRead
INFO: Detected non-HTTP/2 connection.
Nov 06, 2025 11:26:07 AM com.google.cloud.datastore.emulator.impl.context.EmulatorAuthorization warnAboutSecuredJwt
WARNING: expected an unsecured JWT, the emulator does not validate JWTs and IS NOT SECURE
Nov 06, 2025 11:26:07 AM io.gapi.emulators.netty.HttpVersionRoutingHandler channelRead
INFO: Detected non-HTTP/2 connection.
Nov 06, 2025 11:26:07 AM io.gapi.emulators.netty.HttpVersionRoutingHandler channelRead
INFO: Detected non-HTTP/2 connection.
Nov 06, 2025 11:26:07 AM com.google.cloud.datastore.emulator.impl.context.EmulatorAuthorization warnAboutSecuredJwt
WARNING: expected an unsecured JWT, the emulator does not validate JWTs and IS NOT SECURE
Nov 06, 2025 11:26:07 AM io.gapi.emulators.netty.HttpVersionRoutingHandler channelRead
INFO: Detected non-HTTP/2 connection.
Nov 06, 2025 11:26:07 AM io.gapi.emulators.netty.HttpVersionRoutingHandler channelRead
INFO: Detected non-HTTP/2 connection.
Nov 06, 2025 11:26:07 AM io.gapi.emulators.netty.HttpVersionRoutingHandler channelRead
INFO: Detected non-HTTP/2 connection.
Nov 06, 2025 11:26:08 AM io.gapi.emulators.netty.HttpVersionRoutingHandler channelRead
INFO: Detected non-HTTP/2 connection.
Nov 06, 2025 11:26:08 AM com.google.cloud.datastore.emulator.impl.context.EmulatorAuthorization warnAboutSecuredJwt
WARNING: expected an unsecured JWT, the emulator does not validate JWTs and IS NOT SECURE
Nov 06, 2025 11:26:08 AM io.gapi.emulators.netty.HttpVersionRoutingHandler channelRead
INFO: Detected non-HTTP/2 connection.
Nov 06, 2025 11:26:08 AM io.gapi.emulators.netty.HttpVersionRoutingHandler channelRead
INFO: Detected non-HTTP/2 connection.
Nov 06, 2025 11:26:08 AM io.gapi.emulators.netty.HttpVersionRoutingHandler channelRead
INFO: Detected non-HTTP/2 connection.
Nov 06, 2025 11:26:08 AM io.gapi.emulators.netty.HttpVersionRoutingHandler channelRead
INFO: Detected non-HTTP/2 connection.
Nov 06, 2025 11:26:08 AM com.google.cloud.datastore.emulator.impl.context.EmulatorAuthorization warnAboutSecuredJwt
WARNING: expected an unsecured JWT, the emulator does not validate JWTs and IS NOT SECURE
Nov 06, 2025 11:26:08 AM io.gapi.emulators.netty.HttpVersionRoutingHandler channelRead
INFO: Detected non-HTTP/2 connection.
Nov 06, 2025 11:26:08 AM io.gapi.emulators.netty.HttpVersionRoutingHandler channelRead
INFO: Detected non-HTTP/2 connection.
Nov 06, 2025 11:26:08 AM io.gapi.emulators.netty.HttpVersionRoutingHandler channelRead
INFO: Detected non-HTTP/2 connection.
Nov 06, 2025 11:26:08 AM io.gapi.emulators.netty.HttpVersionRoutingHandler channelRead
INFO: Detected non-HTTP/2 connection.
Nov 06, 2025 11:26:08 AM com.google.cloud.datastore.emulator.impl.context.EmulatorAuthorization warnAboutSecuredJwt
WARNING: expected an unsecured JWT, the emulator does not validate JWTs and IS NOT SECURE
Nov 06, 2025 11:26:08 AM io.gapi.emulators.netty.HttpVersionRoutingHandler channelRead
INFO: Detected non-HTTP/2 connection.
Nov 06, 2025 11:26:08 AM io.gapi.emulators.netty.HttpVersionRoutingHandler channelRead
INFO: Detected non-HTTP/2 connection.
Nov 06, 2025 11:26:08 AM io.gapi.emulators.netty.HttpVersionRoutingHandler channelRead
INFO: Detected non-HTTP/2 connection.
Nov 06, 2025 11:26:09 AM io.gapi.emulators.netty.HttpVersionRoutingHandler channelRead
INFO: Detected non-HTTP/2 connection.
Nov 06, 2025 11:26:09 AM com.google.cloud.datastore.emulator.impl.context.EmulatorAuthorization warnAboutSecuredJwt
WARNING: expected an unsecured JWT, the emulator does not validate JWTs and IS NOT SECURE
Nov 06, 2025 11:26:09 AM io.gapi.emulators.netty.HttpVersionRoutingHandler channelRead
INFO: Detected non-HTTP/2 connection.
Nov 06, 2025 11:26:09 AM io.gapi.emulators.netty.HttpVersionRoutingHandler channelRead
INFO: Detected non-HTTP/2 connection.
Nov 06, 2025 11:26:09 AM io.gapi.emulators.netty.HttpVersionRoutingHandler channelRead
INFO: Detected non-HTTP/2 connection.
Nov 06, 2025 11:26:09 AM io.gapi.emulators.netty.HttpVersionRoutingHandler channelRead
INFO: Detected non-HTTP/2 connection.
Nov 06, 2025 11:26:09 AM com.google.cloud.datastore.emulator.impl.context.EmulatorAuthorization warnAboutSecuredJwt
WARNING: expected an unsecured JWT, the emulator does not validate JWTs and IS NOT SECURE
Nov 06, 2025 11:26:09 AM io.gapi.emulators.netty.HttpVersionRoutingHandler channelRead
INFO: Detected non-HTTP/2 connection.
Nov 06, 2025 11:26:09 AM io.gapi.emulators.netty.HttpVersionRoutingHandler channelRead
INFO: Detected non-HTTP/2 connection.
Nov 06, 2025 11:26:09 AM io.gapi.emulators.netty.HttpVersionRoutingHandler channelRead
INFO: Detected non-HTTP/2 connection.
Nov 06, 2025 11:26:10 AM io.gapi.emulators.netty.HttpVersionRoutingHandler channelRead
INFO: Detected non-HTTP/2 connection.
Nov 06, 2025 11:26:10 AM com.google.cloud.datastore.emulator.impl.context.EmulatorAuthorization warnAboutSecuredJwt
WARNING: expected an unsecured JWT, the emulator does not validate JWTs and IS NOT SECURE
Nov 06, 2025 11:26:10 AM io.gapi.emulators.netty.HttpVersionRoutingHandler channelRead
INFO: Detected non-HTTP/2 connection.
Nov 06, 2025 11:26:10 AM io.gapi.emulators.netty.HttpVersionRoutingHandler channelRead
INFO: Detected non-HTTP/2 connection.
Nov 06, 2025 11:26:10 AM io.gapi.emulators.netty.HttpVersionRoutingHandler channelRead
INFO: Detected non-HTTP/2 connection.
Nov 06, 2025 11:26:10 AM io.gapi.emulators.netty.HttpVersionRoutingHandler channelRead
INFO: Detected non-HTTP/2 connection.
Nov 06, 2025 11:26:10 AM com.google.cloud.datastore.emulator.impl.context.EmulatorAuthorization warnAboutSecuredJwt
WARNING: expected an unsecured JWT, the emulator does not validate JWTs and IS NOT SECURE
Nov 06, 2025 11:26:10 AM io.gapi.emulators.netty.HttpVersionRoutingHandler channelRead
INFO: Detected non-HTTP/2 connection.
Nov 06, 2025 11:26:10 AM io.gapi.emulators.netty.HttpVersionRoutingHandler channelRead
INFO: Detected non-HTTP/2 connection.
Nov 06, 2025 11:26:10 AM io.gapi.emulators.netty.HttpVersionRoutingHandler channelRead
INFO: Detected non-HTTP/2 connection.
Nov 06, 2025 11:26:11 AM io.gapi.emulators.netty.HttpVersionRoutingHandler channelRead
INFO: Detected non-HTTP/2 connection.
Nov 06, 2025 11:26:11 AM com.google.cloud.datastore.emulator.impl.context.EmulatorAuthorization warnAboutSecuredJwt
WARNING: expected an unsecured JWT, the emulator does not validate JWTs and IS NOT SECURE
Nov 06, 2025 11:26:11 AM io.gapi.emulators.netty.HttpVersionRoutingHandler channelRead
INFO: Detected non-HTTP/2 connection.
Nov 06, 2025 11:26:11 AM io.gapi.emulators.netty.HttpVersionRoutingHandler channelRead
INFO: Detected non-HTTP/2 connection.
Nov 06, 2025 11:26:11 AM io.gapi.emulators.netty.HttpVersionRoutingHandler channelRead
INFO: Detected non-HTTP/2 connection.
Nov 06, 2025 11:26:11 AM io.gapi.emulators.netty.HttpVersionRoutingHandler channelRead
INFO: Detected non-HTTP/2 connection.
Nov 06, 2025 11:26:11 AM com.google.cloud.datastore.emulator.impl.context.EmulatorAuthorization warnAboutSecuredJwt
WARNING: expected an unsecured JWT, the emulator does not validate JWTs and IS NOT SECURE
Nov 06, 2025 11:26:11 AM io.gapi.emulators.netty.HttpVersionRoutingHandler channelRead
INFO: Detected non-HTTP/2 connection.
Nov 06, 2025 11:26:11 AM io.gapi.emulators.netty.HttpVersionRoutingHandler channelRead
INFO: Detected non-HTTP/2 connection.
Nov 06, 2025 11:26:11 AM io.gapi.emulators.netty.HttpVersionRoutingHandler channelRead
INFO: Detected non-HTTP/2 connection.
Nov 06, 2025 11:26:11 AM io.gapi.emulators.netty.HttpVersionRoutingHandler channelRead
INFO: Detected non-HTTP/2 connection.
Nov 06, 2025 11:26:11 AM com.google.cloud.datastore.emulator.impl.context.EmulatorAuthorization warnAboutSecuredJwt
WARNING: expected an unsecured JWT, the emulator does not validate JWTs and IS NOT SECURE
Nov 06, 2025 11:26:12 AM io.gapi.emulators.netty.HttpVersionRoutingHandler channelRead
INFO: Detected non-HTTP/2 connection.
Nov 06, 2025 11:26:12 AM io.gapi.emulators.netty.HttpVersionRoutingHandler channelRead
INFO: Detected non-HTTP/2 connection.
Nov 06, 2025 11:26:12 AM io.gapi.emulators.netty.HttpVersionRoutingHandler channelRead
INFO: Detected non-HTTP/2 connection.
Nov 06, 2025 11:26:12 AM io.gapi.emulators.netty.HttpVersionRoutingHandler channelRead
INFO: Detected non-HTTP/2 connection.
Nov 06, 2025 11:26:12 AM com.google.cloud.datastore.emulator.impl.context.EmulatorAuthorization warnAboutSecuredJwt
WARNING: expected an unsecured JWT, the emulator does not validate JWTs and IS NOT SECURE
Nov 06, 2025 11:26:12 AM io.gapi.emulators.netty.HttpVersionRoutingHandler channelRead
INFO: Detected non-HTTP/2 connection.
Nov 06, 2025 11:26:12 AM io.gapi.emulators.netty.HttpVersionRoutingHandler channelRead
INFO: Detected non-HTTP/2 connection.
Nov 06, 2025 11:26:12 AM io.gapi.emulators.netty.HttpVersionRoutingHandler channelRead
INFO: Detected non-HTTP/2 connection.
Nov 06, 2025 11:26:12 AM io.gapi.emulators.netty.HttpVersionRoutingHandler channelRead
INFO: Detected non-HTTP/2 connection.
Nov 06, 2025 11:26:12 AM com.google.cloud.datastore.emulator.impl.context.EmulatorAuthorization warnAboutSecuredJwt
WARNING: expected an unsecured JWT, the emulator does not validate JWTs and IS NOT SECURE
Nov 06, 2025 11:26:12 AM io.gapi.emulators.netty.HttpVersionRoutingHandler channelRead
INFO: Detected non-HTTP/2 connection.
Nov 06, 2025 11:26:12 AM io.gapi.emulators.netty.HttpVersionRoutingHandler channelRead
INFO: Detected non-HTTP/2 connection.
Nov 06, 2025 11:26:12 AM io.gapi.emulators.netty.HttpVersionRoutingHandler channelRead
INFO: Detected non-HTTP/2 connection.
Nov 06, 2025 11:26:13 AM io.gapi.emulators.netty.HttpVersionRoutingHandler channelRead
INFO: Detected non-HTTP/2 connection.
Nov 06, 2025 11:26:13 AM com.google.cloud.datastore.emulator.impl.context.EmulatorAuthorization warnAboutSecuredJwt
WARNING: expected an unsecured JWT, the emulator does not validate JWTs and IS NOT SECURE
Nov 06, 2025 11:26:13 AM io.gapi.emulators.netty.HttpVersionRoutingHandler channelRead
INFO: Detected non-HTTP/2 connection.
Nov 06, 2025 11:26:13 AM io.gapi.emulators.netty.HttpVersionRoutingHandler channelRead
INFO: Detected non-HTTP/2 connection.
Nov 06, 2025 11:26:13 AM io.gapi.emulators.netty.HttpVersionRoutingHandler channelRead
INFO: Detected non-HTTP/2 connection.
Nov 06, 2025 11:26:13 AM io.gapi.emulators.netty.HttpVersionRoutingHandler channelRead
INFO: Detected non-HTTP/2 connection.
Nov 06, 2025 11:26:13 AM com.google.cloud.datastore.emulator.impl.context.EmulatorAuthorization warnAboutSecuredJwt
WARNING: expected an unsecured JWT, the emulator does not validate JWTs and IS NOT SECURE
Nov 06, 2025 11:26:13 AM io.gapi.emulators.netty.HttpVersionRoutingHandler channelRead
INFO: Detected non-HTTP/2 connection.
Nov 06, 2025 11:26:13 AM io.gapi.emulators.netty.HttpVersionRoutingHandler channelRead
INFO: Detected non-HTTP/2 connection.
Nov 06, 2025 11:26:13 AM io.gapi.emulators.netty.HttpVersionRoutingHandler channelRead
INFO: Detected non-HTTP/2 connection.
Nov 06, 2025 11:26:14 AM io.gapi.emulators.netty.HttpVersionRoutingHandler channelRead
INFO: Detected non-HTTP/2 connection.
Nov 06, 2025 11:26:14 AM com.google.cloud.datastore.emulator.impl.context.EmulatorAuthorization warnAboutSecuredJwt
WARNING: expected an unsecured JWT, the emulator does not validate JWTs and IS NOT SECURE
Nov 06, 2025 11:26:14 AM io.gapi.emulators.netty.HttpVersionRoutingHandler channelRead
INFO: Detected non-HTTP/2 connection.
Nov 06, 2025 11:26:14 AM io.gapi.emulators.netty.HttpVersionRoutingHandler channelRead
INFO: Detected non-HTTP/2 connection.
Nov 06, 2025 11:26:14 AM io.gapi.emulators.netty.HttpVersionRoutingHandler channelRead
INFO: Detected non-HTTP/2 connection.
Nov 06, 2025 11:26:14 AM io.gapi.emulators.netty.HttpVersionRoutingHandler channelRead
INFO: Detected non-HTTP/2 connection.
Nov 06, 2025 11:26:14 AM com.google.cloud.datastore.emulator.impl.context.EmulatorAuthorization warnAboutSecuredJwt
WARNING: expected an unsecured JWT, the emulator does not validate JWTs and IS NOT SECURE
Nov 06, 2025 11:26:14 AM io.gapi.emulators.netty.HttpVersionRoutingHandler channelRead
INFO: Detected non-HTTP/2 connection.
Nov 06, 2025 11:26:14 AM io.gapi.emulators.netty.HttpVersionRoutingHandler channelRead
INFO: Detected non-HTTP/2 connection.
Nov 06, 2025 11:26:14 AM io.gapi.emulators.netty.HttpVersionRoutingHandler channelRead
INFO: Detected non-HTTP/2 connection.
Nov 06, 2025 11:26:15 AM io.gapi.emulators.netty.HttpVersionRoutingHandler channelRead
INFO: Detected non-HTTP/2 connection.
Nov 06, 2025 11:26:15 AM com.google.cloud.datastore.emulator.impl.context.EmulatorAuthorization warnAboutSecuredJwt
WARNING: expected an unsecured JWT, the emulator does not validate JWTs and IS NOT SECURE
Nov 06, 2025 11:26:15 AM io.gapi.emulators.netty.HttpVersionRoutingHandler channelRead
INFO: Detected non-HTTP/2 connection.
Nov 06, 2025 11:26:15 AM io.gapi.emulators.netty.HttpVersionRoutingHandler channelRead
INFO: Detected non-HTTP/2 connection.
Nov 06, 2025 11:26:15 AM io.gapi.emulators.netty.HttpVersionRoutingHandler channelRead
INFO: Detected non-HTTP/2 connection.
Nov 06, 2025 11:26:15 AM io.gapi.emulators.netty.HttpVersionRoutingHandler channelRead
INFO: Detected non-HTTP/2 connection.
Nov 06, 2025 11:26:15 AM com.google.cloud.datastore.emulator.impl.context.EmulatorAuthorization warnAboutSecuredJwt
WARNING: expected an unsecured JWT, the emulator does not validate JWTs and IS NOT SECURE
Nov 06, 2025 11:26:15 AM io.gapi.emulators.netty.HttpVersionRoutingHandler channelRead
INFO: Detected non-HTTP/2 connection.
Nov 06, 2025 11:26:15 AM io.gapi.emulators.netty.HttpVersionRoutingHandler channelRead
INFO: Detected non-HTTP/2 connection.
Nov 06, 2025 11:26:15 AM io.gapi.emulators.netty.HttpVersionRoutingHandler channelRead
INFO: Detected non-HTTP/2 connection.
Nov 06, 2025 11:26:16 AM io.gapi.emulators.netty.HttpVersionRoutingHandler channelRead
INFO: Detected non-HTTP/2 connection.
Nov 06, 2025 11:26:16 AM com.google.cloud.datastore.emulator.impl.context.EmulatorAuthorization warnAboutSecuredJwt
WARNING: expected an unsecured JWT, the emulator does not validate JWTs and IS NOT SECURE
Nov 06, 2025 11:26:16 AM io.gapi.emulators.netty.HttpVersionRoutingHandler channelRead
INFO: Detected non-HTTP/2 connection.
Nov 06, 2025 11:26:16 AM io.gapi.emulators.netty.HttpVersionRoutingHandler channelRead
INFO: Detected non-HTTP/2 connection.
Nov 06, 2025 11:26:16 AM io.gapi.emulators.netty.HttpVersionRoutingHandler channelRead
INFO: Detected non-HTTP/2 connection.
Nov 06, 2025 11:26:16 AM io.gapi.emulators.netty.HttpVersionRoutingHandler channelRead
INFO: Detected non-HTTP/2 connection.
Nov 06, 2025 11:26:16 AM com.google.cloud.datastore.emulator.impl.context.EmulatorAuthorization warnAboutSecuredJwt
WARNING: expected an unsecured JWT, the emulator does not validate JWTs and IS NOT SECURE
Nov 06, 2025 11:26:16 AM io.gapi.emulators.netty.HttpVersionRoutingHandler channelRead
INFO: Detected non-HTTP/2 connection.
Nov 06, 2025 11:26:16 AM io.gapi.emulators.netty.HttpVersionRoutingHandler channelRead
INFO: Detected non-HTTP/2 connection.
Nov 06, 2025 11:26:16 AM io.gapi.emulators.netty.HttpVersionRoutingHandler channelRead
INFO: Detected non-HTTP/2 connection.
Nov 06, 2025 11:26:17 AM io.gapi.emulators.netty.HttpVersionRoutingHandler channelRead
INFO: Detected non-HTTP/2 connection.
Nov 06, 2025 11:26:17 AM com.google.cloud.datastore.emulator.impl.context.EmulatorAuthorization warnAboutSecuredJwt
WARNING: expected an unsecured JWT, the emulator does not validate JWTs and IS NOT SECURE
Nov 06, 2025 11:26:17 AM io.gapi.emulators.netty.HttpVersionRoutingHandler channelRead
INFO: Detected non-HTTP/2 connection.
Nov 06, 2025 11:26:17 AM io.gapi.emulators.netty.HttpVersionRoutingHandler channelRead
INFO: Detected non-HTTP/2 connection.
Nov 06, 2025 11:26:17 AM io.gapi.emulators.netty.HttpVersionRoutingHandler channelRead
INFO: Detected non-HTTP/2 connection.
Nov 06, 2025 11:26:17 AM io.gapi.emulators.netty.HttpVersionRoutingHandler channelRead
INFO: Detected non-HTTP/2 connection.
Nov 06, 2025 11:26:17 AM com.google.cloud.datastore.emulator.impl.context.EmulatorAuthorization warnAboutSecuredJwt
WARNING: expected an unsecured JWT, the emulator does not validate JWTs and IS NOT SECURE
Nov 06, 2025 11:26:17 AM io.gapi.emulators.netty.HttpVersionRoutingHandler channelRead
INFO: Detected non-HTTP/2 connection.
Nov 06, 2025 11:26:17 AM io.gapi.emulators.netty.HttpVersionRoutingHandler channelRead
INFO: Detected non-HTTP/2 connection.
Nov 06, 2025 11:26:17 AM io.gapi.emulators.netty.HttpVersionRoutingHandler channelRead
INFO: Detected non-HTTP/2 connection.
Nov 06, 2025 11:26:18 AM io.gapi.emulators.netty.HttpVersionRoutingHandler channelRead
INFO: Detected non-HTTP/2 connection.
Nov 06, 2025 11:26:18 AM com.google.cloud.datastore.emulator.impl.context.EmulatorAuthorization warnAboutSecuredJwt
WARNING: expected an unsecured JWT, the emulator does not validate JWTs and IS NOT SECURE
Nov 06, 2025 11:26:18 AM io.gapi.emulators.netty.HttpVersionRoutingHandler channelRead
INFO: Detected non-HTTP/2 connection.
Nov 06, 2025 11:26:18 AM io.gapi.emulators.netty.HttpVersionRoutingHandler channelRead
INFO: Detected non-HTTP/2 connection.
Nov 06, 2025 11:26:18 AM io.gapi.emulators.netty.HttpVersionRoutingHandler channelRead
INFO: Detected non-HTTP/2 connection.
Nov 06, 2025 11:26:18 AM io.gapi.emulators.netty.HttpVersionRoutingHandler channelRead
INFO: Detected non-HTTP/2 connection.
Nov 06, 2025 11:26:18 AM com.google.cloud.datastore.emulator.impl.context.EmulatorAuthorization warnAboutSecuredJwt
WARNING: expected an unsecured JWT, the emulator does not validate JWTs and IS NOT SECURE
Nov 06, 2025 11:26:18 AM io.gapi.emulators.netty.HttpVersionRoutingHandler channelRead
INFO: Detected non-HTTP/2 connection.
Nov 06, 2025 11:26:18 AM io.gapi.emulators.netty.HttpVersionRoutingHandler channelRead
INFO: Detected non-HTTP/2 connection.
Nov 06, 2025 11:26:18 AM io.gapi.emulators.netty.HttpVersionRoutingHandler channelRead
INFO: Detected non-HTTP/2 connection.
Nov 06, 2025 11:26:18 AM io.gapi.emulators.netty.HttpVersionRoutingHandler channelRead
INFO: Detected non-HTTP/2 connection.
Nov 06, 2025 11:26:18 AM com.google.cloud.datastore.emulator.impl.context.EmulatorAuthorization warnAboutSecuredJwt
WARNING: expected an unsecured JWT, the emulator does not validate JWTs and IS NOT SECURE
Nov 06, 2025 11:26:18 AM io.gapi.emulators.netty.HttpVersionRoutingHandler channelRead
INFO: Detected non-HTTP/2 connection.
Nov 06, 2025 11:26:18 AM io.gapi.emulators.netty.HttpVersionRoutingHandler channelRead
INFO: Detected non-HTTP/2 connection.
Nov 06, 2025 11:26:18 AM io.gapi.emulators.netty.HttpVersionRoutingHandler channelRead
INFO: Detected non-HTTP/2 connection.
Nov 06, 2025 11:26:19 AM io.gapi.emulators.netty.HttpVersionRoutingHandler channelRead
INFO: Detected non-HTTP/2 connection.
Nov 06, 2025 11:26:19 AM com.google.cloud.datastore.emulator.impl.context.EmulatorAuthorization warnAboutSecuredJwt
WARNING: expected an unsecured JWT, the emulator does not validate JWTs and IS NOT SECURE
Nov 06, 2025 11:26:19 AM io.gapi.emulators.netty.HttpVersionRoutingHandler channelRead
INFO: Detected non-HTTP/2 connection.
Nov 06, 2025 11:26:19 AM io.gapi.emulators.netty.HttpVersionRoutingHandler channelRead
INFO: Detected non-HTTP/2 connection.
Nov 06, 2025 11:26:19 AM io.gapi.emulators.netty.HttpVersionRoutingHandler channelRead
INFO: Detected non-HTTP/2 connection.
Nov 06, 2025 11:26:19 AM io.gapi.emulators.netty.HttpVersionRoutingHandler channelRead
INFO: Detected non-HTTP/2 connection.
Nov 06, 2025 11:26:19 AM com.google.cloud.datastore.emulator.impl.context.EmulatorAuthorization warnAboutSecuredJwt
WARNING: expected an unsecured JWT, the emulator does not validate JWTs and IS NOT SECURE
Nov 06, 2025 11:26:19 AM io.gapi.emulators.netty.HttpVersionRoutingHandler channelRead
INFO: Detected non-HTTP/2 connection.
Nov 06, 2025 11:26:19 AM io.gapi.emulators.netty.HttpVersionRoutingHandler channelRead
INFO: Detected non-HTTP/2 connection.
Nov 06, 2025 11:26:19 AM io.gapi.emulators.netty.HttpVersionRoutingHandler channelRead
INFO: Detected non-HTTP/2 connection.
Nov 06, 2025 11:26:20 AM io.gapi.emulators.netty.HttpVersionRoutingHandler channelRead
INFO: Detected non-HTTP/2 connection.
Nov 06, 2025 11:26:20 AM com.google.cloud.datastore.emulator.impl.context.EmulatorAuthorization warnAboutSecuredJwt
WARNING: expected an unsecured JWT, the emulator does not validate JWTs and IS NOT SECURE
Nov 06, 2025 11:26:20 AM io.gapi.emulators.netty.HttpVersionRoutingHandler channelRead
INFO: Detected non-HTTP/2 connection.
Nov 06, 2025 11:26:20 AM io.gapi.emulators.netty.HttpVersionRoutingHandler channelRead
INFO: Detected non-HTTP/2 connection.
Nov 06, 2025 11:26:20 AM io.gapi.emulators.netty.HttpVersionRoutingHandler channelRead
INFO: Detected non-HTTP/2 connection.
Nov 06, 2025 11:26:21 AM io.gapi.emulators.netty.HttpVersionRoutingHandler channelRead
INFO: Detected non-HTTP/2 connection.
Nov 06, 2025 11:26:21 AM com.google.cloud.datastore.emulator.impl.context.EmulatorAuthorization warnAboutSecuredJwt
WARNING: expected an unsecured JWT, the emulator does not validate JWTs and IS NOT SECURE
Nov 06, 2025 11:26:21 AM io.gapi.emulators.netty.HttpVersionRoutingHandler channelRead
INFO: Detected non-HTTP/2 connection.
Nov 06, 2025 11:26:21 AM io.gapi.emulators.netty.HttpVersionRoutingHandler channelRead
INFO: Detected non-HTTP/2 connection.
Nov 06, 2025 11:26:21 AM io.gapi.emulators.netty.HttpVersionRoutingHandler channelRead
INFO: Detected non-HTTP/2 connection.
Nov 06, 2025 11:26:21 AM io.gapi.emulators.netty.HttpVersionRoutingHandler channelRead
INFO: Detected non-HTTP/2 connection.
Nov 06, 2025 11:26:21 AM com.google.cloud.datastore.emulator.impl.context.EmulatorAuthorization warnAboutSecuredJwt
WARNING: expected an unsecured JWT, the emulator does not validate JWTs and IS NOT SECURE
Nov 06, 2025 11:26:21 AM io.gapi.emulators.netty.HttpVersionRoutingHandler channelRead
INFO: Detected non-HTTP/2 connection.
Nov 06, 2025 11:26:21 AM io.gapi.emulators.netty.HttpVersionRoutingHandler channelRead
INFO: Detected non-HTTP/2 connection.
Nov 06, 2025 11:26:21 AM io.gapi.emulators.netty.HttpVersionRoutingHandler channelRead
INFO: Detected non-HTTP/2 connection.
Nov 06, 2025 11:26:21 AM io.gapi.emulators.netty.HttpVersionRoutingHandler channelRead
INFO: Detected non-HTTP/2 connection.
Nov 06, 2025 11:26:21 AM com.google.cloud.datastore.emulator.impl.context.EmulatorAuthorization warnAboutSecuredJwt
WARNING: expected an unsecured JWT, the emulator does not validate JWTs and IS NOT SECURE
Nov 06, 2025 11:26:21 AM io.gapi.emulators.netty.HttpVersionRoutingHandler channelRead
INFO: Detected non-HTTP/2 connection.
Nov 06, 2025 11:26:21 AM io.gapi.emulators.netty.HttpVersionRoutingHandler channelRead
INFO: Detected non-HTTP/2 connection.
Nov 06, 2025 11:26:21 AM io.gapi.emulators.netty.HttpVersionRoutingHandler channelRead
INFO: Detected non-HTTP/2 connection.
Nov 06, 2025 11:26:22 AM io.gapi.emulators.netty.HttpVersionRoutingHandler channelRead
INFO: Detected non-HTTP/2 connection.
Nov 06, 2025 11:26:22 AM com.google.cloud.datastore.emulator.impl.context.EmulatorAuthorization warnAboutSecuredJwt
WARNING: expected an unsecured JWT, the emulator does not validate JWTs and IS NOT SECURE
Nov 06, 2025 11:26:22 AM io.gapi.emulators.netty.HttpVersionRoutingHandler channelRead
INFO: Detected non-HTTP/2 connection.
Nov 06, 2025 11:26:22 AM io.gapi.emulators.netty.HttpVersionRoutingHandler channelRead
INFO: Detected non-HTTP/2 connection.
Nov 06, 2025 11:26:22 AM io.gapi.emulators.netty.HttpVersionRoutingHandler channelRead
INFO: Detected non-HTTP/2 connection.
Nov 06, 2025 11:26:22 AM io.gapi.emulators.netty.HttpVersionRoutingHandler channelRead
INFO: Detected non-HTTP/2 connection.
Nov 06, 2025 11:26:22 AM com.google.cloud.datastore.emulator.impl.context.EmulatorAuthorization warnAboutSecuredJwt
WARNING: expected an unsecured JWT, the emulator does not validate JWTs and IS NOT SECURE
Nov 06, 2025 11:26:22 AM io.gapi.emulators.netty.HttpVersionRoutingHandler channelRead
INFO: Detected non-HTTP/2 connection.
Nov 06, 2025 11:26:22 AM io.gapi.emulators.netty.HttpVersionRoutingHandler channelRead
INFO: Detected non-HTTP/2 connection.
Nov 06, 2025 11:26:22 AM io.gapi.emulators.netty.HttpVersionRoutingHandler channelRead
INFO: Detected non-HTTP/2 connection.
Nov 06, 2025 11:26:23 AM io.gapi.emulators.netty.HttpVersionRoutingHandler channelRead
INFO: Detected non-HTTP/2 connection.
Nov 06, 2025 11:26:23 AM com.google.cloud.datastore.emulator.impl.context.EmulatorAuthorization warnAboutSecuredJwt
WARNING: expected an unsecured JWT, the emulator does not validate JWTs and IS NOT SECURE
Nov 06, 2025 11:26:23 AM io.gapi.emulators.netty.HttpVersionRoutingHandler channelRead
INFO: Detected non-HTTP/2 connection.
Nov 06, 2025 11:26:23 AM io.gapi.emulators.netty.HttpVersionRoutingHandler channelRead
INFO: Detected non-HTTP/2 connection.
Nov 06, 2025 11:26:23 AM io.gapi.emulators.netty.HttpVersionRoutingHandler channelRead
INFO: Detected non-HTTP/2 connection.
Nov 06, 2025 11:26:23 AM io.gapi.emulators.netty.HttpVersionRoutingHandler channelRead
INFO: Detected non-HTTP/2 connection.
Nov 06, 2025 11:26:23 AM com.google.cloud.datastore.emulator.impl.context.EmulatorAuthorization warnAboutSecuredJwt
WARNING: expected an unsecured JWT, the emulator does not validate JWTs and IS NOT SECURE
Nov 06, 2025 11:26:23 AM io.gapi.emulators.netty.HttpVersionRoutingHandler channelRead
INFO: Detected non-HTTP/2 connection.
Nov 06, 2025 11:26:23 AM io.gapi.emulators.netty.HttpVersionRoutingHandler channelRead
INFO: Detected non-HTTP/2 connection.
Nov 06, 2025 11:26:23 AM io.gapi.emulators.netty.HttpVersionRoutingHandler channelRead
INFO: Detected non-HTTP/2 connection.
Nov 06, 2025 11:26:23 AM io.gapi.emulators.netty.HttpVersionRoutingHandler channelRead
INFO: Detected non-HTTP/2 connection.
Nov 06, 2025 11:26:23 AM com.google.cloud.datastore.emulator.impl.context.EmulatorAuthorization warnAboutSecuredJwt
WARNING: expected an unsecured JWT, the emulator does not validate JWTs and IS NOT SECURE
Nov 06, 2025 11:26:23 AM io.gapi.emulators.netty.HttpVersionRoutingHandler channelRead
INFO: Detected non-HTTP/2 connection.
Nov 06, 2025 11:26:23 AM io.gapi.emulators.netty.HttpVersionRoutingHandler channelRead
INFO: Detected non-HTTP/2 connection.
Nov 06, 2025 11:26:23 AM io.gapi.emulators.netty.HttpVersionRoutingHandler channelRead
INFO: Detected non-HTTP/2 connection.
Nov 06, 2025 11:26:24 AM io.gapi.emulators.netty.HttpVersionRoutingHandler channelRead
INFO: Detected non-HTTP/2 connection.
Nov 06, 2025 11:26:24 AM com.google.cloud.datastore.emulator.impl.context.EmulatorAuthorization warnAboutSecuredJwt
WARNING: expected an unsecured JWT, the emulator does not validate JWTs and IS NOT SECURE
Nov 06, 2025 11:26:24 AM io.gapi.emulators.netty.HttpVersionRoutingHandler channelRead
INFO: Detected non-HTTP/2 connection.
Nov 06, 2025 11:26:24 AM io.gapi.emulators.netty.HttpVersionRoutingHandler channelRead
INFO: Detected non-HTTP/2 connection.
Nov 06, 2025 11:26:24 AM io.gapi.emulators.netty.HttpVersionRoutingHandler channelRead
INFO: Detected non-HTTP/2 connection.
Nov 06, 2025 11:26:24 AM io.gapi.emulators.netty.HttpVersionRoutingHandler channelRead
INFO: Detected non-HTTP/2 connection.
Nov 06, 2025 11:26:24 AM com.google.cloud.datastore.emulator.impl.context.EmulatorAuthorization warnAboutSecuredJwt
WARNING: expected an unsecured JWT, the emulator does not validate JWTs and IS NOT SECURE
Nov 06, 2025 11:26:24 AM io.gapi.emulators.netty.HttpVersionRoutingHandler channelRead
INFO: Detected non-HTTP/2 connection.
Nov 06, 2025 11:26:24 AM io.gapi.emulators.netty.HttpVersionRoutingHandler channelRead
INFO: Detected non-HTTP/2 connection.
Nov 06, 2025 11:26:24 AM io.gapi.emulators.netty.HttpVersionRoutingHandler channelRead
INFO: Detected non-HTTP/2 connection.
Nov 06, 2025 11:26:25 AM io.gapi.emulators.netty.HttpVersionRoutingHandler channelRead
INFO: Detected non-HTTP/2 connection.
Nov 06, 2025 11:26:25 AM com.google.cloud.datastore.emulator.impl.context.EmulatorAuthorization warnAboutSecuredJwt
WARNING: expected an unsecured JWT, the emulator does not validate JWTs and IS NOT SECURE
Nov 06, 2025 11:26:25 AM io.gapi.emulators.netty.HttpVersionRoutingHandler channelRead
INFO: Detected non-HTTP/2 connection.
Nov 06, 2025 11:26:25 AM io.gapi.emulators.netty.HttpVersionRoutingHandler channelRead
INFO: Detected non-HTTP/2 connection.
Nov 06, 2025 11:26:25 AM io.gapi.emulators.netty.HttpVersionRoutingHandler channelRead
INFO: Detected non-HTTP/2 connection.
Nov 06, 2025 11:26:25 AM io.gapi.emulators.netty.HttpVersionRoutingHandler channelRead
INFO: Detected non-HTTP/2 connection.
Nov 06, 2025 11:26:25 AM com.google.cloud.datastore.emulator.impl.context.EmulatorAuthorization warnAboutSecuredJwt
WARNING: expected an unsecured JWT, the emulator does not validate JWTs and IS NOT SECURE
Nov 06, 2025 11:26:25 AM io.gapi.emulators.netty.HttpVersionRoutingHandler channelRead
INFO: Detected non-HTTP/2 connection.
Nov 06, 2025 11:26:25 AM io.gapi.emulators.netty.HttpVersionRoutingHandler channelRead
INFO: Detected non-HTTP/2 connection.
Nov 06, 2025 11:26:25 AM io.gapi.emulators.netty.HttpVersionRoutingHandler channelRead
INFO: Detected non-HTTP/2 connection.
Nov 06, 2025 11:26:26 AM io.gapi.emulators.netty.HttpVersionRoutingHandler channelRead
INFO: Detected non-HTTP/2 connection.
Nov 06, 2025 11:26:26 AM com.google.cloud.datastore.emulator.impl.context.EmulatorAuthorization warnAboutSecuredJwt
WARNING: expected an unsecured JWT, the emulator does not validate JWTs and IS NOT SECURE
Nov 06, 2025 11:26:26 AM io.gapi.emulators.netty.HttpVersionRoutingHandler channelRead
INFO: Detected non-HTTP/2 connection.
Nov 06, 2025 11:26:26 AM io.gapi.emulators.netty.HttpVersionRoutingHandler channelRead
INFO: Detected non-HTTP/2 connection.
Nov 06, 2025 11:26:26 AM io.gapi.emulators.netty.HttpVersionRoutingHandler channelRead
INFO: Detected non-HTTP/2 connection.
Nov 06, 2025 11:26:26 AM io.gapi.emulators.netty.HttpVersionRoutingHandler channelRead
INFO: Detected non-HTTP/2 connection.
Nov 06, 2025 11:26:26 AM com.google.cloud.datastore.emulator.impl.context.EmulatorAuthorization warnAboutSecuredJwt
WARNING: expected an unsecured JWT, the emulator does not validate JWTs and IS NOT SECURE
Nov 06, 2025 11:26:26 AM io.gapi.emulators.netty.HttpVersionRoutingHandler channelRead
INFO: Detected non-HTTP/2 connection.
Nov 06, 2025 11:26:26 AM io.gapi.emulators.netty.HttpVersionRoutingHandler channelRead
INFO: Detected non-HTTP/2 connection.
Nov 06, 2025 11:26:26 AM io.gapi.emulators.netty.HttpVersionRoutingHandler channelRead
INFO: Detected non-HTTP/2 connection.
Nov 06, 2025 11:26:26 AM io.gapi.emulators.netty.HttpVersionRoutingHandler channelRead
INFO: Detected non-HTTP/2 connection.
Nov 06, 2025 11:26:26 AM com.google.cloud.datastore.emulator.impl.context.EmulatorAuthorization warnAboutSecuredJwt
WARNING: expected an unsecured JWT, the emulator does not validate JWTs and IS NOT SECURE
Nov 06, 2025 11:26:26 AM io.gapi.emulators.netty.HttpVersionRoutingHandler channelRead
INFO: Detected non-HTTP/2 connection.
Nov 06, 2025 11:26:26 AM io.gapi.emulators.netty.HttpVersionRoutingHandler channelRead
INFO: Detected non-HTTP/2 connection.
Nov 06, 2025 11:26:26 AM io.gapi.emulators.netty.HttpVersionRoutingHandler channelRead
INFO: Detected non-HTTP/2 connection.
Nov 06, 2025 11:26:27 AM io.gapi.emulators.netty.HttpVersionRoutingHandler channelRead
INFO: Detected non-HTTP/2 connection.
Nov 06, 2025 11:26:27 AM com.google.cloud.datastore.emulator.impl.context.EmulatorAuthorization warnAboutSecuredJwt
WARNING: expected an unsecured JWT, the emulator does not validate JWTs and IS NOT SECURE
Nov 06, 2025 11:26:27 AM io.gapi.emulators.netty.HttpVersionRoutingHandler channelRead
INFO: Detected non-HTTP/2 connection.
Nov 06, 2025 11:26:27 AM io.gapi.emulators.netty.HttpVersionRoutingHandler channelRead
INFO: Detected non-HTTP/2 connection.
Nov 06, 2025 11:26:27 AM io.gapi.emulators.netty.HttpVersionRoutingHandler channelRead
INFO: Detected non-HTTP/2 connection.
Nov 06, 2025 11:26:27 AM io.gapi.emulators.netty.HttpVersionRoutingHandler channelRead
INFO: Detected non-HTTP/2 connection.
Nov 06, 2025 11:26:27 AM com.google.cloud.datastore.emulator.impl.context.EmulatorAuthorization warnAboutSecuredJwt
WARNING: expected an unsecured JWT, the emulator does not validate JWTs and IS NOT SECURE
Nov 06, 2025 11:26:27 AM io.gapi.emulators.netty.HttpVersionRoutingHandler channelRead
INFO: Detected non-HTTP/2 connection.
Nov 06, 2025 11:26:27 AM io.gapi.emulators.netty.HttpVersionRoutingHandler channelRead
INFO: Detected non-HTTP/2 connection.
Nov 06, 2025 11:26:27 AM io.gapi.emulators.netty.HttpVersionRoutingHandler channelRead
INFO: Detected non-HTTP/2 connection.
Nov 06, 2025 11:26:28 AM io.gapi.emulators.netty.HttpVersionRoutingHandler channelRead
INFO: Detected non-HTTP/2 connection.
Nov 06, 2025 11:26:28 AM com.google.cloud.datastore.emulator.impl.context.EmulatorAuthorization warnAboutSecuredJwt
WARNING: expected an unsecured JWT, the emulator does not validate JWTs and IS NOT SECURE
Nov 06, 2025 11:26:28 AM io.gapi.emulators.netty.HttpVersionRoutingHandler channelRead
INFO: Detected non-HTTP/2 connection.
Nov 06, 2025 11:26:28 AM io.gapi.emulators.netty.HttpVersionRoutingHandler channelRead
INFO: Detected non-HTTP/2 connection.
Nov 06, 2025 11:26:28 AM io.gapi.emulators.netty.HttpVersionRoutingHandler channelRead
INFO: Detected non-HTTP/2 connection.
Nov 06, 2025 11:26:28 AM io.gapi.emulators.netty.HttpVersionRoutingHandler channelRead
INFO: Detected non-HTTP/2 connection.
Nov 06, 2025 11:26:28 AM com.google.cloud.datastore.emulator.impl.context.EmulatorAuthorization warnAboutSecuredJwt
WARNING: expected an unsecured JWT, the emulator does not validate JWTs and IS NOT SECURE
Nov 06, 2025 11:26:28 AM io.gapi.emulators.netty.HttpVersionRoutingHandler channelRead
INFO: Detected non-HTTP/2 connection.
Nov 06, 2025 11:26:28 AM io.gapi.emulators.netty.HttpVersionRoutingHandler channelRead
INFO: Detected non-HTTP/2 connection.
Nov 06, 2025 11:26:28 AM io.gapi.emulators.netty.HttpVersionRoutingHandler channelRead
INFO: Detected non-HTTP/2 connection.
Nov 06, 2025 11:26:29 AM io.gapi.emulators.netty.HttpVersionRoutingHandler channelRead
INFO: Detected non-HTTP/2 connection.
Nov 06, 2025 11:26:29 AM com.google.cloud.datastore.emulator.impl.context.EmulatorAuthorization warnAboutSecuredJwt
WARNING: expected an unsecured JWT, the emulator does not validate JWTs and IS NOT SECURE
Nov 06, 2025 11:26:29 AM io.gapi.emulators.netty.HttpVersionRoutingHandler channelRead
INFO: Detected non-HTTP/2 connection.
Nov 06, 2025 11:26:29 AM io.gapi.emulators.netty.HttpVersionRoutingHandler channelRead
INFO: Detected non-HTTP/2 connection.
Nov 06, 2025 11:26:29 AM io.gapi.emulators.netty.HttpVersionRoutingHandler channelRead
INFO: Detected non-HTTP/2 connection.
Nov 06, 2025 11:26:29 AM io.gapi.emulators.netty.HttpVersionRoutingHandler channelRead
INFO: Detected non-HTTP/2 connection.
Nov 06, 2025 11:26:29 AM com.google.cloud.datastore.emulator.impl.context.EmulatorAuthorization warnAboutSecuredJwt
WARNING: expected an unsecured JWT, the emulator does not validate JWTs and IS NOT SECURE
Nov 06, 2025 11:26:29 AM io.gapi.emulators.netty.HttpVersionRoutingHandler channelRead
INFO: Detected non-HTTP/2 connection.
Nov 06, 2025 11:26:29 AM io.gapi.emulators.netty.HttpVersionRoutingHandler channelRead
INFO: Detected non-HTTP/2 connection.
Nov 06, 2025 11:26:29 AM io.gapi.emulators.netty.HttpVersionRoutingHandler channelRead
INFO: Detected non-HTTP/2 connection.
Nov 06, 2025 11:26:30 AM io.gapi.emulators.netty.HttpVersionRoutingHandler channelRead
INFO: Detected non-HTTP/2 connection.
Nov 06, 2025 11:26:30 AM com.google.cloud.datastore.emulator.impl.context.EmulatorAuthorization warnAboutSecuredJwt
WARNING: expected an unsecured JWT, the emulator does not validate JWTs and IS NOT SECURE
Nov 06, 2025 11:26:30 AM io.gapi.emulators.netty.HttpVersionRoutingHandler channelRead
INFO: Detected non-HTTP/2 connection.
Nov 06, 2025 11:26:30 AM io.gapi.emulators.netty.HttpVersionRoutingHandler channelRead
INFO: Detected non-HTTP/2 connection.
Nov 06, 2025 11:26:30 AM io.gapi.emulators.netty.HttpVersionRoutingHandler channelRead
INFO: Detected non-HTTP/2 connection.
Nov 06, 2025 11:26:30 AM io.gapi.emulators.netty.HttpVersionRoutingHandler channelRead
INFO: Detected non-HTTP/2 connection.
Nov 06, 2025 11:26:30 AM com.google.cloud.datastore.emulator.impl.context.EmulatorAuthorization warnAboutSecuredJwt
WARNING: expected an unsecured JWT, the emulator does not validate JWTs and IS NOT SECURE
Nov 06, 2025 11:26:30 AM io.gapi.emulators.netty.HttpVersionRoutingHandler channelRead
INFO: Detected non-HTTP/2 connection.
Nov 06, 2025 11:26:30 AM io.gapi.emulators.netty.HttpVersionRoutingHandler channelRead
INFO: Detected non-HTTP/2 connection.
Nov 06, 2025 11:26:30 AM io.gapi.emulators.netty.HttpVersionRoutingHandler channelRead
INFO: Detected non-HTTP/2 connection.
Nov 06, 2025 11:26:31 AM io.gapi.emulators.netty.HttpVersionRoutingHandler channelRead
INFO: Detected non-HTTP/2 connection.
Nov 06, 2025 11:26:31 AM com.google.cloud.datastore.emulator.impl.context.EmulatorAuthorization warnAboutSecuredJwt
WARNING: expected an unsecured JWT, the emulator does not validate JWTs and IS NOT SECURE
Nov 06, 2025 11:26:31 AM io.gapi.emulators.netty.HttpVersionRoutingHandler channelRead
INFO: Detected non-HTTP/2 connection.
Nov 06, 2025 11:26:31 AM io.gapi.emulators.netty.HttpVersionRoutingHandler channelRead
INFO: Detected non-HTTP/2 connection.
Nov 06, 2025 11:26:31 AM io.gapi.emulators.netty.HttpVersionRoutingHandler channelRead
INFO: Detected non-HTTP/2 connection.
Nov 06, 2025 11:26:31 AM io.gapi.emulators.netty.HttpVersionRoutingHandler channelRead
INFO: Detected non-HTTP/2 connection.
Nov 06, 2025 11:26:31 AM com.google.cloud.datastore.emulator.impl.context.EmulatorAuthorization warnAboutSecuredJwt
WARNING: expected an unsecured JWT, the emulator does not validate JWTs and IS NOT SECURE
Nov 06, 2025 11:26:31 AM io.gapi.emulators.netty.HttpVersionRoutingHandler channelRead
INFO: Detected non-HTTP/2 connection.
Nov 06, 2025 11:26:31 AM io.gapi.emulators.netty.HttpVersionRoutingHandler channelRead
INFO: Detected non-HTTP/2 connection.
Nov 06, 2025 11:26:31 AM io.gapi.emulators.netty.HttpVersionRoutingHandler channelRead
INFO: Detected non-HTTP/2 connection.
Nov 06, 2025 11:26:31 AM io.gapi.emulators.netty.HttpVersionRoutingHandler channelRead
INFO: Detected non-HTTP/2 connection.
Nov 06, 2025 11:26:31 AM com.google.cloud.datastore.emulator.impl.context.EmulatorAuthorization warnAboutSecuredJwt
WARNING: expected an unsecured JWT, the emulator does not validate JWTs and IS NOT SECURE
Nov 06, 2025 11:26:31 AM io.gapi.emulators.netty.HttpVersionRoutingHandler channelRead
INFO: Detected non-HTTP/2 connection.
Nov 06, 2025 11:26:31 AM io.gapi.emulators.netty.HttpVersionRoutingHandler channelRead
INFO: Detected non-HTTP/2 connection.
Nov 06, 2025 11:26:31 AM io.gapi.emulators.netty.HttpVersionRoutingHandler channelRead
INFO: Detected non-HTTP/2 connection.
Nov 06, 2025 11:26:32 AM io.gapi.emulators.netty.HttpVersionRoutingHandler channelRead
INFO: Detected non-HTTP/2 connection.
Nov 06, 2025 11:26:32 AM com.google.cloud.datastore.emulator.impl.context.EmulatorAuthorization warnAboutSecuredJwt
WARNING: expected an unsecured JWT, the emulator does not validate JWTs and IS NOT SECURE
Nov 06, 2025 11:26:32 AM io.gapi.emulators.netty.HttpVersionRoutingHandler channelRead
INFO: Detected non-HTTP/2 connection.
Nov 06, 2025 11:26:32 AM io.gapi.emulators.netty.HttpVersionRoutingHandler channelRead
INFO: Detected non-HTTP/2 connection.
Nov 06, 2025 11:26:32 AM io.gapi.emulators.netty.HttpVersionRoutingHandler channelRead
INFO: Detected non-HTTP/2 connection.
Nov 06, 2025 11:26:32 AM io.gapi.emulators.netty.HttpVersionRoutingHandler channelRead
INFO: Detected non-HTTP/2 connection.
Nov 06, 2025 11:26:32 AM com.google.cloud.datastore.emulator.impl.context.EmulatorAuthorization warnAboutSecuredJwt
WARNING: expected an unsecured JWT, the emulator does not validate JWTs and IS NOT SECURE
Nov 06, 2025 11:26:32 AM io.gapi.emulators.netty.HttpVersionRoutingHandler channelRead
INFO: Detected non-HTTP/2 connection.
Nov 06, 2025 11:26:32 AM io.gapi.emulators.netty.HttpVersionRoutingHandler channelRead
INFO: Detected non-HTTP/2 connection.
Nov 06, 2025 11:26:32 AM io.gapi.emulators.netty.HttpVersionRoutingHandler channelRead
INFO: Detected non-HTTP/2 connection.
Nov 06, 2025 11:26:33 AM io.gapi.emulators.netty.HttpVersionRoutingHandler channelRead
INFO: Detected non-HTTP/2 connection.
Nov 06, 2025 11:26:33 AM com.google.cloud.datastore.emulator.impl.context.EmulatorAuthorization warnAboutSecuredJwt
WARNING: expected an unsecured JWT, the emulator does not validate JWTs and IS NOT SECURE
Nov 06, 2025 11:26:33 AM io.gapi.emulators.netty.HttpVersionRoutingHandler channelRead
INFO: Detected non-HTTP/2 connection.
Nov 06, 2025 11:26:33 AM io.gapi.emulators.netty.HttpVersionRoutingHandler channelRead
INFO: Detected non-HTTP/2 connection.
Nov 06, 2025 11:26:33 AM io.gapi.emulators.netty.HttpVersionRoutingHandler channelRead
INFO: Detected non-HTTP/2 connection.
Nov 06, 2025 11:26:33 AM io.gapi.emulators.netty.HttpVersionRoutingHandler channelRead
INFO: Detected non-HTTP/2 connection.
Nov 06, 2025 11:26:33 AM com.google.cloud.datastore.emulator.impl.context.EmulatorAuthorization warnAboutSecuredJwt
WARNING: expected an unsecured JWT, the emulator does not validate JWTs and IS NOT SECURE
Nov 06, 2025 11:26:33 AM io.gapi.emulators.netty.HttpVersionRoutingHandler channelRead
INFO: Detected non-HTTP/2 connection.
Nov 06, 2025 11:26:33 AM io.gapi.emulators.netty.HttpVersionRoutingHandler channelRead
INFO: Detected non-HTTP/2 connection.
Nov 06, 2025 11:26:33 AM io.gapi.emulators.netty.HttpVersionRoutingHandler channelRead
INFO: Detected non-HTTP/2 connection.
Nov 06, 2025 11:26:34 AM io.gapi.emulators.netty.HttpVersionRoutingHandler channelRead
INFO: Detected non-HTTP/2 connection.
Nov 06, 2025 11:26:34 AM com.google.cloud.datastore.emulator.impl.context.EmulatorAuthorization warnAboutSecuredJwt
WARNING: expected an unsecured JWT, the emulator does not validate JWTs and IS NOT SECURE
Nov 06, 2025 11:26:34 AM io.gapi.emulators.netty.HttpVersionRoutingHandler channelRead
INFO: Detected non-HTTP/2 connection.
Nov 06, 2025 11:26:34 AM io.gapi.emulators.netty.HttpVersionRoutingHandler channelRead
INFO: Detected non-HTTP/2 connection.
Nov 06, 2025 11:26:34 AM io.gapi.emulators.netty.HttpVersionRoutingHandler channelRead
INFO: Detected non-HTTP/2 connection.
Nov 06, 2025 11:26:34 AM io.gapi.emulators.netty.HttpVersionRoutingHandler channelRead
INFO: Detected non-HTTP/2 connection.
Nov 06, 2025 11:26:34 AM com.google.cloud.datastore.emulator.impl.context.EmulatorAuthorization warnAboutSecuredJwt
WARNING: expected an unsecured JWT, the emulator does not validate JWTs and IS NOT SECURE
Nov 06, 2025 11:26:34 AM io.gapi.emulators.netty.HttpVersionRoutingHandler channelRead
INFO: Detected non-HTTP/2 connection.
Nov 06, 2025 11:26:34 AM io.gapi.emulators.netty.HttpVersionRoutingHandler channelRead
INFO: Detected non-HTTP/2 connection.
Nov 06, 2025 11:26:34 AM io.gapi.emulators.netty.HttpVersionRoutingHandler channelRead
INFO: Detected non-HTTP/2 connection.
Nov 06, 2025 11:26:35 AM io.gapi.emulators.netty.HttpVersionRoutingHandler channelRead
INFO: Detected non-HTTP/2 connection.
Nov 06, 2025 11:26:35 AM com.google.cloud.datastore.emulator.impl.context.EmulatorAuthorization warnAboutSecuredJwt
WARNING: expected an unsecured JWT, the emulator does not validate JWTs and IS NOT SECURE
Nov 06, 2025 11:26:35 AM io.gapi.emulators.netty.HttpVersionRoutingHandler channelRead
INFO: Detected non-HTTP/2 connection.
Nov 06, 2025 11:26:35 AM io.gapi.emulators.netty.HttpVersionRoutingHandler channelRead
INFO: Detected non-HTTP/2 connection.
Nov 06, 2025 11:26:35 AM io.gapi.emulators.netty.HttpVersionRoutingHandler channelRead
INFO: Detected non-HTTP/2 connection.
Nov 06, 2025 11:26:35 AM io.gapi.emulators.netty.HttpVersionRoutingHandler channelRead
INFO: Detected non-HTTP/2 connection.
Nov 06, 2025 11:26:35 AM com.google.cloud.datastore.emulator.impl.context.EmulatorAuthorization warnAboutSecuredJwt
WARNING: expected an unsecured JWT, the emulator does not validate JWTs and IS NOT SECURE
Nov 06, 2025 11:26:35 AM io.gapi.emulators.netty.HttpVersionRoutingHandler channelRead
INFO: Detected non-HTTP/2 connection.
Nov 06, 2025 11:26:35 AM io.gapi.emulators.netty.HttpVersionRoutingHandler channelRead
INFO: Detected non-HTTP/2 connection.
Nov 06, 2025 11:26:35 AM io.gapi.emulators.netty.HttpVersionRoutingHandler channelRead
INFO: Detected non-HTTP/2 connection.
Nov 06, 2025 11:26:35 AM io.gapi.emulators.netty.HttpVersionRoutingHandler channelRead
INFO: Detected non-HTTP/2 connection.
Nov 06, 2025 11:26:35 AM com.google.cloud.datastore.emulator.impl.context.EmulatorAuthorization warnAboutSecuredJwt
WARNING: expected an unsecured JWT, the emulator does not validate JWTs and IS NOT SECURE
Nov 06, 2025 11:26:35 AM io.gapi.emulators.netty.HttpVersionRoutingHandler channelRead
INFO: Detected non-HTTP/2 connection.
Nov 06, 2025 11:26:35 AM io.gapi.emulators.netty.HttpVersionRoutingHandler channelRead
INFO: Detected non-HTTP/2 connection.
Nov 06, 2025 11:26:35 AM io.gapi.emulators.netty.HttpVersionRoutingHandler channelRead
INFO: Detected non-HTTP/2 connection.
Nov 06, 2025 11:26:36 AM io.gapi.emulators.netty.HttpVersionRoutingHandler channelRead
INFO: Detected non-HTTP/2 connection.
Nov 06, 2025 11:26:36 AM com.google.cloud.datastore.emulator.impl.context.EmulatorAuthorization warnAboutSecuredJwt
WARNING: expected an unsecured JWT, the emulator does not validate JWTs and IS NOT SECURE
Nov 06, 2025 11:26:36 AM io.gapi.emulators.netty.HttpVersionRoutingHandler channelRead
INFO: Detected non-HTTP/2 connection.
Nov 06, 2025 11:26:36 AM io.gapi.emulators.netty.HttpVersionRoutingHandler channelRead
INFO: Detected non-HTTP/2 connection.
Nov 06, 2025 11:26:36 AM io.gapi.emulators.netty.HttpVersionRoutingHandler channelRead
INFO: Detected non-HTTP/2 connection.
Nov 06, 2025 11:26:36 AM io.gapi.emulators.netty.HttpVersionRoutingHandler channelRead
INFO: Detected non-HTTP/2 connection.
Nov 06, 2025 11:26:36 AM com.google.cloud.datastore.emulator.impl.context.EmulatorAuthorization warnAboutSecuredJwt
WARNING: expected an unsecured JWT, the emulator does not validate JWTs and IS NOT SECURE
Nov 06, 2025 11:26:36 AM io.gapi.emulators.netty.HttpVersionRoutingHandler channelRead
INFO: Detected non-HTTP/2 connection.
Nov 06, 2025 11:26:36 AM io.gapi.emulators.netty.HttpVersionRoutingHandler channelRead
INFO: Detected non-HTTP/2 connection.
Nov 06, 2025 11:26:36 AM io.gapi.emulators.netty.HttpVersionRoutingHandler channelRead
INFO: Detected non-HTTP/2 connection.
Nov 06, 2025 11:26:37 AM io.gapi.emulators.netty.HttpVersionRoutingHandler channelRead
INFO: Detected non-HTTP/2 connection.
Nov 06, 2025 11:26:37 AM com.google.cloud.datastore.emulator.impl.context.EmulatorAuthorization warnAboutSecuredJwt
WARNING: expected an unsecured JWT, the emulator does not validate JWTs and IS NOT SECURE
Nov 06, 2025 11:26:37 AM io.gapi.emulators.netty.HttpVersionRoutingHandler channelRead
INFO: Detected non-HTTP/2 connection.
Nov 06, 2025 11:26:37 AM io.gapi.emulators.netty.HttpVersionRoutingHandler channelRead
INFO: Detected non-HTTP/2 connection.
Nov 06, 2025 11:26:37 AM io.gapi.emulators.netty.HttpVersionRoutingHandler channelRead
INFO: Detected non-HTTP/2 connection.
Nov 06, 2025 11:26:37 AM io.gapi.emulators.netty.HttpVersionRoutingHandler channelRead
INFO: Detected non-HTTP/2 connection.
Nov 06, 2025 11:26:37 AM com.google.cloud.datastore.emulator.impl.context.EmulatorAuthorization warnAboutSecuredJwt
WARNING: expected an unsecured JWT, the emulator does not validate JWTs and IS NOT SECURE
Nov 06, 2025 11:26:37 AM io.gapi.emulators.netty.HttpVersionRoutingHandler channelRead
INFO: Detected non-HTTP/2 connection.
Nov 06, 2025 11:26:37 AM io.gapi.emulators.netty.HttpVersionRoutingHandler channelRead
INFO: Detected non-HTTP/2 connection.
Nov 06, 2025 11:26:37 AM io.gapi.emulators.netty.HttpVersionRoutingHandler channelRead
INFO: Detected non-HTTP/2 connection.
Nov 06, 2025 11:26:38 AM io.gapi.emulators.netty.HttpVersionRoutingHandler channelRead
INFO: Detected non-HTTP/2 connection.
Nov 06, 2025 11:26:38 AM com.google.cloud.datastore.emulator.impl.context.EmulatorAuthorization warnAboutSecuredJwt
WARNING: expected an unsecured JWT, the emulator does not validate JWTs and IS NOT SECURE
Nov 06, 2025 11:26:38 AM io.gapi.emulators.netty.HttpVersionRoutingHandler channelRead
INFO: Detected non-HTTP/2 connection.
Nov 06, 2025 11:26:38 AM io.gapi.emulators.netty.HttpVersionRoutingHandler channelRead
INFO: Detected non-HTTP/2 connection.
Nov 06, 2025 11:26:38 AM io.gapi.emulators.netty.HttpVersionRoutingHandler channelRead
INFO: Detected non-HTTP/2 connection.
Nov 06, 2025 11:26:38 AM io.gapi.emulators.netty.HttpVersionRoutingHandler channelRead
INFO: Detected non-HTTP/2 connection.
Nov 06, 2025 11:26:38 AM com.google.cloud.datastore.emulator.impl.context.EmulatorAuthorization warnAboutSecuredJwt
WARNING: expected an unsecured JWT, the emulator does not validate JWTs and IS NOT SECURE
Nov 06, 2025 11:26:38 AM io.gapi.emulators.netty.HttpVersionRoutingHandler channelRead
INFO: Detected non-HTTP/2 connection.
Nov 06, 2025 11:26:38 AM io.gapi.emulators.netty.HttpVersionRoutingHandler channelRead
INFO: Detected non-HTTP/2 connection.
Nov 06, 2025 11:26:38 AM io.gapi.emulators.netty.HttpVersionRoutingHandler channelRead
INFO: Detected non-HTTP/2 connection.
Nov 06, 2025 11:26:38 AM io.gapi.emulators.netty.HttpVersionRoutingHandler channelRead
INFO: Detected non-HTTP/2 connection.
Nov 06, 2025 11:26:38 AM com.google.cloud.datastore.emulator.impl.context.EmulatorAuthorization warnAboutSecuredJwt
WARNING: expected an unsecured JWT, the emulator does not validate JWTs and IS NOT SECURE
Nov 06, 2025 11:26:38 AM io.gapi.emulators.netty.HttpVersionRoutingHandler channelRead
INFO: Detected non-HTTP/2 connection.
Nov 06, 2025 11:26:38 AM io.gapi.emulators.netty.HttpVersionRoutingHandler channelRead
INFO: Detected non-HTTP/2 connection.
Nov 06, 2025 11:26:38 AM io.gapi.emulators.netty.HttpVersionRoutingHandler channelRead
INFO: Detected non-HTTP/2 connection.
Nov 06, 2025 11:26:39 AM io.gapi.emulators.netty.HttpVersionRoutingHandler channelRead
INFO: Detected non-HTTP/2 connection.
Nov 06, 2025 11:26:39 AM com.google.cloud.datastore.emulator.impl.context.EmulatorAuthorization warnAboutSecuredJwt
WARNING: expected an unsecured JWT, the emulator does not validate JWTs and IS NOT SECURE
Nov 06, 2025 11:26:39 AM io.gapi.emulators.netty.HttpVersionRoutingHandler channelRead
INFO: Detected non-HTTP/2 connection.
Nov 06, 2025 11:26:39 AM io.gapi.emulators.netty.HttpVersionRoutingHandler channelRead
INFO: Detected non-HTTP/2 connection.
Nov 06, 2025 11:26:39 AM io.gapi.emulators.netty.HttpVersionRoutingHandler channelRead
INFO: Detected non-HTTP/2 connection.
Nov 06, 2025 11:26:39 AM io.gapi.emulators.netty.HttpVersionRoutingHandler channelRead
INFO: Detected non-HTTP/2 connection.
Nov 06, 2025 11:26:39 AM com.google.cloud.datastore.emulator.impl.context.EmulatorAuthorization warnAboutSecuredJwt
WARNING: expected an unsecured JWT, the emulator does not validate JWTs and IS NOT SECURE
Nov 06, 2025 11:26:39 AM io.gapi.emulators.netty.HttpVersionRoutingHandler channelRead
INFO: Detected non-HTTP/2 connection.
Nov 06, 2025 11:26:39 AM io.gapi.emulators.netty.HttpVersionRoutingHandler channelRead
INFO: Detected non-HTTP/2 connection.
Nov 06, 2025 11:26:39 AM io.gapi.emulators.netty.HttpVersionRoutingHandler channelRead
INFO: Detected non-HTTP/2 connection.
Nov 06, 2025 11:26:40 AM io.gapi.emulators.netty.HttpVersionRoutingHandler channelRead
INFO: Detected non-HTTP/2 connection.
Nov 06, 2025 11:26:40 AM com.google.cloud.datastore.emulator.impl.context.EmulatorAuthorization warnAboutSecuredJwt
WARNING: expected an unsecured JWT, the emulator does not validate JWTs and IS NOT SECURE
Nov 06, 2025 11:26:40 AM io.gapi.emulators.netty.HttpVersionRoutingHandler channelRead
INFO: Detected non-HTTP/2 connection.
Nov 06, 2025 11:26:40 AM io.gapi.emulators.netty.HttpVersionRoutingHandler channelRead
INFO: Detected non-HTTP/2 connection.
Nov 06, 2025 11:26:40 AM io.gapi.emulators.netty.HttpVersionRoutingHandler channelRead
INFO: Detected non-HTTP/2 connection.
Nov 06, 2025 11:26:40 AM io.gapi.emulators.netty.HttpVersionRoutingHandler channelRead
INFO: Detected non-HTTP/2 connection.
Nov 06, 2025 11:26:40 AM com.google.cloud.datastore.emulator.impl.context.EmulatorAuthorization warnAboutSecuredJwt
WARNING: expected an unsecured JWT, the emulator does not validate JWTs and IS NOT SECURE
Nov 06, 2025 11:26:40 AM io.gapi.emulators.netty.HttpVersionRoutingHandler channelRead
INFO: Detected non-HTTP/2 connection.
Nov 06, 2025 11:26:40 AM io.gapi.emulators.netty.HttpVersionRoutingHandler channelRead
INFO: Detected non-HTTP/2 connection.
Nov 06, 2025 11:26:40 AM io.gapi.emulators.netty.HttpVersionRoutingHandler channelRead
INFO: Detected non-HTTP/2 connection.
Nov 06, 2025 11:26:41 AM io.gapi.emulators.netty.HttpVersionRoutingHandler channelRead
INFO: Detected non-HTTP/2 connection.
Nov 06, 2025 11:26:41 AM com.google.cloud.datastore.emulator.impl.context.EmulatorAuthorization warnAboutSecuredJwt
WARNING: expected an unsecured JWT, the emulator does not validate JWTs and IS NOT SECURE
Nov 06, 2025 11:26:41 AM io.gapi.emulators.netty.HttpVersionRoutingHandler channelRead
INFO: Detected non-HTTP/2 connection.
Nov 06, 2025 11:26:41 AM io.gapi.emulators.netty.HttpVersionRoutingHandler channelRead
INFO: Detected non-HTTP/2 connection.
Nov 06, 2025 11:26:41 AM io.gapi.emulators.netty.HttpVersionRoutingHandler channelRead
INFO: Detected non-HTTP/2 connection.
Nov 06, 2025 11:26:41 AM io.gapi.emulators.netty.HttpVersionRoutingHandler channelRead
INFO: Detected non-HTTP/2 connection.
Nov 06, 2025 11:26:41 AM com.google.cloud.datastore.emulator.impl.context.EmulatorAuthorization warnAboutSecuredJwt
WARNING: expected an unsecured JWT, the emulator does not validate JWTs and IS NOT SECURE
Nov 06, 2025 11:26:41 AM io.gapi.emulators.netty.HttpVersionRoutingHandler channelRead
INFO: Detected non-HTTP/2 connection.
Nov 06, 2025 11:26:41 AM io.gapi.emulators.netty.HttpVersionRoutingHandler channelRead
INFO: Detected non-HTTP/2 connection.
Nov 06, 2025 11:26:41 AM io.gapi.emulators.netty.HttpVersionRoutingHandler channelRead
INFO: Detected non-HTTP/2 connection.
Nov 06, 2025 11:26:42 AM io.gapi.emulators.netty.HttpVersionRoutingHandler channelRead
INFO: Detected non-HTTP/2 connection.
Nov 06, 2025 11:26:42 AM com.google.cloud.datastore.emulator.impl.context.EmulatorAuthorization warnAboutSecuredJwt
WARNING: expected an unsecured JWT, the emulator does not validate JWTs and IS NOT SECURE
Nov 06, 2025 11:26:42 AM io.gapi.emulators.netty.HttpVersionRoutingHandler channelRead
INFO: Detected non-HTTP/2 connection.
Nov 06, 2025 11:26:42 AM io.gapi.emulators.netty.HttpVersionRoutingHandler channelRead
INFO: Detected non-HTTP/2 connection.
Nov 06, 2025 11:26:42 AM io.gapi.emulators.netty.HttpVersionRoutingHandler channelRead
INFO: Detected non-HTTP/2 connection.
Nov 06, 2025 11:26:42 AM io.gapi.emulators.netty.HttpVersionRoutingHandler channelRead
INFO: Detected non-HTTP/2 connection.
Nov 06, 2025 11:26:42 AM com.google.cloud.datastore.emulator.impl.context.EmulatorAuthorization warnAboutSecuredJwt
WARNING: expected an unsecured JWT, the emulator does not validate JWTs and IS NOT SECURE
Nov 06, 2025 11:26:42 AM io.gapi.emulators.netty.HttpVersionRoutingHandler channelRead
INFO: Detected non-HTTP/2 connection.
Nov 06, 2025 11:26:42 AM io.gapi.emulators.netty.HttpVersionRoutingHandler channelRead
INFO: Detected non-HTTP/2 connection.
Nov 06, 2025 11:26:42 AM io.gapi.emulators.netty.HttpVersionRoutingHandler channelRead
INFO: Detected non-HTTP/2 connection.
Nov 06, 2025 11:26:43 AM io.gapi.emulators.netty.HttpVersionRoutingHandler channelRead
INFO: Detected non-HTTP/2 connection.
Nov 06, 2025 11:26:43 AM com.google.cloud.datastore.emulator.impl.context.EmulatorAuthorization warnAboutSecuredJwt
WARNING: expected an unsecured JWT, the emulator does not validate JWTs and IS NOT SECURE
Nov 06, 2025 11:26:43 AM io.gapi.emulators.netty.HttpVersionRoutingHandler channelRead
INFO: Detected non-HTTP/2 connection.
Nov 06, 2025 11:26:43 AM io.gapi.emulators.netty.HttpVersionRoutingHandler channelRead
INFO: Detected non-HTTP/2 connection.
Nov 06, 2025 11:26:43 AM io.gapi.emulators.netty.HttpVersionRoutingHandler channelRead
INFO: Detected non-HTTP/2 connection.
Nov 06, 2025 11:26:43 AM io.gapi.emulators.netty.HttpVersionRoutingHandler channelRead
INFO: Detected non-HTTP/2 connection.
Nov 06, 2025 11:26:43 AM com.google.cloud.datastore.emulator.impl.context.EmulatorAuthorization warnAboutSecuredJwt
WARNING: expected an unsecured JWT, the emulator does not validate JWTs and IS NOT SECURE
Nov 06, 2025 11:26:43 AM io.gapi.emulators.netty.HttpVersionRoutingHandler channelRead
INFO: Detected non-HTTP/2 connection.
Nov 06, 2025 11:26:43 AM io.gapi.emulators.netty.HttpVersionRoutingHandler channelRead
INFO: Detected non-HTTP/2 connection.
Nov 06, 2025 11:26:43 AM io.gapi.emulators.netty.HttpVersionRoutingHandler channelRead
INFO: Detected non-HTTP/2 connection.
Nov 06, 2025 11:26:44 AM io.gapi.emulators.netty.HttpVersionRoutingHandler channelRead
INFO: Detected non-HTTP/2 connection.
Nov 06, 2025 11:26:44 AM com.google.cloud.datastore.emulator.impl.context.EmulatorAuthorization warnAboutSecuredJwt
WARNING: expected an unsecured JWT, the emulator does not validate JWTs and IS NOT SECURE
Nov 06, 2025 11:26:44 AM io.gapi.emulators.netty.HttpVersionRoutingHandler channelRead
INFO: Detected non-HTTP/2 connection.
Nov 06, 2025 11:26:44 AM io.gapi.emulators.netty.HttpVersionRoutingHandler channelRead
INFO: Detected non-HTTP/2 connection.
Nov 06, 2025 11:26:44 AM io.gapi.emulators.netty.HttpVersionRoutingHandler channelRead
INFO: Detected non-HTTP/2 connection.
Nov 06, 2025 11:26:44 AM io.gapi.emulators.netty.HttpVersionRoutingHandler channelRead
INFO: Detected non-HTTP/2 connection.
Nov 06, 2025 11:26:44 AM com.google.cloud.datastore.emulator.impl.context.EmulatorAuthorization warnAboutSecuredJwt
WARNING: expected an unsecured JWT, the emulator does not validate JWTs and IS NOT SECURE
Nov 06, 2025 11:26:44 AM io.gapi.emulators.netty.HttpVersionRoutingHandler channelRead
INFO: Detected non-HTTP/2 connection.
Nov 06, 2025 11:26:44 AM io.gapi.emulators.netty.HttpVersionRoutingHandler channelRead
INFO: Detected non-HTTP/2 connection.
Nov 06, 2025 11:26:44 AM io.gapi.emulators.netty.HttpVersionRoutingHandler channelRead
INFO: Detected non-HTTP/2 connection.
Nov 06, 2025 11:26:44 AM io.gapi.emulators.netty.HttpVersionRoutingHandler channelRead
INFO: Detected non-HTTP/2 connection.
Nov 06, 2025 11:26:44 AM com.google.cloud.datastore.emulator.impl.context.EmulatorAuthorization warnAboutSecuredJwt
WARNING: expected an unsecured JWT, the emulator does not validate JWTs and IS NOT SECURE
Nov 06, 2025 11:26:44 AM io.gapi.emulators.netty.HttpVersionRoutingHandler channelRead
INFO: Detected non-HTTP/2 connection.
Nov 06, 2025 11:26:44 AM io.gapi.emulators.netty.HttpVersionRoutingHandler channelRead
INFO: Detected non-HTTP/2 connection.
Nov 06, 2025 11:26:44 AM io.gapi.emulators.netty.HttpVersionRoutingHandler channelRead
INFO: Detected non-HTTP/2 connection.
Nov 06, 2025 11:26:45 AM io.gapi.emulators.netty.HttpVersionRoutingHandler channelRead
INFO: Detected non-HTTP/2 connection.
Nov 06, 2025 11:26:45 AM com.google.cloud.datastore.emulator.impl.context.EmulatorAuthorization warnAboutSecuredJwt
WARNING: expected an unsecured JWT, the emulator does not validate JWTs and IS NOT SECURE
Nov 06, 2025 11:26:45 AM io.gapi.emulators.netty.HttpVersionRoutingHandler channelRead
INFO: Detected non-HTTP/2 connection.
Nov 06, 2025 11:26:45 AM io.gapi.emulators.netty.HttpVersionRoutingHandler channelRead
INFO: Detected non-HTTP/2 connection.
Nov 06, 2025 11:26:45 AM io.gapi.emulators.netty.HttpVersionRoutingHandler channelRead
INFO: Detected non-HTTP/2 connection.
Nov 06, 2025 11:26:45 AM io.gapi.emulators.netty.HttpVersionRoutingHandler channelRead
INFO: Detected non-HTTP/2 connection.
Nov 06, 2025 11:26:45 AM com.google.cloud.datastore.emulator.impl.context.EmulatorAuthorization warnAboutSecuredJwt
WARNING: expected an unsecured JWT, the emulator does not validate JWTs and IS NOT SECURE
Nov 06, 2025 11:26:45 AM io.gapi.emulators.netty.HttpVersionRoutingHandler channelRead
INFO: Detected non-HTTP/2 connection.
Nov 06, 2025 11:26:45 AM io.gapi.emulators.netty.HttpVersionRoutingHandler channelRead
INFO: Detected non-HTTP/2 connection.
Nov 06, 2025 11:26:45 AM io.gapi.emulators.netty.HttpVersionRoutingHandler channelRead
INFO: Detected non-HTTP/2 connection.
Nov 06, 2025 11:26:46 AM io.gapi.emulators.netty.HttpVersionRoutingHandler channelRead
INFO: Detected non-HTTP/2 connection.
Nov 06, 2025 11:26:46 AM com.google.cloud.datastore.emulator.impl.context.EmulatorAuthorization warnAboutSecuredJwt
WARNING: expected an unsecured JWT, the emulator does not validate JWTs and IS NOT SECURE
Nov 06, 2025 11:26:46 AM io.gapi.emulators.netty.HttpVersionRoutingHandler channelRead
INFO: Detected non-HTTP/2 connection.
Nov 06, 2025 11:26:46 AM io.gapi.emulators.netty.HttpVersionRoutingHandler channelRead
INFO: Detected non-HTTP/2 connection.
Nov 06, 2025 11:26:46 AM io.gapi.emulators.netty.HttpVersionRoutingHandler channelRead
INFO: Detected non-HTTP/2 connection.
Nov 06, 2025 11:26:46 AM io.gapi.emulators.netty.HttpVersionRoutingHandler channelRead
INFO: Detected non-HTTP/2 connection.
Nov 06, 2025 11:26:46 AM com.google.cloud.datastore.emulator.impl.context.EmulatorAuthorization warnAboutSecuredJwt
WARNING: expected an unsecured JWT, the emulator does not validate JWTs and IS NOT SECURE
Nov 06, 2025 11:26:46 AM io.gapi.emulators.netty.HttpVersionRoutingHandler channelRead
INFO: Detected non-HTTP/2 connection.
Nov 06, 2025 11:26:46 AM io.gapi.emulators.netty.HttpVersionRoutingHandler channelRead
INFO: Detected non-HTTP/2 connection.
Nov 06, 2025 11:26:46 AM io.gapi.emulators.netty.HttpVersionRoutingHandler channelRead
INFO: Detected non-HTTP/2 connection.
Nov 06, 2025 11:26:47 AM io.gapi.emulators.netty.HttpVersionRoutingHandler channelRead
INFO: Detected non-HTTP/2 connection.
Nov 06, 2025 11:26:47 AM com.google.cloud.datastore.emulator.impl.context.EmulatorAuthorization warnAboutSecuredJwt
WARNING: expected an unsecured JWT, the emulator does not validate JWTs and IS NOT SECURE
Nov 06, 2025 11:26:47 AM io.gapi.emulators.netty.HttpVersionRoutingHandler channelRead
INFO: Detected non-HTTP/2 connection.
Nov 06, 2025 11:26:47 AM io.gapi.emulators.netty.HttpVersionRoutingHandler channelRead
INFO: Detected non-HTTP/2 connection.
Nov 06, 2025 11:26:47 AM io.gapi.emulators.netty.HttpVersionRoutingHandler channelRead
INFO: Detected non-HTTP/2 connection.
Nov 06, 2025 11:26:47 AM io.gapi.emulators.netty.HttpVersionRoutingHandler channelRead
INFO: Detected non-HTTP/2 connection.
Nov 06, 2025 11:26:47 AM com.google.cloud.datastore.emulator.impl.context.EmulatorAuthorization warnAboutSecuredJwt
WARNING: expected an unsecured JWT, the emulator does not validate JWTs and IS NOT SECURE
Nov 06, 2025 11:26:47 AM io.gapi.emulators.netty.HttpVersionRoutingHandler channelRead
INFO: Detected non-HTTP/2 connection.
Nov 06, 2025 11:26:47 AM io.gapi.emulators.netty.HttpVersionRoutingHandler channelRead
INFO: Detected non-HTTP/2 connection.
Nov 06, 2025 11:26:47 AM io.gapi.emulators.netty.HttpVersionRoutingHandler channelRead
INFO: Detected non-HTTP/2 connection.
Nov 06, 2025 11:26:47 AM io.gapi.emulators.netty.HttpVersionRoutingHandler channelRead
INFO: Detected non-HTTP/2 connection.
Nov 06, 2025 11:26:47 AM com.google.cloud.datastore.emulator.impl.context.EmulatorAuthorization warnAboutSecuredJwt
WARNING: expected an unsecured JWT, the emulator does not validate JWTs and IS NOT SECURE
Nov 06, 2025 11:26:47 AM io.gapi.emulators.netty.HttpVersionRoutingHandler channelRead
INFO: Detected non-HTTP/2 connection.
Nov 06, 2025 11:26:47 AM io.gapi.emulators.netty.HttpVersionRoutingHandler channelRead
INFO: Detected non-HTTP/2 connection.
Nov 06, 2025 11:26:47 AM io.gapi.emulators.netty.HttpVersionRoutingHandler channelRead
INFO: Detected non-HTTP/2 connection.
Nov 06, 2025 11:26:48 AM io.gapi.emulators.netty.HttpVersionRoutingHandler channelRead
INFO: Detected non-HTTP/2 connection.
Nov 06, 2025 11:26:48 AM com.google.cloud.datastore.emulator.impl.context.EmulatorAuthorization warnAboutSecuredJwt
WARNING: expected an unsecured JWT, the emulator does not validate JWTs and IS NOT SECURE
Nov 06, 2025 11:26:48 AM io.gapi.emulators.netty.HttpVersionRoutingHandler channelRead
INFO: Detected non-HTTP/2 connection.
Nov 06, 2025 11:26:48 AM io.gapi.emulators.netty.HttpVersionRoutingHandler channelRead
INFO: Detected non-HTTP/2 connection.
Nov 06, 2025 11:26:48 AM io.gapi.emulators.netty.HttpVersionRoutingHandler channelRead
INFO: Detected non-HTTP/2 connection.
Nov 06, 2025 11:26:48 AM io.gapi.emulators.netty.HttpVersionRoutingHandler channelRead
INFO: Detected non-HTTP/2 connection.
Nov 06, 2025 11:26:48 AM com.google.cloud.datastore.emulator.impl.context.EmulatorAuthorization warnAboutSecuredJwt
WARNING: expected an unsecured JWT, the emulator does not validate JWTs and IS NOT SECURE
Nov 06, 2025 11:26:48 AM io.gapi.emulators.netty.HttpVersionRoutingHandler channelRead
INFO: Detected non-HTTP/2 connection.
Nov 06, 2025 11:26:48 AM io.gapi.emulators.netty.HttpVersionRoutingHandler channelRead
INFO: Detected non-HTTP/2 connection.
Nov 06, 2025 11:26:48 AM io.gapi.emulators.netty.HttpVersionRoutingHandler channelRead
INFO: Detected non-HTTP/2 connection.
Nov 06, 2025 11:26:49 AM io.gapi.emulators.netty.HttpVersionRoutingHandler channelRead
INFO: Detected non-HTTP/2 connection.
Nov 06, 2025 11:26:49 AM com.google.cloud.datastore.emulator.impl.context.EmulatorAuthorization warnAboutSecuredJwt
WARNING: expected an unsecured JWT, the emulator does not validate JWTs and IS NOT SECURE
Nov 06, 2025 11:26:49 AM io.gapi.emulators.netty.HttpVersionRoutingHandler channelRead
INFO: Detected non-HTTP/2 connection.
Nov 06, 2025 11:26:49 AM io.gapi.emulators.netty.HttpVersionRoutingHandler channelRead
INFO: Detected non-HTTP/2 connection.
Nov 06, 2025 11:26:49 AM io.gapi.emulators.netty.HttpVersionRoutingHandler channelRead
INFO: Detected non-HTTP/2 connection.
Nov 06, 2025 11:26:49 AM io.gapi.emulators.netty.HttpVersionRoutingHandler channelRead
INFO: Detected non-HTTP/2 connection.
Nov 06, 2025 11:26:49 AM com.google.cloud.datastore.emulator.impl.context.EmulatorAuthorization warnAboutSecuredJwt
WARNING: expected an unsecured JWT, the emulator does not validate JWTs and IS NOT SECURE
Nov 06, 2025 11:26:49 AM io.gapi.emulators.netty.HttpVersionRoutingHandler channelRead
INFO: Detected non-HTTP/2 connection.
Nov 06, 2025 11:26:49 AM io.gapi.emulators.netty.HttpVersionRoutingHandler channelRead
INFO: Detected non-HTTP/2 connection.
Nov 06, 2025 11:26:49 AM io.gapi.emulators.netty.HttpVersionRoutingHandler channelRead
INFO: Detected non-HTTP/2 connection.
Nov 06, 2025 11:26:50 AM io.gapi.emulators.netty.HttpVersionRoutingHandler channelRead
INFO: Detected non-HTTP/2 connection.
Nov 06, 2025 11:26:50 AM com.google.cloud.datastore.emulator.impl.context.EmulatorAuthorization warnAboutSecuredJwt
WARNING: expected an unsecured JWT, the emulator does not validate JWTs and IS NOT SECURE
Nov 06, 2025 11:26:50 AM io.gapi.emulators.netty.HttpVersionRoutingHandler channelRead
INFO: Detected non-HTTP/2 connection.
Nov 06, 2025 11:26:50 AM io.gapi.emulators.netty.HttpVersionRoutingHandler channelRead
INFO: Detected non-HTTP/2 connection.
Nov 06, 2025 11:26:50 AM io.gapi.emulators.netty.HttpVersionRoutingHandler channelRead
INFO: Detected non-HTTP/2 connection.
Nov 06, 2025 11:26:50 AM io.gapi.emulators.netty.HttpVersionRoutingHandler channelRead
INFO: Detected non-HTTP/2 connection.
Nov 06, 2025 11:26:50 AM com.google.cloud.datastore.emulator.impl.context.EmulatorAuthorization warnAboutSecuredJwt
WARNING: expected an unsecured JWT, the emulator does not validate JWTs and IS NOT SECURE
Nov 06, 2025 11:26:50 AM io.gapi.emulators.netty.HttpVersionRoutingHandler channelRead
INFO: Detected non-HTTP/2 connection.
Nov 06, 2025 11:26:50 AM io.gapi.emulators.netty.HttpVersionRoutingHandler channelRead
INFO: Detected non-HTTP/2 connection.
Nov 06, 2025 11:26:50 AM io.gapi.emulators.netty.HttpVersionRoutingHandler channelRead
INFO: Detected non-HTTP/2 connection.
Nov 06, 2025 11:26:51 AM io.gapi.emulators.netty.HttpVersionRoutingHandler channelRead
INFO: Detected non-HTTP/2 connection.
Nov 06, 2025 11:26:51 AM com.google.cloud.datastore.emulator.impl.context.EmulatorAuthorization warnAboutSecuredJwt
WARNING: expected an unsecured JWT, the emulator does not validate JWTs and IS NOT SECURE
Nov 06, 2025 11:26:51 AM io.gapi.emulators.netty.HttpVersionRoutingHandler channelRead
INFO: Detected non-HTTP/2 connection.
Nov 06, 2025 11:26:51 AM io.gapi.emulators.netty.HttpVersionRoutingHandler channelRead
INFO: Detected non-HTTP/2 connection.
Nov 06, 2025 11:26:51 AM io.gapi.emulators.netty.HttpVersionRoutingHandler channelRead
INFO: Detected non-HTTP/2 connection.
Nov 06, 2025 11:26:51 AM io.gapi.emulators.netty.HttpVersionRoutingHandler channelRead
INFO: Detected non-HTTP/2 connection.
Nov 06, 2025 11:26:51 AM com.google.cloud.datastore.emulator.impl.context.EmulatorAuthorization warnAboutSecuredJwt
WARNING: expected an unsecured JWT, the emulator does not validate JWTs and IS NOT SECURE
Nov 06, 2025 11:26:51 AM io.gapi.emulators.netty.HttpVersionRoutingHandler channelRead
INFO: Detected non-HTTP/2 connection.
Nov 06, 2025 11:26:51 AM io.gapi.emulators.netty.HttpVersionRoutingHandler channelRead
INFO: Detected non-HTTP/2 connection.
Nov 06, 2025 11:26:51 AM io.gapi.emulators.netty.HttpVersionRoutingHandler channelRead
INFO: Detected non-HTTP/2 connection.
Nov 06, 2025 11:26:52 AM io.gapi.emulators.netty.HttpVersionRoutingHandler channelRead
INFO: Detected non-HTTP/2 connection.
Nov 06, 2025 11:26:52 AM com.google.cloud.datastore.emulator.impl.context.EmulatorAuthorization warnAboutSecuredJwt
WARNING: expected an unsecured JWT, the emulator does not validate JWTs and IS NOT SECURE
Nov 06, 2025 11:26:52 AM io.gapi.emulators.netty.HttpVersionRoutingHandler channelRead
INFO: Detected non-HTTP/2 connection.
Nov 06, 2025 11:26:52 AM io.gapi.emulators.netty.HttpVersionRoutingHandler channelRead
INFO: Detected non-HTTP/2 connection.
Nov 06, 2025 11:26:52 AM io.gapi.emulators.netty.HttpVersionRoutingHandler channelRead
INFO: Detected non-HTTP/2 connection.
Nov 06, 2025 11:26:52 AM io.gapi.emulators.netty.HttpVersionRoutingHandler channelRead
INFO: Detected non-HTTP/2 connection.
Nov 06, 2025 11:26:52 AM com.google.cloud.datastore.emulator.impl.context.EmulatorAuthorization warnAboutSecuredJwt
WARNING: expected an unsecured JWT, the emulator does not validate JWTs and IS NOT SECURE
Nov 06, 2025 11:26:52 AM io.gapi.emulators.netty.HttpVersionRoutingHandler channelRead
INFO: Detected non-HTTP/2 connection.
Nov 06, 2025 11:26:52 AM io.gapi.emulators.netty.HttpVersionRoutingHandler channelRead
INFO: Detected non-HTTP/2 connection.
Nov 06, 2025 11:26:52 AM io.gapi.emulators.netty.HttpVersionRoutingHandler channelRead
INFO: Detected non-HTTP/2 connection.
Nov 06, 2025 11:26:52 AM io.gapi.emulators.netty.HttpVersionRoutingHandler channelRead
INFO: Detected non-HTTP/2 connection.
Nov 06, 2025 11:26:52 AM com.google.cloud.datastore.emulator.impl.context.EmulatorAuthorization warnAboutSecuredJwt
WARNING: expected an unsecured JWT, the emulator does not validate JWTs and IS NOT SECURE
Nov 06, 2025 11:26:52 AM io.gapi.emulators.netty.HttpVersionRoutingHandler channelRead
INFO: Detected non-HTTP/2 connection.
Nov 06, 2025 11:26:52 AM io.gapi.emulators.netty.HttpVersionRoutingHandler channelRead
INFO: Detected non-HTTP/2 connection.
Nov 06, 2025 11:26:52 AM io.gapi.emulators.netty.HttpVersionRoutingHandler channelRead
INFO: Detected non-HTTP/2 connection.
Nov 06, 2025 11:26:53 AM io.gapi.emulators.netty.HttpVersionRoutingHandler channelRead
INFO: Detected non-HTTP/2 connection.
Nov 06, 2025 11:26:53 AM com.google.cloud.datastore.emulator.impl.context.EmulatorAuthorization warnAboutSecuredJwt
WARNING: expected an unsecured JWT, the emulator does not validate JWTs and IS NOT SECURE
Nov 06, 2025 11:26:53 AM io.gapi.emulators.netty.HttpVersionRoutingHandler channelRead
INFO: Detected non-HTTP/2 connection.
Nov 06, 2025 11:26:53 AM io.gapi.emulators.netty.HttpVersionRoutingHandler channelRead
INFO: Detected non-HTTP/2 connection.
Nov 06, 2025 11:26:53 AM io.gapi.emulators.netty.HttpVersionRoutingHandler channelRead
INFO: Detected non-HTTP/2 connection.
Nov 06, 2025 11:26:53 AM io.gapi.emulators.netty.HttpVersionRoutingHandler channelRead
INFO: Detected non-HTTP/2 connection.
Nov 06, 2025 11:26:53 AM com.google.cloud.datastore.emulator.impl.context.EmulatorAuthorization warnAboutSecuredJwt
WARNING: expected an unsecured JWT, the emulator does not validate JWTs and IS NOT SECURE
Nov 06, 2025 11:26:53 AM io.gapi.emulators.netty.HttpVersionRoutingHandler channelRead
INFO: Detected non-HTTP/2 connection.
Nov 06, 2025 11:26:53 AM io.gapi.emulators.netty.HttpVersionRoutingHandler channelRead
INFO: Detected non-HTTP/2 connection.
Nov 06, 2025 11:26:53 AM io.gapi.emulators.netty.HttpVersionRoutingHandler channelRead
INFO: Detected non-HTTP/2 connection.
Nov 06, 2025 11:26:54 AM io.gapi.emulators.netty.HttpVersionRoutingHandler channelRead
INFO: Detected non-HTTP/2 connection.
Nov 06, 2025 11:26:54 AM com.google.cloud.datastore.emulator.impl.context.EmulatorAuthorization warnAboutSecuredJwt
WARNING: expected an unsecured JWT, the emulator does not validate JWTs and IS NOT SECURE
Nov 06, 2025 11:26:54 AM io.gapi.emulators.netty.HttpVersionRoutingHandler channelRead
INFO: Detected non-HTTP/2 connection.
Nov 06, 2025 11:26:54 AM io.gapi.emulators.netty.HttpVersionRoutingHandler channelRead
INFO: Detected non-HTTP/2 connection.
Nov 06, 2025 11:26:54 AM io.gapi.emulators.netty.HttpVersionRoutingHandler channelRead
INFO: Detected non-HTTP/2 connection.
Nov 06, 2025 11:26:54 AM io.gapi.emulators.netty.HttpVersionRoutingHandler channelRead
INFO: Detected non-HTTP/2 connection.
Nov 06, 2025 11:26:54 AM com.google.cloud.datastore.emulator.impl.context.EmulatorAuthorization warnAboutSecuredJwt
WARNING: expected an unsecured JWT, the emulator does not validate JWTs and IS NOT SECURE
Nov 06, 2025 11:26:54 AM io.gapi.emulators.netty.HttpVersionRoutingHandler channelRead
INFO: Detected non-HTTP/2 connection.
Nov 06, 2025 11:26:54 AM io.gapi.emulators.netty.HttpVersionRoutingHandler channelRead
INFO: Detected non-HTTP/2 connection.
Nov 06, 2025 11:26:54 AM io.gapi.emulators.netty.HttpVersionRoutingHandler channelRead
INFO: Detected non-HTTP/2 connection.
Nov 06, 2025 11:26:54 AM io.gapi.emulators.netty.HttpVersionRoutingHandler channelRead
INFO: Detected non-HTTP/2 connection.
Nov 06, 2025 11:26:54 AM com.google.cloud.datastore.emulator.impl.context.EmulatorAuthorization warnAboutSecuredJwt
WARNING: expected an unsecured JWT, the emulator does not validate JWTs and IS NOT SECURE
Nov 06, 2025 11:26:54 AM io.gapi.emulators.netty.HttpVersionRoutingHandler channelRead
INFO: Detected non-HTTP/2 connection.
Nov 06, 2025 11:26:55 AM io.gapi.emulators.netty.HttpVersionRoutingHandler channelRead
INFO: Detected non-HTTP/2 connection.
Nov 06, 2025 11:26:55 AM io.gapi.emulators.netty.HttpVersionRoutingHandler channelRead
INFO: Detected non-HTTP/2 connection.
Nov 06, 2025 11:26:55 AM io.gapi.emulators.netty.HttpVersionRoutingHandler channelRead
INFO: Detected non-HTTP/2 connection.
Nov 06, 2025 11:26:55 AM com.google.cloud.datastore.emulator.impl.context.EmulatorAuthorization warnAboutSecuredJwt
WARNING: expected an unsecured JWT, the emulator does not validate JWTs and IS NOT SECURE
Nov 06, 2025 11:26:55 AM io.gapi.emulators.netty.HttpVersionRoutingHandler channelRead
INFO: Detected non-HTTP/2 connection.
Nov 06, 2025 11:26:55 AM io.gapi.emulators.netty.HttpVersionRoutingHandler channelRead
INFO: Detected non-HTTP/2 connection.
Nov 06, 2025 11:26:55 AM io.gapi.emulators.netty.HttpVersionRoutingHandler channelRead
INFO: Detected non-HTTP/2 connection.
Nov 06, 2025 11:26:55 AM io.gapi.emulators.netty.HttpVersionRoutingHandler channelRead
INFO: Detected non-HTTP/2 connection.
Nov 06, 2025 11:26:55 AM com.google.cloud.datastore.emulator.impl.context.EmulatorAuthorization warnAboutSecuredJwt
WARNING: expected an unsecured JWT, the emulator does not validate JWTs and IS NOT SECURE
Nov 06, 2025 11:26:55 AM io.gapi.emulators.netty.HttpVersionRoutingHandler channelRead
INFO: Detected non-HTTP/2 connection.
Nov 06, 2025 11:26:55 AM io.gapi.emulators.netty.HttpVersionRoutingHandler channelRead
INFO: Detected non-HTTP/2 connection.
Nov 06, 2025 11:26:55 AM io.gapi.emulators.netty.HttpVersionRoutingHandler channelRead
INFO: Detected non-HTTP/2 connection.
Nov 06, 2025 11:26:56 AM io.gapi.emulators.netty.HttpVersionRoutingHandler channelRead
INFO: Detected non-HTTP/2 connection.
Nov 06, 2025 11:26:56 AM com.google.cloud.datastore.emulator.impl.context.EmulatorAuthorization warnAboutSecuredJwt
WARNING: expected an unsecured JWT, the emulator does not validate JWTs and IS NOT SECURE
Nov 06, 2025 11:26:56 AM io.gapi.emulators.netty.HttpVersionRoutingHandler channelRead
INFO: Detected non-HTTP/2 connection.
Nov 06, 2025 11:26:56 AM io.gapi.emulators.netty.HttpVersionRoutingHandler channelRead
INFO: Detected non-HTTP/2 connection.
Nov 06, 2025 11:26:56 AM io.gapi.emulators.netty.HttpVersionRoutingHandler channelRead
INFO: Detected non-HTTP/2 connection.
Nov 06, 2025 11:26:56 AM io.gapi.emulators.netty.HttpVersionRoutingHandler channelRead
INFO: Detected non-HTTP/2 connection.
Nov 06, 2025 11:26:56 AM com.google.cloud.datastore.emulator.impl.context.EmulatorAuthorization warnAboutSecuredJwt
WARNING: expected an unsecured JWT, the emulator does not validate JWTs and IS NOT SECURE
Nov 06, 2025 11:26:56 AM io.gapi.emulators.netty.HttpVersionRoutingHandler channelRead
INFO: Detected non-HTTP/2 connection.
Nov 06, 2025 11:26:56 AM io.gapi.emulators.netty.HttpVersionRoutingHandler channelRead
INFO: Detected non-HTTP/2 connection.
Nov 06, 2025 11:26:56 AM io.gapi.emulators.netty.HttpVersionRoutingHandler channelRead
INFO: Detected non-HTTP/2 connection.
Nov 06, 2025 11:26:57 AM io.gapi.emulators.netty.HttpVersionRoutingHandler channelRead
INFO: Detected non-HTTP/2 connection.
Nov 06, 2025 11:26:57 AM com.google.cloud.datastore.emulator.impl.context.EmulatorAuthorization warnAboutSecuredJwt
WARNING: expected an unsecured JWT, the emulator does not validate JWTs and IS NOT SECURE
Nov 06, 2025 11:26:57 AM io.gapi.emulators.netty.HttpVersionRoutingHandler channelRead
INFO: Detected non-HTTP/2 connection.
Nov 06, 2025 11:26:57 AM io.gapi.emulators.netty.HttpVersionRoutingHandler channelRead
INFO: Detected non-HTTP/2 connection.
Nov 06, 2025 11:26:57 AM io.gapi.emulators.netty.HttpVersionRoutingHandler channelRead
INFO: Detected non-HTTP/2 connection.
Nov 06, 2025 11:26:57 AM io.gapi.emulators.netty.HttpVersionRoutingHandler channelRead
INFO: Detected non-HTTP/2 connection.
Nov 06, 2025 11:26:57 AM com.google.cloud.datastore.emulator.impl.context.EmulatorAuthorization warnAboutSecuredJwt
WARNING: expected an unsecured JWT, the emulator does not validate JWTs and IS NOT SECURE
Nov 06, 2025 11:26:57 AM io.gapi.emulators.netty.HttpVersionRoutingHandler channelRead
INFO: Detected non-HTTP/2 connection.
Nov 06, 2025 11:26:57 AM io.gapi.emulators.netty.HttpVersionRoutingHandler channelRead
INFO: Detected non-HTTP/2 connection.
Nov 06, 2025 11:26:57 AM io.gapi.emulators.netty.HttpVersionRoutingHandler channelRead
INFO: Detected non-HTTP/2 connection.
Nov 06, 2025 11:26:58 AM io.gapi.emulators.netty.HttpVersionRoutingHandler channelRead
INFO: Detected non-HTTP/2 connection.
Nov 06, 2025 11:26:58 AM com.google.cloud.datastore.emulator.impl.context.EmulatorAuthorization warnAboutSecuredJwt
WARNING: expected an unsecured JWT, the emulator does not validate JWTs and IS NOT SECURE
Nov 06, 2025 11:26:58 AM io.gapi.emulators.netty.HttpVersionRoutingHandler channelRead
INFO: Detected non-HTTP/2 connection.
Nov 06, 2025 11:26:58 AM io.gapi.emulators.netty.HttpVersionRoutingHandler channelRead
INFO: Detected non-HTTP/2 connection.
Nov 06, 2025 11:26:58 AM io.gapi.emulators.netty.HttpVersionRoutingHandler channelRead
INFO: Detected non-HTTP/2 connection.
Nov 06, 2025 11:26:58 AM io.gapi.emulators.netty.HttpVersionRoutingHandler channelRead
INFO: Detected non-HTTP/2 connection.
Nov 06, 2025 11:26:58 AM com.google.cloud.datastore.emulator.impl.context.EmulatorAuthorization warnAboutSecuredJwt
WARNING: expected an unsecured JWT, the emulator does not validate JWTs and IS NOT SECURE
Nov 06, 2025 11:26:58 AM io.gapi.emulators.netty.HttpVersionRoutingHandler channelRead
INFO: Detected non-HTTP/2 connection.
Nov 06, 2025 11:26:58 AM io.gapi.emulators.netty.HttpVersionRoutingHandler channelRead
INFO: Detected non-HTTP/2 connection.
Nov 06, 2025 11:26:58 AM io.gapi.emulators.netty.HttpVersionRoutingHandler channelRead
INFO: Detected non-HTTP/2 connection.
Nov 06, 2025 11:26:58 AM io.gapi.emulators.netty.HttpVersionRoutingHandler channelRead
INFO: Detected non-HTTP/2 connection.
Nov 06, 2025 11:26:58 AM com.google.cloud.datastore.emulator.impl.context.EmulatorAuthorization warnAboutSecuredJwt
WARNING: expected an unsecured JWT, the emulator does not validate JWTs and IS NOT SECURE
Nov 06, 2025 11:26:58 AM io.gapi.emulators.netty.HttpVersionRoutingHandler channelRead
INFO: Detected non-HTTP/2 connection.
Nov 06, 2025 11:26:58 AM io.gapi.emulators.netty.HttpVersionRoutingHandler channelRead
INFO: Detected non-HTTP/2 connection.
Nov 06, 2025 11:26:58 AM io.gapi.emulators.netty.HttpVersionRoutingHandler channelRead
INFO: Detected non-HTTP/2 connection.
Nov 06, 2025 11:26:59 AM io.gapi.emulators.netty.HttpVersionRoutingHandler channelRead
INFO: Detected non-HTTP/2 connection.
Nov 06, 2025 11:26:59 AM com.google.cloud.datastore.emulator.impl.context.EmulatorAuthorization warnAboutSecuredJwt
WARNING: expected an unsecured JWT, the emulator does not validate JWTs and IS NOT SECURE
Nov 06, 2025 11:26:59 AM io.gapi.emulators.netty.HttpVersionRoutingHandler channelRead
INFO: Detected non-HTTP/2 connection.
Nov 06, 2025 11:26:59 AM io.gapi.emulators.netty.HttpVersionRoutingHandler channelRead
INFO: Detected non-HTTP/2 connection.
Nov 06, 2025 11:26:59 AM io.gapi.emulators.netty.HttpVersionRoutingHandler channelRead
INFO: Detected non-HTTP/2 connection.
Nov 06, 2025 11:26:59 AM io.gapi.emulators.netty.HttpVersionRoutingHandler channelRead
INFO: Detected non-HTTP/2 connection.
Nov 06, 2025 11:26:59 AM com.google.cloud.datastore.emulator.impl.context.EmulatorAuthorization warnAboutSecuredJwt
WARNING: expected an unsecured JWT, the emulator does not validate JWTs and IS NOT SECURE
Nov 06, 2025 11:26:59 AM io.gapi.emulators.netty.HttpVersionRoutingHandler channelRead
INFO: Detected non-HTTP/2 connection.
Nov 06, 2025 11:26:59 AM io.gapi.emulators.netty.HttpVersionRoutingHandler channelRead
INFO: Detected non-HTTP/2 connection.
Nov 06, 2025 11:26:59 AM io.gapi.emulators.netty.HttpVersionRoutingHandler channelRead
INFO: Detected non-HTTP/2 connection.
Nov 06, 2025 11:27:00 AM io.gapi.emulators.netty.HttpVersionRoutingHandler channelRead
INFO: Detected non-HTTP/2 connection.
Nov 06, 2025 11:27:00 AM com.google.cloud.datastore.emulator.impl.context.EmulatorAuthorization warnAboutSecuredJwt
WARNING: expected an unsecured JWT, the emulator does not validate JWTs and IS NOT SECURE
Nov 06, 2025 11:27:00 AM io.gapi.emulators.netty.HttpVersionRoutingHandler channelRead
INFO: Detected non-HTTP/2 connection.
Nov 06, 2025 11:27:00 AM io.gapi.emulators.netty.HttpVersionRoutingHandler channelRead
INFO: Detected non-HTTP/2 connection.
Nov 06, 2025 11:27:00 AM io.gapi.emulators.netty.HttpVersionRoutingHandler channelRead
INFO: Detected non-HTTP/2 connection.
Nov 06, 2025 11:27:00 AM io.gapi.emulators.netty.HttpVersionRoutingHandler channelRead
INFO: Detected non-HTTP/2 connection.
Nov 06, 2025 11:27:00 AM com.google.cloud.datastore.emulator.impl.context.EmulatorAuthorization warnAboutSecuredJwt
WARNING: expected an unsecured JWT, the emulator does not validate JWTs and IS NOT SECURE
Nov 06, 2025 11:27:00 AM io.gapi.emulators.netty.HttpVersionRoutingHandler channelRead
INFO: Detected non-HTTP/2 connection.
Nov 06, 2025 11:27:00 AM io.gapi.emulators.netty.HttpVersionRoutingHandler channelRead
INFO: Detected non-HTTP/2 connection.
Nov 06, 2025 11:27:00 AM io.gapi.emulators.netty.HttpVersionRoutingHandler channelRead
INFO: Detected non-HTTP/2 connection.
Nov 06, 2025 11:27:01 AM io.gapi.emulators.netty.HttpVersionRoutingHandler channelRead
INFO: Detected non-HTTP/2 connection.
Nov 06, 2025 11:27:01 AM com.google.cloud.datastore.emulator.impl.context.EmulatorAuthorization warnAboutSecuredJwt
WARNING: expected an unsecured JWT, the emulator does not validate JWTs and IS NOT SECURE
Nov 06, 2025 11:27:01 AM io.gapi.emulators.netty.HttpVersionRoutingHandler channelRead
INFO: Detected non-HTTP/2 connection.
Nov 06, 2025 11:27:01 AM io.gapi.emulators.netty.HttpVersionRoutingHandler channelRead
INFO: Detected non-HTTP/2 connection.
Nov 06, 2025 11:27:01 AM io.gapi.emulators.netty.HttpVersionRoutingHandler channelRead
INFO: Detected non-HTTP/2 connection.
Nov 06, 2025 11:27:01 AM io.gapi.emulators.netty.HttpVersionRoutingHandler channelRead
INFO: Detected non-HTTP/2 connection.
Nov 06, 2025 11:27:01 AM com.google.cloud.datastore.emulator.impl.context.EmulatorAuthorization warnAboutSecuredJwt
WARNING: expected an unsecured JWT, the emulator does not validate JWTs and IS NOT SECURE
Nov 06, 2025 11:27:01 AM io.gapi.emulators.netty.HttpVersionRoutingHandler channelRead
INFO: Detected non-HTTP/2 connection.
Nov 06, 2025 11:27:01 AM io.gapi.emulators.netty.HttpVersionRoutingHandler channelRead
INFO: Detected non-HTTP/2 connection.
Nov 06, 2025 11:27:01 AM io.gapi.emulators.netty.HttpVersionRoutingHandler channelRead
INFO: Detected non-HTTP/2 connection.
Nov 06, 2025 11:27:01 AM io.gapi.emulators.netty.HttpVersionRoutingHandler channelRead
INFO: Detected non-HTTP/2 connection.
Nov 06, 2025 11:27:01 AM com.google.cloud.datastore.emulator.impl.context.EmulatorAuthorization warnAboutSecuredJwt
WARNING: expected an unsecured JWT, the emulator does not validate JWTs and IS NOT SECURE
Nov 06, 2025 11:27:01 AM io.gapi.emulators.netty.HttpVersionRoutingHandler channelRead
INFO: Detected non-HTTP/2 connection.
Nov 06, 2025 11:27:01 AM io.gapi.emulators.netty.HttpVersionRoutingHandler channelRead
INFO: Detected non-HTTP/2 connection.
Nov 06, 2025 11:27:01 AM io.gapi.emulators.netty.HttpVersionRoutingHandler channelRead
INFO: Detected non-HTTP/2 connection.
Nov 06, 2025 11:27:02 AM io.gapi.emulators.netty.HttpVersionRoutingHandler channelRead
INFO: Detected non-HTTP/2 connection.
Nov 06, 2025 11:27:02 AM com.google.cloud.datastore.emulator.impl.context.EmulatorAuthorization warnAboutSecuredJwt
WARNING: expected an unsecured JWT, the emulator does not validate JWTs and IS NOT SECURE
Nov 06, 2025 11:27:02 AM io.gapi.emulators.netty.HttpVersionRoutingHandler channelRead
INFO: Detected non-HTTP/2 connection.
Nov 06, 2025 11:27:02 AM io.gapi.emulators.netty.HttpVersionRoutingHandler channelRead
INFO: Detected non-HTTP/2 connection.
Nov 06, 2025 11:27:02 AM io.gapi.emulators.netty.HttpVersionRoutingHandler channelRead
INFO: Detected non-HTTP/2 connection.
Nov 06, 2025 11:27:02 AM io.gapi.emulators.netty.HttpVersionRoutingHandler channelRead
INFO: Detected non-HTTP/2 connection.
Nov 06, 2025 11:27:02 AM com.google.cloud.datastore.emulator.impl.context.EmulatorAuthorization warnAboutSecuredJwt
WARNING: expected an unsecured JWT, the emulator does not validate JWTs and IS NOT SECURE
Nov 06, 2025 11:27:02 AM io.gapi.emulators.netty.HttpVersionRoutingHandler channelRead
INFO: Detected non-HTTP/2 connection.
Nov 06, 2025 11:27:02 AM io.gapi.emulators.netty.HttpVersionRoutingHandler channelRead
INFO: Detected non-HTTP/2 connection.
Nov 06, 2025 11:27:02 AM io.gapi.emulators.netty.HttpVersionRoutingHandler channelRead
INFO: Detected non-HTTP/2 connection.
Nov 06, 2025 11:27:03 AM io.gapi.emulators.netty.HttpVersionRoutingHandler channelRead
INFO: Detected non-HTTP/2 connection.
Nov 06, 2025 11:27:03 AM com.google.cloud.datastore.emulator.impl.context.EmulatorAuthorization warnAboutSecuredJwt
WARNING: expected an unsecured JWT, the emulator does not validate JWTs and IS NOT SECURE
Nov 06, 2025 11:27:03 AM io.gapi.emulators.netty.HttpVersionRoutingHandler channelRead
INFO: Detected non-HTTP/2 connection.
Nov 06, 2025 11:27:03 AM io.gapi.emulators.netty.HttpVersionRoutingHandler channelRead
INFO: Detected non-HTTP/2 connection.
Nov 06, 2025 11:27:03 AM io.gapi.emulators.netty.HttpVersionRoutingHandler channelRead
INFO: Detected non-HTTP/2 connection.
Nov 06, 2025 11:27:03 AM io.gapi.emulators.netty.HttpVersionRoutingHandler channelRead
INFO: Detected non-HTTP/2 connection.
Nov 06, 2025 11:27:03 AM com.google.cloud.datastore.emulator.impl.context.EmulatorAuthorization warnAboutSecuredJwt
WARNING: expected an unsecured JWT, the emulator does not validate JWTs and IS NOT SECURE
Nov 06, 2025 11:27:03 AM io.gapi.emulators.netty.HttpVersionRoutingHandler channelRead
INFO: Detected non-HTTP/2 connection.
Nov 06, 2025 11:27:03 AM io.gapi.emulators.netty.HttpVersionRoutingHandler channelRead
INFO: Detected non-HTTP/2 connection.
Nov 06, 2025 11:27:03 AM io.gapi.emulators.netty.HttpVersionRoutingHandler channelRead
INFO: Detected non-HTTP/2 connection.
Nov 06, 2025 11:27:04 AM io.gapi.emulators.netty.HttpVersionRoutingHandler channelRead
INFO: Detected non-HTTP/2 connection.
Nov 06, 2025 11:27:04 AM com.google.cloud.datastore.emulator.impl.context.EmulatorAuthorization warnAboutSecuredJwt
WARNING: expected an unsecured JWT, the emulator does not validate JWTs and IS NOT SECURE
Nov 06, 2025 11:27:04 AM io.gapi.emulators.netty.HttpVersionRoutingHandler channelRead
INFO: Detected non-HTTP/2 connection.
Nov 06, 2025 11:27:04 AM io.gapi.emulators.netty.HttpVersionRoutingHandler channelRead
INFO: Detected non-HTTP/2 connection.
Nov 06, 2025 11:27:04 AM io.gapi.emulators.netty.HttpVersionRoutingHandler channelRead
INFO: Detected non-HTTP/2 connection.
Nov 06, 2025 11:27:04 AM io.gapi.emulators.netty.HttpVersionRoutingHandler channelRead
INFO: Detected non-HTTP/2 connection.
Nov 06, 2025 11:27:04 AM com.google.cloud.datastore.emulator.impl.context.EmulatorAuthorization warnAboutSecuredJwt
WARNING: expected an unsecured JWT, the emulator does not validate JWTs and IS NOT SECURE
Nov 06, 2025 11:27:04 AM io.gapi.emulators.netty.HttpVersionRoutingHandler channelRead
INFO: Detected non-HTTP/2 connection.
Nov 06, 2025 11:27:04 AM io.gapi.emulators.netty.HttpVersionRoutingHandler channelRead
INFO: Detected non-HTTP/2 connection.
Nov 06, 2025 11:27:04 AM io.gapi.emulators.netty.HttpVersionRoutingHandler channelRead
INFO: Detected non-HTTP/2 connection.
Nov 06, 2025 11:27:04 AM io.gapi.emulators.netty.HttpVersionRoutingHandler channelRead
INFO: Detected non-HTTP/2 connection.
Nov 06, 2025 11:27:04 AM com.google.cloud.datastore.emulator.impl.context.EmulatorAuthorization warnAboutSecuredJwt
WARNING: expected an unsecured JWT, the emulator does not validate JWTs and IS NOT SECURE
Nov 06, 2025 11:27:04 AM io.gapi.emulators.netty.HttpVersionRoutingHandler channelRead
INFO: Detected non-HTTP/2 connection.
Nov 06, 2025 11:27:04 AM io.gapi.emulators.netty.HttpVersionRoutingHandler channelRead
INFO: Detected non-HTTP/2 connection.
Nov 06, 2025 11:27:04 AM io.gapi.emulators.netty.HttpVersionRoutingHandler channelRead
INFO: Detected non-HTTP/2 connection.
Nov 06, 2025 11:27:05 AM io.gapi.emulators.netty.HttpVersionRoutingHandler channelRead
INFO: Detected non-HTTP/2 connection.
Nov 06, 2025 11:27:05 AM com.google.cloud.datastore.emulator.impl.context.EmulatorAuthorization warnAboutSecuredJwt
WARNING: expected an unsecured JWT, the emulator does not validate JWTs and IS NOT SECURE
Nov 06, 2025 11:27:05 AM io.gapi.emulators.netty.HttpVersionRoutingHandler channelRead
INFO: Detected non-HTTP/2 connection.
Nov 06, 2025 11:27:05 AM io.gapi.emulators.netty.HttpVersionRoutingHandler channelRead
INFO: Detected non-HTTP/2 connection.
Nov 06, 2025 11:27:05 AM io.gapi.emulators.netty.HttpVersionRoutingHandler channelRead
INFO: Detected non-HTTP/2 connection.
Nov 06, 2025 11:27:05 AM io.gapi.emulators.netty.HttpVersionRoutingHandler channelRead
INFO: Detected non-HTTP/2 connection.
Nov 06, 2025 11:27:05 AM com.google.cloud.datastore.emulator.impl.context.EmulatorAuthorization warnAboutSecuredJwt
WARNING: expected an unsecured JWT, the emulator does not validate JWTs and IS NOT SECURE
Nov 06, 2025 11:27:05 AM io.gapi.emulators.netty.HttpVersionRoutingHandler channelRead
INFO: Detected non-HTTP/2 connection.
Nov 06, 2025 11:27:05 AM io.gapi.emulators.netty.HttpVersionRoutingHandler channelRead
INFO: Detected non-HTTP/2 connection.
Nov 06, 2025 11:27:05 AM io.gapi.emulators.netty.HttpVersionRoutingHandler channelRead
INFO: Detected non-HTTP/2 connection.
Nov 06, 2025 11:27:06 AM io.gapi.emulators.netty.HttpVersionRoutingHandler channelRead
INFO: Detected non-HTTP/2 connection.
Nov 06, 2025 11:27:06 AM com.google.cloud.datastore.emulator.impl.context.EmulatorAuthorization warnAboutSecuredJwt
WARNING: expected an unsecured JWT, the emulator does not validate JWTs and IS NOT SECURE
Nov 06, 2025 11:27:06 AM io.gapi.emulators.netty.HttpVersionRoutingHandler channelRead
INFO: Detected non-HTTP/2 connection.
Nov 06, 2025 11:27:06 AM io.gapi.emulators.netty.HttpVersionRoutingHandler channelRead
INFO: Detected non-HTTP/2 connection.
Nov 06, 2025 11:27:06 AM io.gapi.emulators.netty.HttpVersionRoutingHandler channelRead
INFO: Detected non-HTTP/2 connection.
Nov 06, 2025 11:27:06 AM io.gapi.emulators.netty.HttpVersionRoutingHandler channelRead
INFO: Detected non-HTTP/2 connection.
Nov 06, 2025 11:27:06 AM com.google.cloud.datastore.emulator.impl.context.EmulatorAuthorization warnAboutSecuredJwt
WARNING: expected an unsecured JWT, the emulator does not validate JWTs and IS NOT SECURE
Nov 06, 2025 11:27:06 AM io.gapi.emulators.netty.HttpVersionRoutingHandler channelRead
INFO: Detected non-HTTP/2 connection.
Nov 06, 2025 11:27:06 AM io.gapi.emulators.netty.HttpVersionRoutingHandler channelRead
INFO: Detected non-HTTP/2 connection.
Nov 06, 2025 11:27:06 AM io.gapi.emulators.netty.HttpVersionRoutingHandler channelRead
INFO: Detected non-HTTP/2 connection.
Nov 06, 2025 11:27:07 AM io.gapi.emulators.netty.HttpVersionRoutingHandler channelRead
INFO: Detected non-HTTP/2 connection.
Nov 06, 2025 11:27:07 AM com.google.cloud.datastore.emulator.impl.context.EmulatorAuthorization warnAboutSecuredJwt
WARNING: expected an unsecured JWT, the emulator does not validate JWTs and IS NOT SECURE
Nov 06, 2025 11:27:07 AM io.gapi.emulators.netty.HttpVersionRoutingHandler channelRead
INFO: Detected non-HTTP/2 connection.
Nov 06, 2025 11:27:07 AM io.gapi.emulators.netty.HttpVersionRoutingHandler channelRead
INFO: Detected non-HTTP/2 connection.
Nov 06, 2025 11:27:07 AM io.gapi.emulators.netty.HttpVersionRoutingHandler channelRead
INFO: Detected non-HTTP/2 connection.
Nov 06, 2025 11:27:07 AM io.gapi.emulators.netty.HttpVersionRoutingHandler channelRead
INFO: Detected non-HTTP/2 connection.
Nov 06, 2025 11:27:07 AM com.google.cloud.datastore.emulator.impl.context.EmulatorAuthorization warnAboutSecuredJwt
WARNING: expected an unsecured JWT, the emulator does not validate JWTs and IS NOT SECURE
Nov 06, 2025 11:27:07 AM io.gapi.emulators.netty.HttpVersionRoutingHandler channelRead
INFO: Detected non-HTTP/2 connection.
Nov 06, 2025 11:27:07 AM io.gapi.emulators.netty.HttpVersionRoutingHandler channelRead
INFO: Detected non-HTTP/2 connection.
Nov 06, 2025 11:27:07 AM io.gapi.emulators.netty.HttpVersionRoutingHandler channelRead
INFO: Detected non-HTTP/2 connection.
Nov 06, 2025 11:27:08 AM io.gapi.emulators.netty.HttpVersionRoutingHandler channelRead
INFO: Detected non-HTTP/2 connection.
Nov 06, 2025 11:27:08 AM com.google.cloud.datastore.emulator.impl.context.EmulatorAuthorization warnAboutSecuredJwt
WARNING: expected an unsecured JWT, the emulator does not validate JWTs and IS NOT SECURE
Nov 06, 2025 11:27:08 AM io.gapi.emulators.netty.HttpVersionRoutingHandler channelRead
INFO: Detected non-HTTP/2 connection.
Nov 06, 2025 11:27:08 AM io.gapi.emulators.netty.HttpVersionRoutingHandler channelRead
INFO: Detected non-HTTP/2 connection.
Nov 06, 2025 11:27:08 AM io.gapi.emulators.netty.HttpVersionRoutingHandler channelRead
INFO: Detected non-HTTP/2 connection.
Nov 06, 2025 11:27:08 AM io.gapi.emulators.netty.HttpVersionRoutingHandler channelRead
INFO: Detected non-HTTP/2 connection.
Nov 06, 2025 11:27:08 AM com.google.cloud.datastore.emulator.impl.context.EmulatorAuthorization warnAboutSecuredJwt
WARNING: expected an unsecured JWT, the emulator does not validate JWTs and IS NOT SECURE
Nov 06, 2025 11:27:08 AM io.gapi.emulators.netty.HttpVersionRoutingHandler channelRead
INFO: Detected non-HTTP/2 connection.
Nov 06, 2025 11:27:08 AM io.gapi.emulators.netty.HttpVersionRoutingHandler channelRead
INFO: Detected non-HTTP/2 connection.
Nov 06, 2025 11:27:08 AM io.gapi.emulators.netty.HttpVersionRoutingHandler channelRead
INFO: Detected non-HTTP/2 connection.
Nov 06, 2025 11:27:09 AM io.gapi.emulators.netty.HttpVersionRoutingHandler channelRead
INFO: Detected non-HTTP/2 connection.
Nov 06, 2025 11:27:09 AM com.google.cloud.datastore.emulator.impl.context.EmulatorAuthorization warnAboutSecuredJwt
WARNING: expected an unsecured JWT, the emulator does not validate JWTs and IS NOT SECURE
Nov 06, 2025 11:27:09 AM io.gapi.emulators.netty.HttpVersionRoutingHandler channelRead
INFO: Detected non-HTTP/2 connection.
Nov 06, 2025 11:27:09 AM io.gapi.emulators.netty.HttpVersionRoutingHandler channelRead
INFO: Detected non-HTTP/2 connection.
Nov 06, 2025 11:27:09 AM io.gapi.emulators.netty.HttpVersionRoutingHandler channelRead
INFO: Detected non-HTTP/2 connection.
Nov 06, 2025 11:27:09 AM io.gapi.emulators.netty.HttpVersionRoutingHandler channelRead
INFO: Detected non-HTTP/2 connection.
Nov 06, 2025 11:27:09 AM com.google.cloud.datastore.emulator.impl.context.EmulatorAuthorization warnAboutSecuredJwt
WARNING: expected an unsecured JWT, the emulator does not validate JWTs and IS NOT SECURE
Nov 06, 2025 11:27:09 AM io.gapi.emulators.netty.HttpVersionRoutingHandler channelRead
INFO: Detected non-HTTP/2 connection.
Nov 06, 2025 11:27:09 AM io.gapi.emulators.netty.HttpVersionRoutingHandler channelRead
INFO: Detected non-HTTP/2 connection.
Nov 06, 2025 11:27:09 AM io.gapi.emulators.netty.HttpVersionRoutingHandler channelRead
INFO: Detected non-HTTP/2 connection.
Nov 06, 2025 11:27:09 AM io.gapi.emulators.netty.HttpVersionRoutingHandler channelRead
INFO: Detected non-HTTP/2 connection.
Nov 06, 2025 11:27:09 AM com.google.cloud.datastore.emulator.impl.context.EmulatorAuthorization warnAboutSecuredJwt
WARNING: expected an unsecured JWT, the emulator does not validate JWTs and IS NOT SECURE
Nov 06, 2025 11:27:09 AM io.gapi.emulators.netty.HttpVersionRoutingHandler channelRead
INFO: Detected non-HTTP/2 connection.
Nov 06, 2025 11:27:09 AM io.gapi.emulators.netty.HttpVersionRoutingHandler channelRead
INFO: Detected non-HTTP/2 connection.
Nov 06, 2025 11:27:09 AM io.gapi.emulators.netty.HttpVersionRoutingHandler channelRead
INFO: Detected non-HTTP/2 connection.
Nov 06, 2025 11:27:10 AM io.gapi.emulators.netty.HttpVersionRoutingHandler channelRead
INFO: Detected non-HTTP/2 connection.
Nov 06, 2025 11:27:10 AM com.google.cloud.datastore.emulator.impl.context.EmulatorAuthorization warnAboutSecuredJwt
WARNING: expected an unsecured JWT, the emulator does not validate JWTs and IS NOT SECURE
Nov 06, 2025 11:27:10 AM io.gapi.emulators.netty.HttpVersionRoutingHandler channelRead
INFO: Detected non-HTTP/2 connection.
Nov 06, 2025 11:27:10 AM io.gapi.emulators.netty.HttpVersionRoutingHandler channelRead
INFO: Detected non-HTTP/2 connection.
Nov 06, 2025 11:27:10 AM io.gapi.emulators.netty.HttpVersionRoutingHandler channelRead
INFO: Detected non-HTTP/2 connection.
Nov 06, 2025 11:27:10 AM io.gapi.emulators.netty.HttpVersionRoutingHandler channelRead
INFO: Detected non-HTTP/2 connection.
Nov 06, 2025 11:27:10 AM com.google.cloud.datastore.emulator.impl.context.EmulatorAuthorization warnAboutSecuredJwt
WARNING: expected an unsecured JWT, the emulator does not validate JWTs and IS NOT SECURE
Nov 06, 2025 11:27:10 AM io.gapi.emulators.netty.HttpVersionRoutingHandler channelRead
INFO: Detected non-HTTP/2 connection.
Nov 06, 2025 11:27:10 AM io.gapi.emulators.netty.HttpVersionRoutingHandler channelRead
INFO: Detected non-HTTP/2 connection.
Nov 06, 2025 11:27:10 AM io.gapi.emulators.netty.HttpVersionRoutingHandler channelRead
INFO: Detected non-HTTP/2 connection.
Nov 06, 2025 11:27:11 AM io.gapi.emulators.netty.HttpVersionRoutingHandler channelRead
INFO: Detected non-HTTP/2 connection.
Nov 06, 2025 11:27:11 AM com.google.cloud.datastore.emulator.impl.context.EmulatorAuthorization warnAboutSecuredJwt
WARNING: expected an unsecured JWT, the emulator does not validate JWTs and IS NOT SECURE
Nov 06, 2025 11:27:11 AM io.gapi.emulators.netty.HttpVersionRoutingHandler channelRead
INFO: Detected non-HTTP/2 connection.
Nov 06, 2025 11:27:11 AM io.gapi.emulators.netty.HttpVersionRoutingHandler channelRead
INFO: Detected non-HTTP/2 connection.
Nov 06, 2025 11:27:11 AM io.gapi.emulators.netty.HttpVersionRoutingHandler channelRead
INFO: Detected non-HTTP/2 connection.
Nov 06, 2025 11:27:11 AM io.gapi.emulators.netty.HttpVersionRoutingHandler channelRead
INFO: Detected non-HTTP/2 connection.
Nov 06, 2025 11:27:11 AM com.google.cloud.datastore.emulator.impl.context.EmulatorAuthorization warnAboutSecuredJwt
WARNING: expected an unsecured JWT, the emulator does not validate JWTs and IS NOT SECURE
Nov 06, 2025 11:27:11 AM io.gapi.emulators.netty.HttpVersionRoutingHandler channelRead
INFO: Detected non-HTTP/2 connection.
Nov 06, 2025 11:27:11 AM io.gapi.emulators.netty.HttpVersionRoutingHandler channelRead
INFO: Detected non-HTTP/2 connection.
Nov 06, 2025 11:27:11 AM io.gapi.emulators.netty.HttpVersionRoutingHandler channelRead
INFO: Detected non-HTTP/2 connection.
Nov 06, 2025 11:27:11 AM io.gapi.emulators.netty.HttpVersionRoutingHandler channelRead
INFO: Detected non-HTTP/2 connection.
Nov 06, 2025 11:27:11 AM com.google.cloud.datastore.emulator.impl.context.EmulatorAuthorization warnAboutSecuredJwt
WARNING: expected an unsecured JWT, the emulator does not validate JWTs and IS NOT SECURE
Nov 06, 2025 11:27:12 AM io.gapi.emulators.netty.HttpVersionRoutingHandler channelRead
INFO: Detected non-HTTP/2 connection.
Nov 06, 2025 11:27:12 AM io.gapi.emulators.netty.HttpVersionRoutingHandler channelRead
INFO: Detected non-HTTP/2 connection.
Nov 06, 2025 11:27:12 AM io.gapi.emulators.netty.HttpVersionRoutingHandler channelRead
INFO: Detected non-HTTP/2 connection.
Nov 06, 2025 11:27:12 AM io.gapi.emulators.netty.HttpVersionRoutingHandler channelRead
INFO: Detected non-HTTP/2 connection.
Nov 06, 2025 11:27:12 AM com.google.cloud.datastore.emulator.impl.context.EmulatorAuthorization warnAboutSecuredJwt
WARNING: expected an unsecured JWT, the emulator does not validate JWTs and IS NOT SECURE
Nov 06, 2025 11:27:12 AM io.gapi.emulators.netty.HttpVersionRoutingHandler channelRead
INFO: Detected non-HTTP/2 connection.
Nov 06, 2025 11:27:12 AM io.gapi.emulators.netty.HttpVersionRoutingHandler channelRead
INFO: Detected non-HTTP/2 connection.
Nov 06, 2025 11:27:12 AM io.gapi.emulators.netty.HttpVersionRoutingHandler channelRead
INFO: Detected non-HTTP/2 connection.
Nov 06, 2025 11:27:12 AM io.gapi.emulators.netty.HttpVersionRoutingHandler channelRead
INFO: Detected non-HTTP/2 connection.
Nov 06, 2025 11:27:12 AM com.google.cloud.datastore.emulator.impl.context.EmulatorAuthorization warnAboutSecuredJwt
WARNING: expected an unsecured JWT, the emulator does not validate JWTs and IS NOT SECURE
Nov 06, 2025 11:27:12 AM io.gapi.emulators.netty.HttpVersionRoutingHandler channelRead
INFO: Detected non-HTTP/2 connection.
Nov 06, 2025 11:27:12 AM io.gapi.emulators.netty.HttpVersionRoutingHandler channelRead
INFO: Detected non-HTTP/2 connection.
Nov 06, 2025 11:27:12 AM io.gapi.emulators.netty.HttpVersionRoutingHandler channelRead
INFO: Detected non-HTTP/2 connection.
Nov 06, 2025 11:27:13 AM io.gapi.emulators.netty.HttpVersionRoutingHandler channelRead
INFO: Detected non-HTTP/2 connection.
Nov 06, 2025 11:27:13 AM com.google.cloud.datastore.emulator.impl.context.EmulatorAuthorization warnAboutSecuredJwt
WARNING: expected an unsecured JWT, the emulator does not validate JWTs and IS NOT SECURE
Nov 06, 2025 11:27:13 AM io.gapi.emulators.netty.HttpVersionRoutingHandler channelRead
INFO: Detected non-HTTP/2 connection.
Nov 06, 2025 11:27:13 AM io.gapi.emulators.netty.HttpVersionRoutingHandler channelRead
INFO: Detected non-HTTP/2 connection.
Nov 06, 2025 11:27:13 AM io.gapi.emulators.netty.HttpVersionRoutingHandler channelRead
INFO: Detected non-HTTP/2 connection.
Nov 06, 2025 11:27:13 AM io.gapi.emulators.netty.HttpVersionRoutingHandler channelRead
INFO: Detected non-HTTP/2 connection.
Nov 06, 2025 11:27:13 AM com.google.cloud.datastore.emulator.impl.context.EmulatorAuthorization warnAboutSecuredJwt
WARNING: expected an unsecured JWT, the emulator does not validate JWTs and IS NOT SECURE
Nov 06, 2025 11:27:13 AM io.gapi.emulators.netty.HttpVersionRoutingHandler channelRead
INFO: Detected non-HTTP/2 connection.
Nov 06, 2025 11:27:13 AM io.gapi.emulators.netty.HttpVersionRoutingHandler channelRead
INFO: Detected non-HTTP/2 connection.
Nov 06, 2025 11:27:13 AM io.gapi.emulators.netty.HttpVersionRoutingHandler channelRead
INFO: Detected non-HTTP/2 connection.
Nov 06, 2025 11:27:14 AM io.gapi.emulators.netty.HttpVersionRoutingHandler channelRead
INFO: Detected non-HTTP/2 connection.
Nov 06, 2025 11:27:14 AM com.google.cloud.datastore.emulator.impl.context.EmulatorAuthorization warnAboutSecuredJwt
WARNING: expected an unsecured JWT, the emulator does not validate JWTs and IS NOT SECURE
Nov 06, 2025 11:27:14 AM io.gapi.emulators.netty.HttpVersionRoutingHandler channelRead
INFO: Detected non-HTTP/2 connection.
Nov 06, 2025 11:27:14 AM io.gapi.emulators.netty.HttpVersionRoutingHandler channelRead
INFO: Detected non-HTTP/2 connection.
Nov 06, 2025 11:27:14 AM io.gapi.emulators.netty.HttpVersionRoutingHandler channelRead
INFO: Detected non-HTTP/2 connection.
Nov 06, 2025 11:27:14 AM io.gapi.emulators.netty.HttpVersionRoutingHandler channelRead
INFO: Detected non-HTTP/2 connection.
Nov 06, 2025 11:27:14 AM com.google.cloud.datastore.emulator.impl.context.EmulatorAuthorization warnAboutSecuredJwt
WARNING: expected an unsecured JWT, the emulator does not validate JWTs and IS NOT SECURE
Nov 06, 2025 11:27:14 AM io.gapi.emulators.netty.HttpVersionRoutingHandler channelRead
INFO: Detected non-HTTP/2 connection.
Nov 06, 2025 11:27:14 AM io.gapi.emulators.netty.HttpVersionRoutingHandler channelRead
INFO: Detected non-HTTP/2 connection.
Nov 06, 2025 11:27:14 AM io.gapi.emulators.netty.HttpVersionRoutingHandler channelRead
INFO: Detected non-HTTP/2 connection.
Nov 06, 2025 11:27:14 AM io.gapi.emulators.netty.HttpVersionRoutingHandler channelRead
INFO: Detected non-HTTP/2 connection.
Nov 06, 2025 11:27:14 AM com.google.cloud.datastore.emulator.impl.context.EmulatorAuthorization warnAboutSecuredJwt
WARNING: expected an unsecured JWT, the emulator does not validate JWTs and IS NOT SECURE
Nov 06, 2025 11:27:14 AM io.gapi.emulators.netty.HttpVersionRoutingHandler channelRead
INFO: Detected non-HTTP/2 connection.
Nov 06, 2025 11:27:14 AM io.gapi.emulators.netty.HttpVersionRoutingHandler channelRead
INFO: Detected non-HTTP/2 connection.
Nov 06, 2025 11:27:14 AM io.gapi.emulators.netty.HttpVersionRoutingHandler channelRead
INFO: Detected non-HTTP/2 connection.
Nov 06, 2025 11:27:15 AM io.gapi.emulators.netty.HttpVersionRoutingHandler channelRead
INFO: Detected non-HTTP/2 connection.
Nov 06, 2025 11:27:15 AM com.google.cloud.datastore.emulator.impl.context.EmulatorAuthorization warnAboutSecuredJwt
WARNING: expected an unsecured JWT, the emulator does not validate JWTs and IS NOT SECURE
Nov 06, 2025 11:27:15 AM io.gapi.emulators.netty.HttpVersionRoutingHandler channelRead
INFO: Detected non-HTTP/2 connection.
Nov 06, 2025 11:27:15 AM io.gapi.emulators.netty.HttpVersionRoutingHandler channelRead
INFO: Detected non-HTTP/2 connection.
Nov 06, 2025 11:27:15 AM io.gapi.emulators.netty.HttpVersionRoutingHandler channelRead
INFO: Detected non-HTTP/2 connection.
Nov 06, 2025 11:27:15 AM io.gapi.emulators.netty.HttpVersionRoutingHandler channelRead
INFO: Detected non-HTTP/2 connection.
Nov 06, 2025 11:27:15 AM com.google.cloud.datastore.emulator.impl.context.EmulatorAuthorization warnAboutSecuredJwt
WARNING: expected an unsecured JWT, the emulator does not validate JWTs and IS NOT SECURE
Nov 06, 2025 11:27:15 AM io.gapi.emulators.netty.HttpVersionRoutingHandler channelRead
INFO: Detected non-HTTP/2 connection.
Nov 06, 2025 11:27:15 AM io.gapi.emulators.netty.HttpVersionRoutingHandler channelRead
INFO: Detected non-HTTP/2 connection.
Nov 06, 2025 11:27:15 AM io.gapi.emulators.netty.HttpVersionRoutingHandler channelRead
INFO: Detected non-HTTP/2 connection.
Nov 06, 2025 11:27:16 AM io.gapi.emulators.netty.HttpVersionRoutingHandler channelRead
INFO: Detected non-HTTP/2 connection.
Nov 06, 2025 11:27:16 AM com.google.cloud.datastore.emulator.impl.context.EmulatorAuthorization warnAboutSecuredJwt
WARNING: expected an unsecured JWT, the emulator does not validate JWTs and IS NOT SECURE
Nov 06, 2025 11:27:16 AM io.gapi.emulators.netty.HttpVersionRoutingHandler channelRead
INFO: Detected non-HTTP/2 connection.
Nov 06, 2025 11:27:16 AM io.gapi.emulators.netty.HttpVersionRoutingHandler channelRead
INFO: Detected non-HTTP/2 connection.
Nov 06, 2025 11:27:16 AM io.gapi.emulators.netty.HttpVersionRoutingHandler channelRead
INFO: Detected non-HTTP/2 connection.
Nov 06, 2025 11:27:16 AM io.gapi.emulators.netty.HttpVersionRoutingHandler channelRead
INFO: Detected non-HTTP/2 connection.
Nov 06, 2025 11:27:16 AM com.google.cloud.datastore.emulator.impl.context.EmulatorAuthorization warnAboutSecuredJwt
WARNING: expected an unsecured JWT, the emulator does not validate JWTs and IS NOT SECURE
Nov 06, 2025 11:27:16 AM io.gapi.emulators.netty.HttpVersionRoutingHandler channelRead
INFO: Detected non-HTTP/2 connection.
Nov 06, 2025 11:27:16 AM io.gapi.emulators.netty.HttpVersionRoutingHandler channelRead
INFO: Detected non-HTTP/2 connection.
Nov 06, 2025 11:27:16 AM io.gapi.emulators.netty.HttpVersionRoutingHandler channelRead
INFO: Detected non-HTTP/2 connection.
Nov 06, 2025 11:27:16 AM io.gapi.emulators.netty.HttpVersionRoutingHandler channelRead
INFO: Detected non-HTTP/2 connection.
Nov 06, 2025 11:27:16 AM com.google.cloud.datastore.emulator.impl.context.EmulatorAuthorization warnAboutSecuredJwt
WARNING: expected an unsecured JWT, the emulator does not validate JWTs and IS NOT SECURE
Nov 06, 2025 11:27:16 AM io.gapi.emulators.netty.HttpVersionRoutingHandler channelRead
INFO: Detected non-HTTP/2 connection.
Nov 06, 2025 11:27:16 AM io.gapi.emulators.netty.HttpVersionRoutingHandler channelRead
INFO: Detected non-HTTP/2 connection.
Nov 06, 2025 11:27:17 AM io.gapi.emulators.netty.HttpVersionRoutingHandler channelRead
INFO: Detected non-HTTP/2 connection.
Nov 06, 2025 11:27:17 AM io.gapi.emulators.netty.HttpVersionRoutingHandler channelRead
INFO: Detected non-HTTP/2 connection.
Nov 06, 2025 11:27:17 AM com.google.cloud.datastore.emulator.impl.context.EmulatorAuthorization warnAboutSecuredJwt
WARNING: expected an unsecured JWT, the emulator does not validate JWTs and IS NOT SECURE
Nov 06, 2025 11:27:17 AM io.gapi.emulators.netty.HttpVersionRoutingHandler channelRead
INFO: Detected non-HTTP/2 connection.
Nov 06, 2025 11:27:17 AM io.gapi.emulators.netty.HttpVersionRoutingHandler channelRead
INFO: Detected non-HTTP/2 connection.
Nov 06, 2025 11:27:17 AM io.gapi.emulators.netty.HttpVersionRoutingHandler channelRead
INFO: Detected non-HTTP/2 connection.
Nov 06, 2025 11:27:17 AM io.gapi.emulators.netty.HttpVersionRoutingHandler channelRead
INFO: Detected non-HTTP/2 connection.
Nov 06, 2025 11:27:17 AM com.google.cloud.datastore.emulator.impl.context.EmulatorAuthorization warnAboutSecuredJwt
WARNING: expected an unsecured JWT, the emulator does not validate JWTs and IS NOT SECURE
Nov 06, 2025 11:27:17 AM io.gapi.emulators.netty.HttpVersionRoutingHandler channelRead
INFO: Detected non-HTTP/2 connection.
Nov 06, 2025 11:27:17 AM io.gapi.emulators.netty.HttpVersionRoutingHandler channelRead
INFO: Detected non-HTTP/2 connection.
Nov 06, 2025 11:27:17 AM io.gapi.emulators.netty.HttpVersionRoutingHandler channelRead
INFO: Detected non-HTTP/2 connection.
Nov 06, 2025 11:27:18 AM io.gapi.emulators.netty.HttpVersionRoutingHandler channelRead
INFO: Detected non-HTTP/2 connection.
Nov 06, 2025 11:27:18 AM com.google.cloud.datastore.emulator.impl.context.EmulatorAuthorization warnAboutSecuredJwt
WARNING: expected an unsecured JWT, the emulator does not validate JWTs and IS NOT SECURE
Nov 06, 2025 11:27:18 AM io.gapi.emulators.netty.HttpVersionRoutingHandler channelRead
INFO: Detected non-HTTP/2 connection.
Nov 06, 2025 11:27:18 AM io.gapi.emulators.netty.HttpVersionRoutingHandler channelRead
INFO: Detected non-HTTP/2 connection.
Nov 06, 2025 11:27:18 AM io.gapi.emulators.netty.HttpVersionRoutingHandler channelRead
INFO: Detected non-HTTP/2 connection.
Nov 06, 2025 11:27:18 AM io.gapi.emulators.netty.HttpVersionRoutingHandler channelRead
INFO: Detected non-HTTP/2 connection.
Nov 06, 2025 11:27:18 AM com.google.cloud.datastore.emulator.impl.context.EmulatorAuthorization warnAboutSecuredJwt
WARNING: expected an unsecured JWT, the emulator does not validate JWTs and IS NOT SECURE
Nov 06, 2025 11:27:18 AM io.gapi.emulators.netty.HttpVersionRoutingHandler channelRead
INFO: Detected non-HTTP/2 connection.
Nov 06, 2025 11:27:18 AM io.gapi.emulators.netty.HttpVersionRoutingHandler channelRead
INFO: Detected non-HTTP/2 connection.
Nov 06, 2025 11:27:18 AM io.gapi.emulators.netty.HttpVersionRoutingHandler channelRead
INFO: Detected non-HTTP/2 connection.
Nov 06, 2025 11:27:19 AM io.gapi.emulators.netty.HttpVersionRoutingHandler channelRead
INFO: Detected non-HTTP/2 connection.
Nov 06, 2025 11:27:19 AM com.google.cloud.datastore.emulator.impl.context.EmulatorAuthorization warnAboutSecuredJwt
WARNING: expected an unsecured JWT, the emulator does not validate JWTs and IS NOT SECURE
Nov 06, 2025 11:27:19 AM io.gapi.emulators.netty.HttpVersionRoutingHandler channelRead
INFO: Detected non-HTTP/2 connection.
Nov 06, 2025 11:27:19 AM io.gapi.emulators.netty.HttpVersionRoutingHandler channelRead
INFO: Detected non-HTTP/2 connection.
Nov 06, 2025 11:27:19 AM io.gapi.emulators.netty.HttpVersionRoutingHandler channelRead
INFO: Detected non-HTTP/2 connection.
Nov 06, 2025 11:27:19 AM io.gapi.emulators.netty.HttpVersionRoutingHandler channelRead
INFO: Detected non-HTTP/2 connection.
Nov 06, 2025 11:27:19 AM com.google.cloud.datastore.emulator.impl.context.EmulatorAuthorization warnAboutSecuredJwt
WARNING: expected an unsecured JWT, the emulator does not validate JWTs and IS NOT SECURE
Nov 06, 2025 11:27:19 AM io.gapi.emulators.netty.HttpVersionRoutingHandler channelRead
INFO: Detected non-HTTP/2 connection.
Nov 06, 2025 11:27:19 AM io.gapi.emulators.netty.HttpVersionRoutingHandler channelRead
INFO: Detected non-HTTP/2 connection.
Nov 06, 2025 11:27:19 AM io.gapi.emulators.netty.HttpVersionRoutingHandler channelRead
INFO: Detected non-HTTP/2 connection.
Nov 06, 2025 11:27:20 AM io.gapi.emulators.netty.HttpVersionRoutingHandler channelRead
INFO: Detected non-HTTP/2 connection.
Nov 06, 2025 11:27:20 AM com.google.cloud.datastore.emulator.impl.context.EmulatorAuthorization warnAboutSecuredJwt
WARNING: expected an unsecured JWT, the emulator does not validate JWTs and IS NOT SECURE
Nov 06, 2025 11:27:20 AM io.gapi.emulators.netty.HttpVersionRoutingHandler channelRead
INFO: Detected non-HTTP/2 connection.
Nov 06, 2025 11:27:20 AM io.gapi.emulators.netty.HttpVersionRoutingHandler channelRead
INFO: Detected non-HTTP/2 connection.
Nov 06, 2025 11:27:20 AM io.gapi.emulators.netty.HttpVersionRoutingHandler channelRead
INFO: Detected non-HTTP/2 connection.
Nov 06, 2025 11:27:20 AM io.gapi.emulators.netty.HttpVersionRoutingHandler channelRead
INFO: Detected non-HTTP/2 connection.
Nov 06, 2025 11:27:20 AM com.google.cloud.datastore.emulator.impl.context.EmulatorAuthorization warnAboutSecuredJwt
WARNING: expected an unsecured JWT, the emulator does not validate JWTs and IS NOT SECURE
Nov 06, 2025 11:27:20 AM io.gapi.emulators.netty.HttpVersionRoutingHandler channelRead
INFO: Detected non-HTTP/2 connection.
Nov 06, 2025 11:27:20 AM io.gapi.emulators.netty.HttpVersionRoutingHandler channelRead
INFO: Detected non-HTTP/2 connection.
Nov 06, 2025 11:27:20 AM io.gapi.emulators.netty.HttpVersionRoutingHandler channelRead
INFO: Detected non-HTTP/2 connection.
Nov 06, 2025 11:27:21 AM io.gapi.emulators.netty.HttpVersionRoutingHandler channelRead
INFO: Detected non-HTTP/2 connection.
Nov 06, 2025 11:27:21 AM com.google.cloud.datastore.emulator.impl.context.EmulatorAuthorization warnAboutSecuredJwt
WARNING: expected an unsecured JWT, the emulator does not validate JWTs and IS NOT SECURE
Nov 06, 2025 11:27:21 AM io.gapi.emulators.netty.HttpVersionRoutingHandler channelRead
INFO: Detected non-HTTP/2 connection.
Nov 06, 2025 11:27:21 AM io.gapi.emulators.netty.HttpVersionRoutingHandler channelRead
INFO: Detected non-HTTP/2 connection.
Nov 06, 2025 11:27:21 AM io.gapi.emulators.netty.HttpVersionRoutingHandler channelRead
INFO: Detected non-HTTP/2 connection.
Nov 06, 2025 11:27:21 AM io.gapi.emulators.netty.HttpVersionRoutingHandler channelRead
INFO: Detected non-HTTP/2 connection.
Nov 06, 2025 11:27:21 AM com.google.cloud.datastore.emulator.impl.context.EmulatorAuthorization warnAboutSecuredJwt
WARNING: expected an unsecured JWT, the emulator does not validate JWTs and IS NOT SECURE
Nov 06, 2025 11:27:21 AM io.gapi.emulators.netty.HttpVersionRoutingHandler channelRead
INFO: Detected non-HTTP/2 connection.
Nov 06, 2025 11:27:21 AM io.gapi.emulators.netty.HttpVersionRoutingHandler channelRead
INFO: Detected non-HTTP/2 connection.
Nov 06, 2025 11:27:21 AM io.gapi.emulators.netty.HttpVersionRoutingHandler channelRead
INFO: Detected non-HTTP/2 connection.
Nov 06, 2025 11:27:22 AM io.gapi.emulators.netty.HttpVersionRoutingHandler channelRead
INFO: Detected non-HTTP/2 connection.
Nov 06, 2025 11:27:22 AM com.google.cloud.datastore.emulator.impl.context.EmulatorAuthorization warnAboutSecuredJwt
WARNING: expected an unsecured JWT, the emulator does not validate JWTs and IS NOT SECURE
Nov 06, 2025 11:27:22 AM io.gapi.emulators.netty.HttpVersionRoutingHandler channelRead
INFO: Detected non-HTTP/2 connection.
Nov 06, 2025 11:27:22 AM io.gapi.emulators.netty.HttpVersionRoutingHandler channelRead
INFO: Detected non-HTTP/2 connection.
Nov 06, 2025 11:27:22 AM io.gapi.emulators.netty.HttpVersionRoutingHandler channelRead
INFO: Detected non-HTTP/2 connection.
Nov 06, 2025 11:27:22 AM io.gapi.emulators.netty.HttpVersionRoutingHandler channelRead
INFO: Detected non-HTTP/2 connection.
Nov 06, 2025 11:27:22 AM com.google.cloud.datastore.emulator.impl.context.EmulatorAuthorization warnAboutSecuredJwt
WARNING: expected an unsecured JWT, the emulator does not validate JWTs and IS NOT SECURE
Nov 06, 2025 11:27:22 AM io.gapi.emulators.netty.HttpVersionRoutingHandler channelRead
INFO: Detected non-HTTP/2 connection.
Nov 06, 2025 11:27:22 AM io.gapi.emulators.netty.HttpVersionRoutingHandler channelRead
INFO: Detected non-HTTP/2 connection.
Nov 06, 2025 11:27:22 AM io.gapi.emulators.netty.HttpVersionRoutingHandler channelRead
INFO: Detected non-HTTP/2 connection.
Nov 06, 2025 11:27:23 AM io.gapi.emulators.netty.HttpVersionRoutingHandler channelRead
INFO: Detected non-HTTP/2 connection.
Nov 06, 2025 11:27:23 AM com.google.cloud.datastore.emulator.impl.context.EmulatorAuthorization warnAboutSecuredJwt
WARNING: expected an unsecured JWT, the emulator does not validate JWTs and IS NOT SECURE
Nov 06, 2025 11:27:23 AM io.gapi.emulators.netty.HttpVersionRoutingHandler channelRead
INFO: Detected non-HTTP/2 connection.
Nov 06, 2025 11:27:23 AM io.gapi.emulators.netty.HttpVersionRoutingHandler channelRead
INFO: Detected non-HTTP/2 connection.
Nov 06, 2025 11:27:23 AM io.gapi.emulators.netty.HttpVersionRoutingHandler channelRead
INFO: Detected non-HTTP/2 connection.
Nov 06, 2025 11:27:23 AM io.gapi.emulators.netty.HttpVersionRoutingHandler channelRead
INFO: Detected non-HTTP/2 connection.
Nov 06, 2025 11:27:23 AM com.google.cloud.datastore.emulator.impl.context.EmulatorAuthorization warnAboutSecuredJwt
WARNING: expected an unsecured JWT, the emulator does not validate JWTs and IS NOT SECURE
Nov 06, 2025 11:27:23 AM io.gapi.emulators.netty.HttpVersionRoutingHandler channelRead
INFO: Detected non-HTTP/2 connection.
Nov 06, 2025 11:27:23 AM io.gapi.emulators.netty.HttpVersionRoutingHandler channelRead
INFO: Detected non-HTTP/2 connection.
Nov 06, 2025 11:27:23 AM io.gapi.emulators.netty.HttpVersionRoutingHandler channelRead
INFO: Detected non-HTTP/2 connection.
Nov 06, 2025 11:27:23 AM io.gapi.emulators.netty.HttpVersionRoutingHandler channelRead
INFO: Detected non-HTTP/2 connection.
Nov 06, 2025 11:27:23 AM com.google.cloud.datastore.emulator.impl.context.EmulatorAuthorization warnAboutSecuredJwt
WARNING: expected an unsecured JWT, the emulator does not validate JWTs and IS NOT SECURE
Nov 06, 2025 11:27:23 AM io.gapi.emulators.netty.HttpVersionRoutingHandler channelRead
INFO: Detected non-HTTP/2 connection.
Nov 06, 2025 11:27:23 AM io.gapi.emulators.netty.HttpVersionRoutingHandler channelRead
INFO: Detected non-HTTP/2 connection.
Nov 06, 2025 11:27:23 AM io.gapi.emulators.netty.HttpVersionRoutingHandler channelRead
INFO: Detected non-HTTP/2 connection.
Nov 06, 2025 11:27:24 AM io.gapi.emulators.netty.HttpVersionRoutingHandler channelRead
INFO: Detected non-HTTP/2 connection.
Nov 06, 2025 11:27:24 AM com.google.cloud.datastore.emulator.impl.context.EmulatorAuthorization warnAboutSecuredJwt
WARNING: expected an unsecured JWT, the emulator does not validate JWTs and IS NOT SECURE
Nov 06, 2025 11:27:24 AM io.gapi.emulators.netty.HttpVersionRoutingHandler channelRead
INFO: Detected non-HTTP/2 connection.
Nov 06, 2025 11:27:24 AM io.gapi.emulators.netty.HttpVersionRoutingHandler channelRead
INFO: Detected non-HTTP/2 connection.
Nov 06, 2025 11:27:24 AM io.gapi.emulators.netty.HttpVersionRoutingHandler channelRead
INFO: Detected non-HTTP/2 connection.
Nov 06, 2025 11:27:24 AM io.gapi.emulators.netty.HttpVersionRoutingHandler channelRead
INFO: Detected non-HTTP/2 connection.
Nov 06, 2025 11:27:24 AM com.google.cloud.datastore.emulator.impl.context.EmulatorAuthorization warnAboutSecuredJwt
WARNING: expected an unsecured JWT, the emulator does not validate JWTs and IS NOT SECURE
Nov 06, 2025 11:27:24 AM io.gapi.emulators.netty.HttpVersionRoutingHandler channelRead
INFO: Detected non-HTTP/2 connection.
Nov 06, 2025 11:27:24 AM io.gapi.emulators.netty.HttpVersionRoutingHandler channelRead
INFO: Detected non-HTTP/2 connection.
Nov 06, 2025 11:27:24 AM io.gapi.emulators.netty.HttpVersionRoutingHandler channelRead
INFO: Detected non-HTTP/2 connection.
Nov 06, 2025 11:27:25 AM io.gapi.emulators.netty.HttpVersionRoutingHandler channelRead
INFO: Detected non-HTTP/2 connection.
Nov 06, 2025 11:27:25 AM com.google.cloud.datastore.emulator.impl.context.EmulatorAuthorization warnAboutSecuredJwt
WARNING: expected an unsecured JWT, the emulator does not validate JWTs and IS NOT SECURE
Nov 06, 2025 11:27:25 AM io.gapi.emulators.netty.HttpVersionRoutingHandler channelRead
INFO: Detected non-HTTP/2 connection.
Nov 06, 2025 11:27:25 AM io.gapi.emulators.netty.HttpVersionRoutingHandler channelRead
INFO: Detected non-HTTP/2 connection.
Nov 06, 2025 11:27:25 AM io.gapi.emulators.netty.HttpVersionRoutingHandler channelRead
INFO: Detected non-HTTP/2 connection.
Nov 06, 2025 11:27:25 AM io.gapi.emulators.netty.HttpVersionRoutingHandler channelRead
INFO: Detected non-HTTP/2 connection.
Nov 06, 2025 11:27:25 AM com.google.cloud.datastore.emulator.impl.context.EmulatorAuthorization warnAboutSecuredJwt
WARNING: expected an unsecured JWT, the emulator does not validate JWTs and IS NOT SECURE
Nov 06, 2025 11:27:25 AM io.gapi.emulators.netty.HttpVersionRoutingHandler channelRead
INFO: Detected non-HTTP/2 connection.
Nov 06, 2025 11:27:25 AM io.gapi.emulators.netty.HttpVersionRoutingHandler channelRead
INFO: Detected non-HTTP/2 connection.
Nov 06, 2025 11:27:25 AM io.gapi.emulators.netty.HttpVersionRoutingHandler channelRead
INFO: Detected non-HTTP/2 connection.
Nov 06, 2025 11:27:26 AM io.gapi.emulators.netty.HttpVersionRoutingHandler channelRead
INFO: Detected non-HTTP/2 connection.
Nov 06, 2025 11:27:26 AM com.google.cloud.datastore.emulator.impl.context.EmulatorAuthorization warnAboutSecuredJwt
WARNING: expected an unsecured JWT, the emulator does not validate JWTs and IS NOT SECURE
Nov 06, 2025 11:27:26 AM io.gapi.emulators.netty.HttpVersionRoutingHandler channelRead
INFO: Detected non-HTTP/2 connection.
Nov 06, 2025 11:27:26 AM io.gapi.emulators.netty.HttpVersionRoutingHandler channelRead
INFO: Detected non-HTTP/2 connection.
Nov 06, 2025 11:27:26 AM io.gapi.emulators.netty.HttpVersionRoutingHandler channelRead
INFO: Detected non-HTTP/2 connection.
Nov 06, 2025 11:27:26 AM io.gapi.emulators.netty.HttpVersionRoutingHandler channelRead
INFO: Detected non-HTTP/2 connection.
Nov 06, 2025 11:27:26 AM com.google.cloud.datastore.emulator.impl.context.EmulatorAuthorization warnAboutSecuredJwt
WARNING: expected an unsecured JWT, the emulator does not validate JWTs and IS NOT SECURE
Nov 06, 2025 11:27:26 AM io.gapi.emulators.netty.HttpVersionRoutingHandler channelRead
INFO: Detected non-HTTP/2 connection.
Nov 06, 2025 11:27:26 AM io.gapi.emulators.netty.HttpVersionRoutingHandler channelRead
INFO: Detected non-HTTP/2 connection.
Nov 06, 2025 11:27:26 AM io.gapi.emulators.netty.HttpVersionRoutingHandler channelRead
INFO: Detected non-HTTP/2 connection.
Nov 06, 2025 11:27:27 AM io.gapi.emulators.netty.HttpVersionRoutingHandler channelRead
INFO: Detected non-HTTP/2 connection.
Nov 06, 2025 11:27:27 AM com.google.cloud.datastore.emulator.impl.context.EmulatorAuthorization warnAboutSecuredJwt
WARNING: expected an unsecured JWT, the emulator does not validate JWTs and IS NOT SECURE
Nov 06, 2025 11:27:27 AM io.gapi.emulators.netty.HttpVersionRoutingHandler channelRead
INFO: Detected non-HTTP/2 connection.
Nov 06, 2025 11:27:27 AM io.gapi.emulators.netty.HttpVersionRoutingHandler channelRead
INFO: Detected non-HTTP/2 connection.
Nov 06, 2025 11:27:27 AM io.gapi.emulators.netty.HttpVersionRoutingHandler channelRead
INFO: Detected non-HTTP/2 connection.
Nov 06, 2025 11:27:27 AM io.gapi.emulators.netty.HttpVersionRoutingHandler channelRead
INFO: Detected non-HTTP/2 connection.
Nov 06, 2025 11:27:27 AM com.google.cloud.datastore.emulator.impl.context.EmulatorAuthorization warnAboutSecuredJwt
WARNING: expected an unsecured JWT, the emulator does not validate JWTs and IS NOT SECURE
Nov 06, 2025 11:27:27 AM io.gapi.emulators.netty.HttpVersionRoutingHandler channelRead
INFO: Detected non-HTTP/2 connection.
Nov 06, 2025 11:27:27 AM io.gapi.emulators.netty.HttpVersionRoutingHandler channelRead
INFO: Detected non-HTTP/2 connection.
Nov 06, 2025 11:27:27 AM io.gapi.emulators.netty.HttpVersionRoutingHandler channelRead
INFO: Detected non-HTTP/2 connection.
Nov 06, 2025 11:27:28 AM io.gapi.emulators.netty.HttpVersionRoutingHandler channelRead
INFO: Detected non-HTTP/2 connection.
Nov 06, 2025 11:27:28 AM com.google.cloud.datastore.emulator.impl.context.EmulatorAuthorization warnAboutSecuredJwt
WARNING: expected an unsecured JWT, the emulator does not validate JWTs and IS NOT SECURE
Nov 06, 2025 11:27:28 AM io.gapi.emulators.netty.HttpVersionRoutingHandler channelRead
INFO: Detected non-HTTP/2 connection.
Nov 06, 2025 11:27:28 AM io.gapi.emulators.netty.HttpVersionRoutingHandler channelRead
INFO: Detected non-HTTP/2 connection.
Nov 06, 2025 11:27:28 AM io.gapi.emulators.netty.HttpVersionRoutingHandler channelRead
INFO: Detected non-HTTP/2 connection.
Nov 06, 2025 11:27:28 AM io.gapi.emulators.netty.HttpVersionRoutingHandler channelRead
INFO: Detected non-HTTP/2 connection.
Nov 06, 2025 11:27:28 AM com.google.cloud.datastore.emulator.impl.context.EmulatorAuthorization warnAboutSecuredJwt
WARNING: expected an unsecured JWT, the emulator does not validate JWTs and IS NOT SECURE
Nov 06, 2025 11:27:28 AM io.gapi.emulators.netty.HttpVersionRoutingHandler channelRead
INFO: Detected non-HTTP/2 connection.
Nov 06, 2025 11:27:28 AM io.gapi.emulators.netty.HttpVersionRoutingHandler channelRead
INFO: Detected non-HTTP/2 connection.
Nov 06, 2025 11:27:28 AM io.gapi.emulators.netty.HttpVersionRoutingHandler channelRead
INFO: Detected non-HTTP/2 connection.
Nov 06, 2025 11:27:28 AM io.gapi.emulators.netty.HttpVersionRoutingHandler channelRead
INFO: Detected non-HTTP/2 connection.
Nov 06, 2025 11:27:28 AM com.google.cloud.datastore.emulator.impl.context.EmulatorAuthorization warnAboutSecuredJwt
WARNING: expected an unsecured JWT, the emulator does not validate JWTs and IS NOT SECURE
Nov 06, 2025 11:27:28 AM io.gapi.emulators.netty.HttpVersionRoutingHandler channelRead
INFO: Detected non-HTTP/2 connection.
Nov 06, 2025 11:27:28 AM io.gapi.emulators.netty.HttpVersionRoutingHandler channelRead
INFO: Detected non-HTTP/2 connection.
Nov 06, 2025 11:27:28 AM io.gapi.emulators.netty.HttpVersionRoutingHandler channelRead
INFO: Detected non-HTTP/2 connection.
Nov 06, 2025 11:27:29 AM io.gapi.emulators.netty.HttpVersionRoutingHandler channelRead
INFO: Detected non-HTTP/2 connection.
Nov 06, 2025 11:27:29 AM com.google.cloud.datastore.emulator.impl.context.EmulatorAuthorization warnAboutSecuredJwt
WARNING: expected an unsecured JWT, the emulator does not validate JWTs and IS NOT SECURE
Nov 06, 2025 11:27:29 AM io.gapi.emulators.netty.HttpVersionRoutingHandler channelRead
INFO: Detected non-HTTP/2 connection.
Nov 06, 2025 11:27:29 AM io.gapi.emulators.netty.HttpVersionRoutingHandler channelRead
INFO: Detected non-HTTP/2 connection.
Nov 06, 2025 11:27:29 AM io.gapi.emulators.netty.HttpVersionRoutingHandler channelRead
INFO: Detected non-HTTP/2 connection.
Nov 06, 2025 11:27:29 AM io.gapi.emulators.netty.HttpVersionRoutingHandler channelRead
INFO: Detected non-HTTP/2 connection.
Nov 06, 2025 11:27:29 AM com.google.cloud.datastore.emulator.impl.context.EmulatorAuthorization warnAboutSecuredJwt
WARNING: expected an unsecured JWT, the emulator does not validate JWTs and IS NOT SECURE
Nov 06, 2025 11:27:29 AM io.gapi.emulators.netty.HttpVersionRoutingHandler channelRead
INFO: Detected non-HTTP/2 connection.
Nov 06, 2025 11:27:29 AM io.gapi.emulators.netty.HttpVersionRoutingHandler channelRead
INFO: Detected non-HTTP/2 connection.
Nov 06, 2025 11:27:29 AM io.gapi.emulators.netty.HttpVersionRoutingHandler channelRead
INFO: Detected non-HTTP/2 connection.
Nov 06, 2025 11:27:30 AM io.gapi.emulators.netty.HttpVersionRoutingHandler channelRead
INFO: Detected non-HTTP/2 connection.
Nov 06, 2025 11:27:30 AM com.google.cloud.datastore.emulator.impl.context.EmulatorAuthorization warnAboutSecuredJwt
WARNING: expected an unsecured JWT, the emulator does not validate JWTs and IS NOT SECURE
Nov 06, 2025 11:27:30 AM io.gapi.emulators.netty.HttpVersionRoutingHandler channelRead
INFO: Detected non-HTTP/2 connection.
Nov 06, 2025 11:27:30 AM io.gapi.emulators.netty.HttpVersionRoutingHandler channelRead
INFO: Detected non-HTTP/2 connection.
Nov 06, 2025 11:27:30 AM io.gapi.emulators.netty.HttpVersionRoutingHandler channelRead
INFO: Detected non-HTTP/2 connection.
Nov 06, 2025 11:27:30 AM io.gapi.emulators.netty.HttpVersionRoutingHandler channelRead
INFO: Detected non-HTTP/2 connection.
Nov 06, 2025 11:27:30 AM com.google.cloud.datastore.emulator.impl.context.EmulatorAuthorization warnAboutSecuredJwt
WARNING: expected an unsecured JWT, the emulator does not validate JWTs and IS NOT SECURE
Nov 06, 2025 11:27:30 AM io.gapi.emulators.netty.HttpVersionRoutingHandler channelRead
INFO: Detected non-HTTP/2 connection.
Nov 06, 2025 11:27:30 AM io.gapi.emulators.netty.HttpVersionRoutingHandler channelRead
INFO: Detected non-HTTP/2 connection.
Nov 06, 2025 11:27:30 AM io.gapi.emulators.netty.HttpVersionRoutingHandler channelRead
INFO: Detected non-HTTP/2 connection.
Nov 06, 2025 11:27:30 AM io.gapi.emulators.netty.HttpVersionRoutingHandler channelRead
INFO: Detected non-HTTP/2 connection.
Nov 06, 2025 11:27:30 AM com.google.cloud.datastore.emulator.impl.context.EmulatorAuthorization warnAboutSecuredJwt
WARNING: expected an unsecured JWT, the emulator does not validate JWTs and IS NOT SECURE
Nov 06, 2025 11:27:30 AM io.gapi.emulators.netty.HttpVersionRoutingHandler channelRead
INFO: Detected non-HTTP/2 connection.
Nov 06, 2025 11:27:30 AM io.gapi.emulators.netty.HttpVersionRoutingHandler channelRead
INFO: Detected non-HTTP/2 connection.
Nov 06, 2025 11:27:30 AM io.gapi.emulators.netty.HttpVersionRoutingHandler channelRead
INFO: Detected non-HTTP/2 connection.
Nov 06, 2025 11:27:31 AM io.gapi.emulators.netty.HttpVersionRoutingHandler channelRead
INFO: Detected non-HTTP/2 connection.
Nov 06, 2025 11:27:31 AM com.google.cloud.datastore.emulator.impl.context.EmulatorAuthorization warnAboutSecuredJwt
WARNING: expected an unsecured JWT, the emulator does not validate JWTs and IS NOT SECURE
Nov 06, 2025 11:27:31 AM io.gapi.emulators.netty.HttpVersionRoutingHandler channelRead
INFO: Detected non-HTTP/2 connection.
Nov 06, 2025 11:27:31 AM io.gapi.emulators.netty.HttpVersionRoutingHandler channelRead
INFO: Detected non-HTTP/2 connection.
Nov 06, 2025 11:27:31 AM io.gapi.emulators.netty.HttpVersionRoutingHandler channelRead
INFO: Detected non-HTTP/2 connection.
Nov 06, 2025 11:27:31 AM io.gapi.emulators.netty.HttpVersionRoutingHandler channelRead
INFO: Detected non-HTTP/2 connection.
Nov 06, 2025 11:27:31 AM com.google.cloud.datastore.emulator.impl.context.EmulatorAuthorization warnAboutSecuredJwt
WARNING: expected an unsecured JWT, the emulator does not validate JWTs and IS NOT SECURE
Nov 06, 2025 11:27:31 AM io.gapi.emulators.netty.HttpVersionRoutingHandler channelRead
INFO: Detected non-HTTP/2 connection.
Nov 06, 2025 11:27:31 AM io.gapi.emulators.netty.HttpVersionRoutingHandler channelRead
INFO: Detected non-HTTP/2 connection.
Nov 06, 2025 11:27:31 AM io.gapi.emulators.netty.HttpVersionRoutingHandler channelRead
INFO: Detected non-HTTP/2 connection.
Nov 06, 2025 11:27:32 AM io.gapi.emulators.netty.HttpVersionRoutingHandler channelRead
INFO: Detected non-HTTP/2 connection.
Nov 06, 2025 11:27:32 AM com.google.cloud.datastore.emulator.impl.context.EmulatorAuthorization warnAboutSecuredJwt
WARNING: expected an unsecured JWT, the emulator does not validate JWTs and IS NOT SECURE
Nov 06, 2025 11:27:32 AM io.gapi.emulators.netty.HttpVersionRoutingHandler channelRead
INFO: Detected non-HTTP/2 connection.
Nov 06, 2025 11:27:32 AM io.gapi.emulators.netty.HttpVersionRoutingHandler channelRead
INFO: Detected non-HTTP/2 connection.
Nov 06, 2025 11:27:32 AM io.gapi.emulators.netty.HttpVersionRoutingHandler channelRead
INFO: Detected non-HTTP/2 connection.
Nov 06, 2025 11:27:32 AM io.gapi.emulators.netty.HttpVersionRoutingHandler channelRead
INFO: Detected non-HTTP/2 connection.
Nov 06, 2025 11:27:32 AM com.google.cloud.datastore.emulator.impl.context.EmulatorAuthorization warnAboutSecuredJwt
WARNING: expected an unsecured JWT, the emulator does not validate JWTs and IS NOT SECURE
Nov 06, 2025 11:27:32 AM io.gapi.emulators.netty.HttpVersionRoutingHandler channelRead
INFO: Detected non-HTTP/2 connection.
Nov 06, 2025 11:27:32 AM io.gapi.emulators.netty.HttpVersionRoutingHandler channelRead
INFO: Detected non-HTTP/2 connection.
Nov 06, 2025 11:27:32 AM io.gapi.emulators.netty.HttpVersionRoutingHandler channelRead
INFO: Detected non-HTTP/2 connection.
Nov 06, 2025 11:27:33 AM io.gapi.emulators.netty.HttpVersionRoutingHandler channelRead
INFO: Detected non-HTTP/2 connection.
Nov 06, 2025 11:27:33 AM com.google.cloud.datastore.emulator.impl.context.EmulatorAuthorization warnAboutSecuredJwt
WARNING: expected an unsecured JWT, the emulator does not validate JWTs and IS NOT SECURE
Nov 06, 2025 11:27:33 AM io.gapi.emulators.netty.HttpVersionRoutingHandler channelRead
INFO: Detected non-HTTP/2 connection.
Nov 06, 2025 11:27:33 AM io.gapi.emulators.netty.HttpVersionRoutingHandler channelRead
INFO: Detected non-HTTP/2 connection.
Nov 06, 2025 11:27:33 AM io.gapi.emulators.netty.HttpVersionRoutingHandler channelRead
INFO: Detected non-HTTP/2 connection.
Nov 06, 2025 11:27:33 AM io.gapi.emulators.netty.HttpVersionRoutingHandler channelRead
INFO: Detected non-HTTP/2 connection.
Nov 06, 2025 11:27:33 AM com.google.cloud.datastore.emulator.impl.context.EmulatorAuthorization warnAboutSecuredJwt
WARNING: expected an unsecured JWT, the emulator does not validate JWTs and IS NOT SECURE
Nov 06, 2025 11:27:33 AM io.gapi.emulators.netty.HttpVersionRoutingHandler channelRead
INFO: Detected non-HTTP/2 connection.
Nov 06, 2025 11:27:33 AM io.gapi.emulators.netty.HttpVersionRoutingHandler channelRead
INFO: Detected non-HTTP/2 connection.
Nov 06, 2025 11:27:33 AM io.gapi.emulators.netty.HttpVersionRoutingHandler channelRead
INFO: Detected non-HTTP/2 connection.
Nov 06, 2025 11:27:34 AM io.gapi.emulators.netty.HttpVersionRoutingHandler channelRead
INFO: Detected non-HTTP/2 connection.
Nov 06, 2025 11:27:34 AM com.google.cloud.datastore.emulator.impl.context.EmulatorAuthorization warnAboutSecuredJwt
WARNING: expected an unsecured JWT, the emulator does not validate JWTs and IS NOT SECURE
Nov 06, 2025 11:27:34 AM io.gapi.emulators.netty.HttpVersionRoutingHandler channelRead
INFO: Detected non-HTTP/2 connection.
Nov 06, 2025 11:27:34 AM io.gapi.emulators.netty.HttpVersionRoutingHandler channelRead
INFO: Detected non-HTTP/2 connection.
Nov 06, 2025 11:27:34 AM io.gapi.emulators.netty.HttpVersionRoutingHandler channelRead
INFO: Detected non-HTTP/2 connection.
Nov 06, 2025 11:27:34 AM io.gapi.emulators.netty.HttpVersionRoutingHandler channelRead
INFO: Detected non-HTTP/2 connection.
Nov 06, 2025 11:27:34 AM com.google.cloud.datastore.emulator.impl.context.EmulatorAuthorization warnAboutSecuredJwt
WARNING: expected an unsecured JWT, the emulator does not validate JWTs and IS NOT SECURE
Nov 06, 2025 11:27:34 AM io.gapi.emulators.netty.HttpVersionRoutingHandler channelRead
INFO: Detected non-HTTP/2 connection.
Nov 06, 2025 11:27:34 AM io.gapi.emulators.netty.HttpVersionRoutingHandler channelRead
INFO: Detected non-HTTP/2 connection.
Nov 06, 2025 11:27:34 AM io.gapi.emulators.netty.HttpVersionRoutingHandler channelRead
INFO: Detected non-HTTP/2 connection.
Nov 06, 2025 11:27:35 AM io.gapi.emulators.netty.HttpVersionRoutingHandler channelRead
INFO: Detected non-HTTP/2 connection.
Nov 06, 2025 11:27:35 AM com.google.cloud.datastore.emulator.impl.context.EmulatorAuthorization warnAboutSecuredJwt
WARNING: expected an unsecured JWT, the emulator does not validate JWTs and IS NOT SECURE
Nov 06, 2025 11:27:35 AM io.gapi.emulators.netty.HttpVersionRoutingHandler channelRead
INFO: Detected non-HTTP/2 connection.
Nov 06, 2025 11:27:35 AM io.gapi.emulators.netty.HttpVersionRoutingHandler channelRead
INFO: Detected non-HTTP/2 connection.
Nov 06, 2025 11:27:35 AM io.gapi.emulators.netty.HttpVersionRoutingHandler channelRead
INFO: Detected non-HTTP/2 connection.
Nov 06, 2025 11:27:35 AM io.gapi.emulators.netty.HttpVersionRoutingHandler channelRead
INFO: Detected non-HTTP/2 connection.
Nov 06, 2025 11:27:35 AM com.google.cloud.datastore.emulator.impl.context.EmulatorAuthorization warnAboutSecuredJwt
WARNING: expected an unsecured JWT, the emulator does not validate JWTs and IS NOT SECURE
Nov 06, 2025 11:27:35 AM io.gapi.emulators.netty.HttpVersionRoutingHandler channelRead
INFO: Detected non-HTTP/2 connection.
Nov 06, 2025 11:27:35 AM io.gapi.emulators.netty.HttpVersionRoutingHandler channelRead
INFO: Detected non-HTTP/2 connection.
Nov 06, 2025 11:27:35 AM io.gapi.emulators.netty.HttpVersionRoutingHandler channelRead
INFO: Detected non-HTTP/2 connection.
Nov 06, 2025 11:27:36 AM io.gapi.emulators.netty.HttpVersionRoutingHandler channelRead
INFO: Detected non-HTTP/2 connection.
Nov 06, 2025 11:27:36 AM com.google.cloud.datastore.emulator.impl.context.EmulatorAuthorization warnAboutSecuredJwt
WARNING: expected an unsecured JWT, the emulator does not validate JWTs and IS NOT SECURE
Nov 06, 2025 11:27:36 AM io.gapi.emulators.netty.HttpVersionRoutingHandler channelRead
INFO: Detected non-HTTP/2 connection.
Nov 06, 2025 11:27:36 AM io.gapi.emulators.netty.HttpVersionRoutingHandler channelRead
INFO: Detected non-HTTP/2 connection.
Nov 06, 2025 11:27:36 AM io.gapi.emulators.netty.HttpVersionRoutingHandler channelRead
INFO: Detected non-HTTP/2 connection.
Nov 06, 2025 11:27:36 AM io.gapi.emulators.netty.HttpVersionRoutingHandler channelRead
INFO: Detected non-HTTP/2 connection.
Nov 06, 2025 11:27:36 AM com.google.cloud.datastore.emulator.impl.context.EmulatorAuthorization warnAboutSecuredJwt
WARNING: expected an unsecured JWT, the emulator does not validate JWTs and IS NOT SECURE
Nov 06, 2025 11:27:36 AM io.gapi.emulators.netty.HttpVersionRoutingHandler channelRead
INFO: Detected non-HTTP/2 connection.
Nov 06, 2025 11:27:36 AM io.gapi.emulators.netty.HttpVersionRoutingHandler channelRead
INFO: Detected non-HTTP/2 connection.
Nov 06, 2025 11:27:36 AM io.gapi.emulators.netty.HttpVersionRoutingHandler channelRead
INFO: Detected non-HTTP/2 connection.
Nov 06, 2025 11:27:36 AM io.gapi.emulators.netty.HttpVersionRoutingHandler channelRead
INFO: Detected non-HTTP/2 connection.
Nov 06, 2025 11:27:36 AM com.google.cloud.datastore.emulator.impl.context.EmulatorAuthorization warnAboutSecuredJwt
WARNING: expected an unsecured JWT, the emulator does not validate JWTs and IS NOT SECURE
Nov 06, 2025 11:27:36 AM io.gapi.emulators.netty.HttpVersionRoutingHandler channelRead
INFO: Detected non-HTTP/2 connection.
Nov 06, 2025 11:27:36 AM io.gapi.emulators.netty.HttpVersionRoutingHandler channelRead
INFO: Detected non-HTTP/2 connection.
Nov 06, 2025 11:27:36 AM io.gapi.emulators.netty.HttpVersionRoutingHandler channelRead
INFO: Detected non-HTTP/2 connection.
Nov 06, 2025 11:27:37 AM io.gapi.emulators.netty.HttpVersionRoutingHandler channelRead
INFO: Detected non-HTTP/2 connection.
Nov 06, 2025 11:27:37 AM com.google.cloud.datastore.emulator.impl.context.EmulatorAuthorization warnAboutSecuredJwt
WARNING: expected an unsecured JWT, the emulator does not validate JWTs and IS NOT SECURE
Nov 06, 2025 11:27:37 AM io.gapi.emulators.netty.HttpVersionRoutingHandler channelRead
INFO: Detected non-HTTP/2 connection.
Nov 06, 2025 11:27:37 AM io.gapi.emulators.netty.HttpVersionRoutingHandler channelRead
INFO: Detected non-HTTP/2 connection.
Nov 06, 2025 11:27:37 AM io.gapi.emulators.netty.HttpVersionRoutingHandler channelRead
INFO: Detected non-HTTP/2 connection.
Nov 06, 2025 11:27:37 AM io.gapi.emulators.netty.HttpVersionRoutingHandler channelRead
INFO: Detected non-HTTP/2 connection.
Nov 06, 2025 11:27:37 AM com.google.cloud.datastore.emulator.impl.context.EmulatorAuthorization warnAboutSecuredJwt
WARNING: expected an unsecured JWT, the emulator does not validate JWTs and IS NOT SECURE
Nov 06, 2025 11:27:37 AM io.gapi.emulators.netty.HttpVersionRoutingHandler channelRead
INFO: Detected non-HTTP/2 connection.
Nov 06, 2025 11:27:37 AM io.gapi.emulators.netty.HttpVersionRoutingHandler channelRead
INFO: Detected non-HTTP/2 connection.
Nov 06, 2025 11:27:37 AM io.gapi.emulators.netty.HttpVersionRoutingHandler channelRead
INFO: Detected non-HTTP/2 connection.
Nov 06, 2025 11:27:38 AM io.gapi.emulators.netty.HttpVersionRoutingHandler channelRead
INFO: Detected non-HTTP/2 connection.
Nov 06, 2025 11:27:38 AM com.google.cloud.datastore.emulator.impl.context.EmulatorAuthorization warnAboutSecuredJwt
WARNING: expected an unsecured JWT, the emulator does not validate JWTs and IS NOT SECURE
Nov 06, 2025 11:27:38 AM io.gapi.emulators.netty.HttpVersionRoutingHandler channelRead
INFO: Detected non-HTTP/2 connection.
Nov 06, 2025 11:27:38 AM io.gapi.emulators.netty.HttpVersionRoutingHandler channelRead
INFO: Detected non-HTTP/2 connection.
Nov 06, 2025 11:27:38 AM io.gapi.emulators.netty.HttpVersionRoutingHandler channelRead
INFO: Detected non-HTTP/2 connection.
Nov 06, 2025 11:27:38 AM io.gapi.emulators.netty.HttpVersionRoutingHandler channelRead
INFO: Detected non-HTTP/2 connection.
Nov 06, 2025 11:27:38 AM com.google.cloud.datastore.emulator.impl.context.EmulatorAuthorization warnAboutSecuredJwt
WARNING: expected an unsecured JWT, the emulator does not validate JWTs and IS NOT SECURE
Nov 06, 2025 11:27:38 AM io.gapi.emulators.netty.HttpVersionRoutingHandler channelRead
INFO: Detected non-HTTP/2 connection.
Nov 06, 2025 11:27:38 AM io.gapi.emulators.netty.HttpVersionRoutingHandler channelRead
INFO: Detected non-HTTP/2 connection.
Nov 06, 2025 11:27:38 AM io.gapi.emulators.netty.HttpVersionRoutingHandler channelRead
INFO: Detected non-HTTP/2 connection.
Nov 06, 2025 11:27:38 AM io.gapi.emulators.netty.HttpVersionRoutingHandler channelRead
INFO: Detected non-HTTP/2 connection.
Nov 06, 2025 11:27:38 AM com.google.cloud.datastore.emulator.impl.context.EmulatorAuthorization warnAboutSecuredJwt
WARNING: expected an unsecured JWT, the emulator does not validate JWTs and IS NOT SECURE
Nov 06, 2025 11:27:39 AM io.gapi.emulators.netty.HttpVersionRoutingHandler channelRead
INFO: Detected non-HTTP/2 connection.
Nov 06, 2025 11:27:39 AM io.gapi.emulators.netty.HttpVersionRoutingHandler channelRead
INFO: Detected non-HTTP/2 connection.
Nov 06, 2025 11:27:39 AM io.gapi.emulators.netty.HttpVersionRoutingHandler channelRead
INFO: Detected non-HTTP/2 connection.
Nov 06, 2025 11:27:39 AM io.gapi.emulators.netty.HttpVersionRoutingHandler channelRead
INFO: Detected non-HTTP/2 connection.
Nov 06, 2025 11:27:39 AM com.google.cloud.datastore.emulator.impl.context.EmulatorAuthorization warnAboutSecuredJwt
WARNING: expected an unsecured JWT, the emulator does not validate JWTs and IS NOT SECURE
Nov 06, 2025 11:27:39 AM io.gapi.emulators.netty.HttpVersionRoutingHandler channelRead
INFO: Detected non-HTTP/2 connection.
Nov 06, 2025 11:27:39 AM io.gapi.emulators.netty.HttpVersionRoutingHandler channelRead
INFO: Detected non-HTTP/2 connection.
Nov 06, 2025 11:27:39 AM io.gapi.emulators.netty.HttpVersionRoutingHandler channelRead
INFO: Detected non-HTTP/2 connection.
Nov 06, 2025 11:27:39 AM io.gapi.emulators.netty.HttpVersionRoutingHandler channelRead
INFO: Detected non-HTTP/2 connection.
Nov 06, 2025 11:27:39 AM com.google.cloud.datastore.emulator.impl.context.EmulatorAuthorization warnAboutSecuredJwt
WARNING: expected an unsecured JWT, the emulator does not validate JWTs and IS NOT SECURE
Nov 06, 2025 11:27:39 AM io.gapi.emulators.netty.HttpVersionRoutingHandler channelRead
INFO: Detected non-HTTP/2 connection.
Nov 06, 2025 11:27:39 AM io.gapi.emulators.netty.HttpVersionRoutingHandler channelRead
INFO: Detected non-HTTP/2 connection.
Nov 06, 2025 11:27:39 AM io.gapi.emulators.netty.HttpVersionRoutingHandler channelRead
INFO: Detected non-HTTP/2 connection.
Nov 06, 2025 11:27:40 AM io.gapi.emulators.netty.HttpVersionRoutingHandler channelRead
INFO: Detected non-HTTP/2 connection.
Nov 06, 2025 11:27:40 AM com.google.cloud.datastore.emulator.impl.context.EmulatorAuthorization warnAboutSecuredJwt
WARNING: expected an unsecured JWT, the emulator does not validate JWTs and IS NOT SECURE
Nov 06, 2025 11:27:40 AM io.gapi.emulators.netty.HttpVersionRoutingHandler channelRead
INFO: Detected non-HTTP/2 connection.
Nov 06, 2025 11:27:40 AM io.gapi.emulators.netty.HttpVersionRoutingHandler channelRead
INFO: Detected non-HTTP/2 connection.
Nov 06, 2025 11:27:40 AM io.gapi.emulators.netty.HttpVersionRoutingHandler channelRead
INFO: Detected non-HTTP/2 connection.
Nov 06, 2025 11:27:40 AM io.gapi.emulators.netty.HttpVersionRoutingHandler channelRead
INFO: Detected non-HTTP/2 connection.
Nov 06, 2025 11:27:40 AM com.google.cloud.datastore.emulator.impl.context.EmulatorAuthorization warnAboutSecuredJwt
WARNING: expected an unsecured JWT, the emulator does not validate JWTs and IS NOT SECURE
Nov 06, 2025 11:27:40 AM io.gapi.emulators.netty.HttpVersionRoutingHandler channelRead
INFO: Detected non-HTTP/2 connection.
Nov 06, 2025 11:27:40 AM io.gapi.emulators.netty.HttpVersionRoutingHandler channelRead
INFO: Detected non-HTTP/2 connection.
Nov 06, 2025 11:27:40 AM io.gapi.emulators.netty.HttpVersionRoutingHandler channelRead
INFO: Detected non-HTTP/2 connection.
Nov 06, 2025 11:27:41 AM io.gapi.emulators.netty.HttpVersionRoutingHandler channelRead
INFO: Detected non-HTTP/2 connection.
Nov 06, 2025 11:27:41 AM com.google.cloud.datastore.emulator.impl.context.EmulatorAuthorization warnAboutSecuredJwt
WARNING: expected an unsecured JWT, the emulator does not validate JWTs and IS NOT SECURE
Nov 06, 2025 11:27:41 AM io.gapi.emulators.netty.HttpVersionRoutingHandler channelRead
INFO: Detected non-HTTP/2 connection.
Nov 06, 2025 11:27:41 AM io.gapi.emulators.netty.HttpVersionRoutingHandler channelRead
INFO: Detected non-HTTP/2 connection.
Nov 06, 2025 11:27:41 AM io.gapi.emulators.netty.HttpVersionRoutingHandler channelRead
INFO: Detected non-HTTP/2 connection.
Nov 06, 2025 11:27:41 AM io.gapi.emulators.netty.HttpVersionRoutingHandler channelRead
INFO: Detected non-HTTP/2 connection.
Nov 06, 2025 11:27:41 AM com.google.cloud.datastore.emulator.impl.context.EmulatorAuthorization warnAboutSecuredJwt
WARNING: expected an unsecured JWT, the emulator does not validate JWTs and IS NOT SECURE
Nov 06, 2025 11:27:41 AM io.gapi.emulators.netty.HttpVersionRoutingHandler channelRead
INFO: Detected non-HTTP/2 connection.
Nov 06, 2025 11:27:41 AM io.gapi.emulators.netty.HttpVersionRoutingHandler channelRead
INFO: Detected non-HTTP/2 connection.
Nov 06, 2025 11:27:41 AM io.gapi.emulators.netty.HttpVersionRoutingHandler channelRead
INFO: Detected non-HTTP/2 connection.
Nov 06, 2025 11:27:42 AM io.gapi.emulators.netty.HttpVersionRoutingHandler channelRead
INFO: Detected non-HTTP/2 connection.
Nov 06, 2025 11:27:42 AM com.google.cloud.datastore.emulator.impl.context.EmulatorAuthorization warnAboutSecuredJwt
WARNING: expected an unsecured JWT, the emulator does not validate JWTs and IS NOT SECURE
Nov 06, 2025 11:27:42 AM io.gapi.emulators.netty.HttpVersionRoutingHandler channelRead
INFO: Detected non-HTTP/2 connection.
Nov 06, 2025 11:27:42 AM io.gapi.emulators.netty.HttpVersionRoutingHandler channelRead
INFO: Detected non-HTTP/2 connection.
Nov 06, 2025 11:27:42 AM io.gapi.emulators.netty.HttpVersionRoutingHandler channelRead
INFO: Detected non-HTTP/2 connection.
Nov 06, 2025 11:27:42 AM io.gapi.emulators.netty.HttpVersionRoutingHandler channelRead
INFO: Detected non-HTTP/2 connection.
Nov 06, 2025 11:27:42 AM com.google.cloud.datastore.emulator.impl.context.EmulatorAuthorization warnAboutSecuredJwt
WARNING: expected an unsecured JWT, the emulator does not validate JWTs and IS NOT SECURE
Nov 06, 2025 11:27:42 AM io.gapi.emulators.netty.HttpVersionRoutingHandler channelRead
INFO: Detected non-HTTP/2 connection.
Nov 06, 2025 11:27:42 AM io.gapi.emulators.netty.HttpVersionRoutingHandler channelRead
INFO: Detected non-HTTP/2 connection.
Nov 06, 2025 11:27:42 AM io.gapi.emulators.netty.HttpVersionRoutingHandler channelRead
INFO: Detected non-HTTP/2 connection.
Nov 06, 2025 11:27:42 AM io.gapi.emulators.netty.HttpVersionRoutingHandler channelRead
INFO: Detected non-HTTP/2 connection.
Nov 06, 2025 11:27:42 AM com.google.cloud.datastore.emulator.impl.context.EmulatorAuthorization warnAboutSecuredJwt
WARNING: expected an unsecured JWT, the emulator does not validate JWTs and IS NOT SECURE
Nov 06, 2025 11:27:42 AM io.gapi.emulators.netty.HttpVersionRoutingHandler channelRead
INFO: Detected non-HTTP/2 connection.
Nov 06, 2025 11:27:42 AM io.gapi.emulators.netty.HttpVersionRoutingHandler channelRead
INFO: Detected non-HTTP/2 connection.
Nov 06, 2025 11:27:42 AM io.gapi.emulators.netty.HttpVersionRoutingHandler channelRead
INFO: Detected non-HTTP/2 connection.
Nov 06, 2025 11:27:43 AM io.gapi.emulators.netty.HttpVersionRoutingHandler channelRead
INFO: Detected non-HTTP/2 connection.
Nov 06, 2025 11:27:43 AM com.google.cloud.datastore.emulator.impl.context.EmulatorAuthorization warnAboutSecuredJwt
WARNING: expected an unsecured JWT, the emulator does not validate JWTs and IS NOT SECURE
Nov 06, 2025 11:27:43 AM io.gapi.emulators.netty.HttpVersionRoutingHandler channelRead
INFO: Detected non-HTTP/2 connection.
Nov 06, 2025 11:27:43 AM io.gapi.emulators.netty.HttpVersionRoutingHandler channelRead
INFO: Detected non-HTTP/2 connection.
Nov 06, 2025 11:27:43 AM io.gapi.emulators.netty.HttpVersionRoutingHandler channelRead
INFO: Detected non-HTTP/2 connection.
Nov 06, 2025 11:27:43 AM io.gapi.emulators.netty.HttpVersionRoutingHandler channelRead
INFO: Detected non-HTTP/2 connection.
Nov 06, 2025 11:27:43 AM com.google.cloud.datastore.emulator.impl.context.EmulatorAuthorization warnAboutSecuredJwt
WARNING: expected an unsecured JWT, the emulator does not validate JWTs and IS NOT SECURE
Nov 06, 2025 11:27:43 AM io.gapi.emulators.netty.HttpVersionRoutingHandler channelRead
INFO: Detected non-HTTP/2 connection.
Nov 06, 2025 11:27:43 AM io.gapi.emulators.netty.HttpVersionRoutingHandler channelRead
INFO: Detected non-HTTP/2 connection.
Nov 06, 2025 11:27:43 AM io.gapi.emulators.netty.HttpVersionRoutingHandler channelRead
INFO: Detected non-HTTP/2 connection.
Nov 06, 2025 11:27:44 AM io.gapi.emulators.netty.HttpVersionRoutingHandler channelRead
INFO: Detected non-HTTP/2 connection.
Nov 06, 2025 11:27:44 AM com.google.cloud.datastore.emulator.impl.context.EmulatorAuthorization warnAboutSecuredJwt
WARNING: expected an unsecured JWT, the emulator does not validate JWTs and IS NOT SECURE
Nov 06, 2025 11:27:44 AM io.gapi.emulators.netty.HttpVersionRoutingHandler channelRead
INFO: Detected non-HTTP/2 connection.
Nov 06, 2025 11:27:44 AM io.gapi.emulators.netty.HttpVersionRoutingHandler channelRead
INFO: Detected non-HTTP/2 connection.
Nov 06, 2025 11:27:44 AM io.gapi.emulators.netty.HttpVersionRoutingHandler channelRead
INFO: Detected non-HTTP/2 connection.
Nov 06, 2025 11:27:44 AM io.gapi.emulators.netty.HttpVersionRoutingHandler channelRead
INFO: Detected non-HTTP/2 connection.
Nov 06, 2025 11:27:44 AM com.google.cloud.datastore.emulator.impl.context.EmulatorAuthorization warnAboutSecuredJwt
WARNING: expected an unsecured JWT, the emulator does not validate JWTs and IS NOT SECURE
Nov 06, 2025 11:27:44 AM io.gapi.emulators.netty.HttpVersionRoutingHandler channelRead
INFO: Detected non-HTTP/2 connection.
Nov 06, 2025 11:27:44 AM io.gapi.emulators.netty.HttpVersionRoutingHandler channelRead
INFO: Detected non-HTTP/2 connection.
Nov 06, 2025 11:27:44 AM io.gapi.emulators.netty.HttpVersionRoutingHandler channelRead
INFO: Detected non-HTTP/2 connection.
Nov 06, 2025 11:27:45 AM io.gapi.emulators.netty.HttpVersionRoutingHandler channelRead
INFO: Detected non-HTTP/2 connection.
Nov 06, 2025 11:27:45 AM com.google.cloud.datastore.emulator.impl.context.EmulatorAuthorization warnAboutSecuredJwt
WARNING: expected an unsecured JWT, the emulator does not validate JWTs and IS NOT SECURE
Nov 06, 2025 11:27:45 AM io.gapi.emulators.netty.HttpVersionRoutingHandler channelRead
INFO: Detected non-HTTP/2 connection.
Nov 06, 2025 11:27:45 AM io.gapi.emulators.netty.HttpVersionRoutingHandler channelRead
INFO: Detected non-HTTP/2 connection.
Nov 06, 2025 11:27:45 AM io.gapi.emulators.netty.HttpVersionRoutingHandler channelRead
INFO: Detected non-HTTP/2 connection.
Nov 06, 2025 11:27:45 AM io.gapi.emulators.netty.HttpVersionRoutingHandler channelRead
INFO: Detected non-HTTP/2 connection.
Nov 06, 2025 11:27:45 AM com.google.cloud.datastore.emulator.impl.context.EmulatorAuthorization warnAboutSecuredJwt
WARNING: expected an unsecured JWT, the emulator does not validate JWTs and IS NOT SECURE
Nov 06, 2025 11:27:45 AM io.gapi.emulators.netty.HttpVersionRoutingHandler channelRead
INFO: Detected non-HTTP/2 connection.
Nov 06, 2025 11:27:45 AM io.gapi.emulators.netty.HttpVersionRoutingHandler channelRead
INFO: Detected non-HTTP/2 connection.
Nov 06, 2025 11:27:45 AM io.gapi.emulators.netty.HttpVersionRoutingHandler channelRead
INFO: Detected non-HTTP/2 connection.
Nov 06, 2025 11:27:46 AM io.gapi.emulators.netty.HttpVersionRoutingHandler channelRead
INFO: Detected non-HTTP/2 connection.
Nov 06, 2025 11:27:46 AM com.google.cloud.datastore.emulator.impl.context.EmulatorAuthorization warnAboutSecuredJwt
WARNING: expected an unsecured JWT, the emulator does not validate JWTs and IS NOT SECURE
Nov 06, 2025 11:27:46 AM io.gapi.emulators.netty.HttpVersionRoutingHandler channelRead
INFO: Detected non-HTTP/2 connection.
Nov 06, 2025 11:27:46 AM io.gapi.emulators.netty.HttpVersionRoutingHandler channelRead
INFO: Detected non-HTTP/2 connection.
Nov 06, 2025 11:27:46 AM io.gapi.emulators.netty.HttpVersionRoutingHandler channelRead
INFO: Detected non-HTTP/2 connection.
Nov 06, 2025 11:27:46 AM io.gapi.emulators.netty.HttpVersionRoutingHandler channelRead
INFO: Detected non-HTTP/2 connection.
Nov 06, 2025 11:27:46 AM com.google.cloud.datastore.emulator.impl.context.EmulatorAuthorization warnAboutSecuredJwt
WARNING: expected an unsecured JWT, the emulator does not validate JWTs and IS NOT SECURE
Nov 06, 2025 11:27:46 AM io.gapi.emulators.netty.HttpVersionRoutingHandler channelRead
INFO: Detected non-HTTP/2 connection.
Nov 06, 2025 11:27:46 AM io.gapi.emulators.netty.HttpVersionRoutingHandler channelRead
INFO: Detected non-HTTP/2 connection.
Nov 06, 2025 11:27:46 AM io.gapi.emulators.netty.HttpVersionRoutingHandler channelRead
INFO: Detected non-HTTP/2 connection.
Nov 06, 2025 11:27:46 AM io.gapi.emulators.netty.HttpVersionRoutingHandler channelRead
INFO: Detected non-HTTP/2 connection.
Nov 06, 2025 11:27:46 AM com.google.cloud.datastore.emulator.impl.context.EmulatorAuthorization warnAboutSecuredJwt
WARNING: expected an unsecured JWT, the emulator does not validate JWTs and IS NOT SECURE
Nov 06, 2025 11:27:46 AM io.gapi.emulators.netty.HttpVersionRoutingHandler channelRead
INFO: Detected non-HTTP/2 connection.
Nov 06, 2025 11:27:46 AM io.gapi.emulators.netty.HttpVersionRoutingHandler channelRead
INFO: Detected non-HTTP/2 connection.
Nov 06, 2025 11:27:46 AM io.gapi.emulators.netty.HttpVersionRoutingHandler channelRead
INFO: Detected non-HTTP/2 connection.
Nov 06, 2025 11:27:47 AM io.gapi.emulators.netty.HttpVersionRoutingHandler channelRead
INFO: Detected non-HTTP/2 connection.
Nov 06, 2025 11:27:47 AM com.google.cloud.datastore.emulator.impl.context.EmulatorAuthorization warnAboutSecuredJwt
WARNING: expected an unsecured JWT, the emulator does not validate JWTs and IS NOT SECURE
Nov 06, 2025 11:27:47 AM io.gapi.emulators.netty.HttpVersionRoutingHandler channelRead
INFO: Detected non-HTTP/2 connection.
Nov 06, 2025 11:27:47 AM io.gapi.emulators.netty.HttpVersionRoutingHandler channelRead
INFO: Detected non-HTTP/2 connection.
Nov 06, 2025 11:27:47 AM io.gapi.emulators.netty.HttpVersionRoutingHandler channelRead
INFO: Detected non-HTTP/2 connection.
Nov 06, 2025 11:27:47 AM io.gapi.emulators.netty.HttpVersionRoutingHandler channelRead
INFO: Detected non-HTTP/2 connection.
Nov 06, 2025 11:27:47 AM com.google.cloud.datastore.emulator.impl.context.EmulatorAuthorization warnAboutSecuredJwt
WARNING: expected an unsecured JWT, the emulator does not validate JWTs and IS NOT SECURE
Nov 06, 2025 11:27:47 AM io.gapi.emulators.netty.HttpVersionRoutingHandler channelRead
INFO: Detected non-HTTP/2 connection.
Nov 06, 2025 11:27:47 AM io.gapi.emulators.netty.HttpVersionRoutingHandler channelRead
INFO: Detected non-HTTP/2 connection.
Nov 06, 2025 11:27:47 AM io.gapi.emulators.netty.HttpVersionRoutingHandler channelRead
INFO: Detected non-HTTP/2 connection.
Nov 06, 2025 11:27:48 AM io.gapi.emulators.netty.HttpVersionRoutingHandler channelRead
INFO: Detected non-HTTP/2 connection.
Nov 06, 2025 11:27:48 AM com.google.cloud.datastore.emulator.impl.context.EmulatorAuthorization warnAboutSecuredJwt
WARNING: expected an unsecured JWT, the emulator does not validate JWTs and IS NOT SECURE
Nov 06, 2025 11:27:48 AM io.gapi.emulators.netty.HttpVersionRoutingHandler channelRead
INFO: Detected non-HTTP/2 connection.
Nov 06, 2025 11:27:48 AM io.gapi.emulators.netty.HttpVersionRoutingHandler channelRead
INFO: Detected non-HTTP/2 connection.
Nov 06, 2025 11:27:48 AM io.gapi.emulators.netty.HttpVersionRoutingHandler channelRead
INFO: Detected non-HTTP/2 connection.
Nov 06, 2025 11:27:48 AM io.gapi.emulators.netty.HttpVersionRoutingHandler channelRead
INFO: Detected non-HTTP/2 connection.
Nov 06, 2025 11:27:48 AM com.google.cloud.datastore.emulator.impl.context.EmulatorAuthorization warnAboutSecuredJwt
WARNING: expected an unsecured JWT, the emulator does not validate JWTs and IS NOT SECURE
Nov 06, 2025 11:27:48 AM io.gapi.emulators.netty.HttpVersionRoutingHandler channelRead
INFO: Detected non-HTTP/2 connection.
Nov 06, 2025 11:27:48 AM io.gapi.emulators.netty.HttpVersionRoutingHandler channelRead
INFO: Detected non-HTTP/2 connection.
Nov 06, 2025 11:27:48 AM io.gapi.emulators.netty.HttpVersionRoutingHandler channelRead
INFO: Detected non-HTTP/2 connection.
Nov 06, 2025 11:27:49 AM io.gapi.emulators.netty.HttpVersionRoutingHandler channelRead
INFO: Detected non-HTTP/2 connection.
Nov 06, 2025 11:27:49 AM com.google.cloud.datastore.emulator.impl.context.EmulatorAuthorization warnAboutSecuredJwt
WARNING: expected an unsecured JWT, the emulator does not validate JWTs and IS NOT SECURE
Nov 06, 2025 11:27:49 AM io.gapi.emulators.netty.HttpVersionRoutingHandler channelRead
INFO: Detected non-HTTP/2 connection.
Nov 06, 2025 11:27:49 AM io.gapi.emulators.netty.HttpVersionRoutingHandler channelRead
INFO: Detected non-HTTP/2 connection.
Nov 06, 2025 11:27:49 AM io.gapi.emulators.netty.HttpVersionRoutingHandler channelRead
INFO: Detected non-HTTP/2 connection.
Nov 06, 2025 11:27:49 AM io.gapi.emulators.netty.HttpVersionRoutingHandler channelRead
INFO: Detected non-HTTP/2 connection.
Nov 06, 2025 11:27:49 AM com.google.cloud.datastore.emulator.impl.context.EmulatorAuthorization warnAboutSecuredJwt
WARNING: expected an unsecured JWT, the emulator does not validate JWTs and IS NOT SECURE
Nov 06, 2025 11:27:49 AM io.gapi.emulators.netty.HttpVersionRoutingHandler channelRead
INFO: Detected non-HTTP/2 connection.
Nov 06, 2025 11:27:49 AM io.gapi.emulators.netty.HttpVersionRoutingHandler channelRead
INFO: Detected non-HTTP/2 connection.
Nov 06, 2025 11:27:49 AM io.gapi.emulators.netty.HttpVersionRoutingHandler channelRead
INFO: Detected non-HTTP/2 connection.
Nov 06, 2025 11:27:50 AM io.gapi.emulators.netty.HttpVersionRoutingHandler channelRead
INFO: Detected non-HTTP/2 connection.
Nov 06, 2025 11:27:50 AM com.google.cloud.datastore.emulator.impl.context.EmulatorAuthorization warnAboutSecuredJwt
WARNING: expected an unsecured JWT, the emulator does not validate JWTs and IS NOT SECURE
Nov 06, 2025 11:27:50 AM io.gapi.emulators.netty.HttpVersionRoutingHandler channelRead
INFO: Detected non-HTTP/2 connection.
Nov 06, 2025 11:27:50 AM io.gapi.emulators.netty.HttpVersionRoutingHandler channelRead
INFO: Detected non-HTTP/2 connection.
Nov 06, 2025 11:27:50 AM io.gapi.emulators.netty.HttpVersionRoutingHandler channelRead
INFO: Detected non-HTTP/2 connection.
Nov 06, 2025 11:27:50 AM io.gapi.emulators.netty.HttpVersionRoutingHandler channelRead
INFO: Detected non-HTTP/2 connection.
Nov 06, 2025 11:27:50 AM com.google.cloud.datastore.emulator.impl.context.EmulatorAuthorization warnAboutSecuredJwt
WARNING: expected an unsecured JWT, the emulator does not validate JWTs and IS NOT SECURE
Nov 06, 2025 11:27:50 AM io.gapi.emulators.netty.HttpVersionRoutingHandler channelRead
INFO: Detected non-HTTP/2 connection.
Nov 06, 2025 11:27:50 AM io.gapi.emulators.netty.HttpVersionRoutingHandler channelRead
INFO: Detected non-HTTP/2 connection.
Nov 06, 2025 11:27:50 AM io.gapi.emulators.netty.HttpVersionRoutingHandler channelRead
INFO: Detected non-HTTP/2 connection.
Nov 06, 2025 11:27:51 AM io.gapi.emulators.netty.HttpVersionRoutingHandler channelRead
INFO: Detected non-HTTP/2 connection.
Nov 06, 2025 11:27:51 AM com.google.cloud.datastore.emulator.impl.context.EmulatorAuthorization warnAboutSecuredJwt
WARNING: expected an unsecured JWT, the emulator does not validate JWTs and IS NOT SECURE
Nov 06, 2025 11:27:51 AM io.gapi.emulators.netty.HttpVersionRoutingHandler channelRead
INFO: Detected non-HTTP/2 connection.
Nov 06, 2025 11:27:51 AM io.gapi.emulators.netty.HttpVersionRoutingHandler channelRead
INFO: Detected non-HTTP/2 connection.
Nov 06, 2025 11:27:51 AM io.gapi.emulators.netty.HttpVersionRoutingHandler channelRead
INFO: Detected non-HTTP/2 connection.
Nov 06, 2025 11:27:51 AM io.gapi.emulators.netty.HttpVersionRoutingHandler channelRead
INFO: Detected non-HTTP/2 connection.
Nov 06, 2025 11:27:51 AM com.google.cloud.datastore.emulator.impl.context.EmulatorAuthorization warnAboutSecuredJwt
WARNING: expected an unsecured JWT, the emulator does not validate JWTs and IS NOT SECURE
Nov 06, 2025 11:27:51 AM io.gapi.emulators.netty.HttpVersionRoutingHandler channelRead
INFO: Detected non-HTTP/2 connection.
Nov 06, 2025 11:27:51 AM io.gapi.emulators.netty.HttpVersionRoutingHandler channelRead
INFO: Detected non-HTTP/2 connection.
Nov 06, 2025 11:27:51 AM io.gapi.emulators.netty.HttpVersionRoutingHandler channelRead
INFO: Detected non-HTTP/2 connection.
Nov 06, 2025 11:27:52 AM io.gapi.emulators.netty.HttpVersionRoutingHandler channelRead
INFO: Detected non-HTTP/2 connection.
Nov 06, 2025 11:27:52 AM com.google.cloud.datastore.emulator.impl.context.EmulatorAuthorization warnAboutSecuredJwt
WARNING: expected an unsecured JWT, the emulator does not validate JWTs and IS NOT SECURE
Nov 06, 2025 11:27:52 AM io.gapi.emulators.netty.HttpVersionRoutingHandler channelRead
INFO: Detected non-HTTP/2 connection.
Nov 06, 2025 11:27:52 AM io.gapi.emulators.netty.HttpVersionRoutingHandler channelRead
INFO: Detected non-HTTP/2 connection.
Nov 06, 2025 11:27:52 AM io.gapi.emulators.netty.HttpVersionRoutingHandler channelRead
INFO: Detected non-HTTP/2 connection.
Nov 06, 2025 11:27:52 AM io.gapi.emulators.netty.HttpVersionRoutingHandler channelRead
INFO: Detected non-HTTP/2 connection.
Nov 06, 2025 11:27:52 AM com.google.cloud.datastore.emulator.impl.context.EmulatorAuthorization warnAboutSecuredJwt
WARNING: expected an unsecured JWT, the emulator does not validate JWTs and IS NOT SECURE
Nov 06, 2025 11:27:52 AM io.gapi.emulators.netty.HttpVersionRoutingHandler channelRead
INFO: Detected non-HTTP/2 connection.
Nov 06, 2025 11:27:52 AM io.gapi.emulators.netty.HttpVersionRoutingHandler channelRead
INFO: Detected non-HTTP/2 connection.
Nov 06, 2025 11:27:52 AM io.gapi.emulators.netty.HttpVersionRoutingHandler channelRead
INFO: Detected non-HTTP/2 connection.
Nov 06, 2025 11:27:52 AM io.gapi.emulators.netty.HttpVersionRoutingHandler channelRead
INFO: Detected non-HTTP/2 connection.
Nov 06, 2025 11:27:52 AM com.google.cloud.datastore.emulator.impl.context.EmulatorAuthorization warnAboutSecuredJwt
WARNING: expected an unsecured JWT, the emulator does not validate JWTs and IS NOT SECURE
Nov 06, 2025 11:27:52 AM io.gapi.emulators.netty.HttpVersionRoutingHandler channelRead
INFO: Detected non-HTTP/2 connection.
Nov 06, 2025 11:27:52 AM io.gapi.emulators.netty.HttpVersionRoutingHandler channelRead
INFO: Detected non-HTTP/2 connection.
Nov 06, 2025 11:27:52 AM io.gapi.emulators.netty.HttpVersionRoutingHandler channelRead
INFO: Detected non-HTTP/2 connection.
Nov 06, 2025 11:27:53 AM io.gapi.emulators.netty.HttpVersionRoutingHandler channelRead
INFO: Detected non-HTTP/2 connection.
Nov 06, 2025 11:27:53 AM com.google.cloud.datastore.emulator.impl.context.EmulatorAuthorization warnAboutSecuredJwt
WARNING: expected an unsecured JWT, the emulator does not validate JWTs and IS NOT SECURE
Nov 06, 2025 11:27:53 AM io.gapi.emulators.netty.HttpVersionRoutingHandler channelRead
INFO: Detected non-HTTP/2 connection.
Nov 06, 2025 11:27:53 AM io.gapi.emulators.netty.HttpVersionRoutingHandler channelRead
INFO: Detected non-HTTP/2 connection.
Nov 06, 2025 11:27:53 AM io.gapi.emulators.netty.HttpVersionRoutingHandler channelRead
INFO: Detected non-HTTP/2 connection.
Nov 06, 2025 11:27:53 AM io.gapi.emulators.netty.HttpVersionRoutingHandler channelRead
INFO: Detected non-HTTP/2 connection.
Nov 06, 2025 11:27:53 AM com.google.cloud.datastore.emulator.impl.context.EmulatorAuthorization warnAboutSecuredJwt
WARNING: expected an unsecured JWT, the emulator does not validate JWTs and IS NOT SECURE
Nov 06, 2025 11:27:53 AM io.gapi.emulators.netty.HttpVersionRoutingHandler channelRead
INFO: Detected non-HTTP/2 connection.
Nov 06, 2025 11:27:53 AM io.gapi.emulators.netty.HttpVersionRoutingHandler channelRead
INFO: Detected non-HTTP/2 connection.
Nov 06, 2025 11:27:53 AM io.gapi.emulators.netty.HttpVersionRoutingHandler channelRead
INFO: Detected non-HTTP/2 connection.
Nov 06, 2025 11:27:54 AM io.gapi.emulators.netty.HttpVersionRoutingHandler channelRead
INFO: Detected non-HTTP/2 connection.
Nov 06, 2025 11:27:54 AM com.google.cloud.datastore.emulator.impl.context.EmulatorAuthorization warnAboutSecuredJwt
WARNING: expected an unsecured JWT, the emulator does not validate JWTs and IS NOT SECURE
Nov 06, 2025 11:27:54 AM io.gapi.emulators.netty.HttpVersionRoutingHandler channelRead
INFO: Detected non-HTTP/2 connection.
Nov 06, 2025 11:27:54 AM io.gapi.emulators.netty.HttpVersionRoutingHandler channelRead
INFO: Detected non-HTTP/2 connection.
Nov 06, 2025 11:27:54 AM io.gapi.emulators.netty.HttpVersionRoutingHandler channelRead
INFO: Detected non-HTTP/2 connection.
Nov 06, 2025 11:27:54 AM io.gapi.emulators.netty.HttpVersionRoutingHandler channelRead
INFO: Detected non-HTTP/2 connection.
Nov 06, 2025 11:27:54 AM com.google.cloud.datastore.emulator.impl.context.EmulatorAuthorization warnAboutSecuredJwt
WARNING: expected an unsecured JWT, the emulator does not validate JWTs and IS NOT SECURE
Nov 06, 2025 11:27:54 AM io.gapi.emulators.netty.HttpVersionRoutingHandler channelRead
INFO: Detected non-HTTP/2 connection.
Nov 06, 2025 11:27:54 AM io.gapi.emulators.netty.HttpVersionRoutingHandler channelRead
INFO: Detected non-HTTP/2 connection.
Nov 06, 2025 11:27:54 AM io.gapi.emulators.netty.HttpVersionRoutingHandler channelRead
INFO: Detected non-HTTP/2 connection.
Nov 06, 2025 11:27:55 AM io.gapi.emulators.netty.HttpVersionRoutingHandler channelRead
INFO: Detected non-HTTP/2 connection.
Nov 06, 2025 11:27:55 AM com.google.cloud.datastore.emulator.impl.context.EmulatorAuthorization warnAboutSecuredJwt
WARNING: expected an unsecured JWT, the emulator does not validate JWTs and IS NOT SECURE
Nov 06, 2025 11:27:55 AM io.gapi.emulators.netty.HttpVersionRoutingHandler channelRead
INFO: Detected non-HTTP/2 connection.
Nov 06, 2025 11:27:55 AM io.gapi.emulators.netty.HttpVersionRoutingHandler channelRead
INFO: Detected non-HTTP/2 connection.
Nov 06, 2025 11:27:55 AM io.gapi.emulators.netty.HttpVersionRoutingHandler channelRead
INFO: Detected non-HTTP/2 connection.
Nov 06, 2025 11:27:55 AM io.gapi.emulators.netty.HttpVersionRoutingHandler channelRead
INFO: Detected non-HTTP/2 connection.
Nov 06, 2025 11:27:55 AM com.google.cloud.datastore.emulator.impl.context.EmulatorAuthorization warnAboutSecuredJwt
WARNING: expected an unsecured JWT, the emulator does not validate JWTs and IS NOT SECURE
Nov 06, 2025 11:27:55 AM io.gapi.emulators.netty.HttpVersionRoutingHandler channelRead
INFO: Detected non-HTTP/2 connection.
Nov 06, 2025 11:27:55 AM io.gapi.emulators.netty.HttpVersionRoutingHandler channelRead
INFO: Detected non-HTTP/2 connection.
Nov 06, 2025 11:27:55 AM io.gapi.emulators.netty.HttpVersionRoutingHandler channelRead
INFO: Detected non-HTTP/2 connection.
Nov 06, 2025 11:27:55 AM io.gapi.emulators.netty.HttpVersionRoutingHandler channelRead
INFO: Detected non-HTTP/2 connection.
Nov 06, 2025 11:27:55 AM com.google.cloud.datastore.emulator.impl.context.EmulatorAuthorization warnAboutSecuredJwt
WARNING: expected an unsecured JWT, the emulator does not validate JWTs and IS NOT SECURE
Nov 06, 2025 11:27:55 AM io.gapi.emulators.netty.HttpVersionRoutingHandler channelRead
INFO: Detected non-HTTP/2 connection.
Nov 06, 2025 11:27:55 AM io.gapi.emulators.netty.HttpVersionRoutingHandler channelRead
INFO: Detected non-HTTP/2 connection.
Nov 06, 2025 11:27:55 AM io.gapi.emulators.netty.HttpVersionRoutingHandler channelRead
INFO: Detected non-HTTP/2 connection.
Nov 06, 2025 11:27:56 AM io.gapi.emulators.netty.HttpVersionRoutingHandler channelRead
INFO: Detected non-HTTP/2 connection.
Nov 06, 2025 11:27:56 AM com.google.cloud.datastore.emulator.impl.context.EmulatorAuthorization warnAboutSecuredJwt
WARNING: expected an unsecured JWT, the emulator does not validate JWTs and IS NOT SECURE
Nov 06, 2025 11:27:56 AM io.gapi.emulators.netty.HttpVersionRoutingHandler channelRead
INFO: Detected non-HTTP/2 connection.
Nov 06, 2025 11:27:56 AM io.gapi.emulators.netty.HttpVersionRoutingHandler channelRead
INFO: Detected non-HTTP/2 connection.
Nov 06, 2025 11:27:56 AM io.gapi.emulators.netty.HttpVersionRoutingHandler channelRead
INFO: Detected non-HTTP/2 connection.
Nov 06, 2025 11:27:56 AM io.gapi.emulators.netty.HttpVersionRoutingHandler channelRead
INFO: Detected non-HTTP/2 connection.
Nov 06, 2025 11:27:56 AM com.google.cloud.datastore.emulator.impl.context.EmulatorAuthorization warnAboutSecuredJwt
WARNING: expected an unsecured JWT, the emulator does not validate JWTs and IS NOT SECURE
Nov 06, 2025 11:27:56 AM io.gapi.emulators.netty.HttpVersionRoutingHandler channelRead
INFO: Detected non-HTTP/2 connection.
Nov 06, 2025 11:27:56 AM io.gapi.emulators.netty.HttpVersionRoutingHandler channelRead
INFO: Detected non-HTTP/2 connection.
Nov 06, 2025 11:27:56 AM io.gapi.emulators.netty.HttpVersionRoutingHandler channelRead
INFO: Detected non-HTTP/2 connection.
Nov 06, 2025 11:27:57 AM io.gapi.emulators.netty.HttpVersionRoutingHandler channelRead
INFO: Detected non-HTTP/2 connection.
Nov 06, 2025 11:27:57 AM com.google.cloud.datastore.emulator.impl.context.EmulatorAuthorization warnAboutSecuredJwt
WARNING: expected an unsecured JWT, the emulator does not validate JWTs and IS NOT SECURE
Nov 06, 2025 11:27:57 AM io.gapi.emulators.netty.HttpVersionRoutingHandler channelRead
INFO: Detected non-HTTP/2 connection.
Nov 06, 2025 11:27:57 AM io.gapi.emulators.netty.HttpVersionRoutingHandler channelRead
INFO: Detected non-HTTP/2 connection.
Nov 06, 2025 11:27:57 AM io.gapi.emulators.netty.HttpVersionRoutingHandler channelRead
INFO: Detected non-HTTP/2 connection.
Nov 06, 2025 11:27:57 AM io.gapi.emulators.netty.HttpVersionRoutingHandler channelRead
INFO: Detected non-HTTP/2 connection.
Nov 06, 2025 11:27:57 AM com.google.cloud.datastore.emulator.impl.context.EmulatorAuthorization warnAboutSecuredJwt
WARNING: expected an unsecured JWT, the emulator does not validate JWTs and IS NOT SECURE
Nov 06, 2025 11:27:57 AM io.gapi.emulators.netty.HttpVersionRoutingHandler channelRead
INFO: Detected non-HTTP/2 connection.
Nov 06, 2025 11:27:57 AM io.gapi.emulators.netty.HttpVersionRoutingHandler channelRead
INFO: Detected non-HTTP/2 connection.
Nov 06, 2025 11:27:57 AM io.gapi.emulators.netty.HttpVersionRoutingHandler channelRead
INFO: Detected non-HTTP/2 connection.
Nov 06, 2025 11:27:58 AM io.gapi.emulators.netty.HttpVersionRoutingHandler channelRead
INFO: Detected non-HTTP/2 connection.
Nov 06, 2025 11:27:58 AM com.google.cloud.datastore.emulator.impl.context.EmulatorAuthorization warnAboutSecuredJwt
WARNING: expected an unsecured JWT, the emulator does not validate JWTs and IS NOT SECURE
Nov 06, 2025 11:27:58 AM io.gapi.emulators.netty.HttpVersionRoutingHandler channelRead
INFO: Detected non-HTTP/2 connection.
Nov 06, 2025 11:27:58 AM io.gapi.emulators.netty.HttpVersionRoutingHandler channelRead
INFO: Detected non-HTTP/2 connection.
Nov 06, 2025 11:27:58 AM io.gapi.emulators.netty.HttpVersionRoutingHandler channelRead
INFO: Detected non-HTTP/2 connection.
Nov 06, 2025 11:27:58 AM io.gapi.emulators.netty.HttpVersionRoutingHandler channelRead
INFO: Detected non-HTTP/2 connection.
Nov 06, 2025 11:27:58 AM com.google.cloud.datastore.emulator.impl.context.EmulatorAuthorization warnAboutSecuredJwt
WARNING: expected an unsecured JWT, the emulator does not validate JWTs and IS NOT SECURE
Nov 06, 2025 11:27:58 AM io.gapi.emulators.netty.HttpVersionRoutingHandler channelRead
INFO: Detected non-HTTP/2 connection.
Nov 06, 2025 11:27:58 AM io.gapi.emulators.netty.HttpVersionRoutingHandler channelRead
INFO: Detected non-HTTP/2 connection.
Nov 06, 2025 11:27:58 AM io.gapi.emulators.netty.HttpVersionRoutingHandler channelRead
INFO: Detected non-HTTP/2 connection.
Nov 06, 2025 11:27:59 AM io.gapi.emulators.netty.HttpVersionRoutingHandler channelRead
INFO: Detected non-HTTP/2 connection.
Nov 06, 2025 11:27:59 AM com.google.cloud.datastore.emulator.impl.context.EmulatorAuthorization warnAboutSecuredJwt
WARNING: expected an unsecured JWT, the emulator does not validate JWTs and IS NOT SECURE
Nov 06, 2025 11:27:59 AM io.gapi.emulators.netty.HttpVersionRoutingHandler channelRead
INFO: Detected non-HTTP/2 connection.
Nov 06, 2025 11:27:59 AM io.gapi.emulators.netty.HttpVersionRoutingHandler channelRead
INFO: Detected non-HTTP/2 connection.
Nov 06, 2025 11:27:59 AM io.gapi.emulators.netty.HttpVersionRoutingHandler channelRead
INFO: Detected non-HTTP/2 connection.
Nov 06, 2025 11:27:59 AM io.gapi.emulators.netty.HttpVersionRoutingHandler channelRead
INFO: Detected non-HTTP/2 connection.
Nov 06, 2025 11:27:59 AM com.google.cloud.datastore.emulator.impl.context.EmulatorAuthorization warnAboutSecuredJwt
WARNING: expected an unsecured JWT, the emulator does not validate JWTs and IS NOT SECURE
Nov 06, 2025 11:27:59 AM io.gapi.emulators.netty.HttpVersionRoutingHandler channelRead
INFO: Detected non-HTTP/2 connection.
Nov 06, 2025 11:27:59 AM io.gapi.emulators.netty.HttpVersionRoutingHandler channelRead
INFO: Detected non-HTTP/2 connection.
Nov 06, 2025 11:27:59 AM io.gapi.emulators.netty.HttpVersionRoutingHandler channelRead
INFO: Detected non-HTTP/2 connection.
Nov 06, 2025 11:27:59 AM io.gapi.emulators.netty.HttpVersionRoutingHandler channelRead
INFO: Detected non-HTTP/2 connection.
Nov 06, 2025 11:27:59 AM com.google.cloud.datastore.emulator.impl.context.EmulatorAuthorization warnAboutSecuredJwt
WARNING: expected an unsecured JWT, the emulator does not validate JWTs and IS NOT SECURE
Nov 06, 2025 11:27:59 AM io.gapi.emulators.netty.HttpVersionRoutingHandler channelRead
INFO: Detected non-HTTP/2 connection.
Nov 06, 2025 11:27:59 AM io.gapi.emulators.netty.HttpVersionRoutingHandler channelRead
INFO: Detected non-HTTP/2 connection.
Nov 06, 2025 11:27:59 AM io.gapi.emulators.netty.HttpVersionRoutingHandler channelRead
INFO: Detected non-HTTP/2 connection.
Nov 06, 2025 11:28:00 AM io.gapi.emulators.netty.HttpVersionRoutingHandler channelRead
INFO: Detected non-HTTP/2 connection.
Nov 06, 2025 11:28:00 AM com.google.cloud.datastore.emulator.impl.context.EmulatorAuthorization warnAboutSecuredJwt
WARNING: expected an unsecured JWT, the emulator does not validate JWTs and IS NOT SECURE
Nov 06, 2025 11:28:00 AM io.gapi.emulators.netty.HttpVersionRoutingHandler channelRead
INFO: Detected non-HTTP/2 connection.
Nov 06, 2025 11:28:00 AM io.gapi.emulators.netty.HttpVersionRoutingHandler channelRead
INFO: Detected non-HTTP/2 connection.
Nov 06, 2025 11:28:00 AM io.gapi.emulators.netty.HttpVersionRoutingHandler channelRead
INFO: Detected non-HTTP/2 connection.
Nov 06, 2025 11:28:00 AM io.gapi.emulators.netty.HttpVersionRoutingHandler channelRead
INFO: Detected non-HTTP/2 connection.
Nov 06, 2025 11:28:00 AM com.google.cloud.datastore.emulator.impl.context.EmulatorAuthorization warnAboutSecuredJwt
WARNING: expected an unsecured JWT, the emulator does not validate JWTs and IS NOT SECURE
Nov 06, 2025 11:28:00 AM io.gapi.emulators.netty.HttpVersionRoutingHandler channelRead
INFO: Detected non-HTTP/2 connection.
Nov 06, 2025 11:28:00 AM io.gapi.emulators.netty.HttpVersionRoutingHandler channelRead
INFO: Detected non-HTTP/2 connection.
Nov 06, 2025 11:28:00 AM io.gapi.emulators.netty.HttpVersionRoutingHandler channelRead
INFO: Detected non-HTTP/2 connection.
Nov 06, 2025 11:28:01 AM io.gapi.emulators.netty.HttpVersionRoutingHandler channelRead
INFO: Detected non-HTTP/2 connection.
Nov 06, 2025 11:28:01 AM com.google.cloud.datastore.emulator.impl.context.EmulatorAuthorization warnAboutSecuredJwt
WARNING: expected an unsecured JWT, the emulator does not validate JWTs and IS NOT SECURE
Nov 06, 2025 11:28:01 AM io.gapi.emulators.netty.HttpVersionRoutingHandler channelRead
INFO: Detected non-HTTP/2 connection.
Nov 06, 2025 11:28:01 AM io.gapi.emulators.netty.HttpVersionRoutingHandler channelRead
INFO: Detected non-HTTP/2 connection.
Nov 06, 2025 11:28:01 AM io.gapi.emulators.netty.HttpVersionRoutingHandler channelRead
INFO: Detected non-HTTP/2 connection.
Nov 06, 2025 11:28:01 AM io.gapi.emulators.netty.HttpVersionRoutingHandler channelRead
INFO: Detected non-HTTP/2 connection.
Nov 06, 2025 11:28:01 AM com.google.cloud.datastore.emulator.impl.context.EmulatorAuthorization warnAboutSecuredJwt
WARNING: expected an unsecured JWT, the emulator does not validate JWTs and IS NOT SECURE
Nov 06, 2025 11:28:01 AM io.gapi.emulators.netty.HttpVersionRoutingHandler channelRead
INFO: Detected non-HTTP/2 connection.
Nov 06, 2025 11:28:01 AM io.gapi.emulators.netty.HttpVersionRoutingHandler channelRead
INFO: Detected non-HTTP/2 connection.
Nov 06, 2025 11:28:01 AM io.gapi.emulators.netty.HttpVersionRoutingHandler channelRead
INFO: Detected non-HTTP/2 connection.
Nov 06, 2025 11:28:02 AM io.gapi.emulators.netty.HttpVersionRoutingHandler channelRead
INFO: Detected non-HTTP/2 connection.
Nov 06, 2025 11:28:02 AM com.google.cloud.datastore.emulator.impl.context.EmulatorAuthorization warnAboutSecuredJwt
WARNING: expected an unsecured JWT, the emulator does not validate JWTs and IS NOT SECURE
Nov 06, 2025 11:28:02 AM io.gapi.emulators.netty.HttpVersionRoutingHandler channelRead
INFO: Detected non-HTTP/2 connection.
Nov 06, 2025 11:28:02 AM io.gapi.emulators.netty.HttpVersionRoutingHandler channelRead
INFO: Detected non-HTTP/2 connection.
Nov 06, 2025 11:28:02 AM io.gapi.emulators.netty.HttpVersionRoutingHandler channelRead
INFO: Detected non-HTTP/2 connection.
Nov 06, 2025 11:28:02 AM io.gapi.emulators.netty.HttpVersionRoutingHandler channelRead
INFO: Detected non-HTTP/2 connection.
Nov 06, 2025 11:28:02 AM com.google.cloud.datastore.emulator.impl.context.EmulatorAuthorization warnAboutSecuredJwt
WARNING: expected an unsecured JWT, the emulator does not validate JWTs and IS NOT SECURE
Nov 06, 2025 11:28:02 AM io.gapi.emulators.netty.HttpVersionRoutingHandler channelRead
INFO: Detected non-HTTP/2 connection.
Nov 06, 2025 11:28:02 AM io.gapi.emulators.netty.HttpVersionRoutingHandler channelRead
INFO: Detected non-HTTP/2 connection.
Nov 06, 2025 11:28:02 AM io.gapi.emulators.netty.HttpVersionRoutingHandler channelRead
INFO: Detected non-HTTP/2 connection.
Nov 06, 2025 11:28:02 AM io.gapi.emulators.netty.HttpVersionRoutingHandler channelRead
INFO: Detected non-HTTP/2 connection.
Nov 06, 2025 11:28:02 AM com.google.cloud.datastore.emulator.impl.context.EmulatorAuthorization warnAboutSecuredJwt
WARNING: expected an unsecured JWT, the emulator does not validate JWTs and IS NOT SECURE
Nov 06, 2025 11:28:02 AM io.gapi.emulators.netty.HttpVersionRoutingHandler channelRead
INFO: Detected non-HTTP/2 connection.
Nov 06, 2025 11:28:02 AM io.gapi.emulators.netty.HttpVersionRoutingHandler channelRead
INFO: Detected non-HTTP/2 connection.
Nov 06, 2025 11:28:02 AM io.gapi.emulators.netty.HttpVersionRoutingHandler channelRead
INFO: Detected non-HTTP/2 connection.
Nov 06, 2025 11:28:03 AM io.gapi.emulators.netty.HttpVersionRoutingHandler channelRead
INFO: Detected non-HTTP/2 connection.
Nov 06, 2025 11:28:03 AM com.google.cloud.datastore.emulator.impl.context.EmulatorAuthorization warnAboutSecuredJwt
WARNING: expected an unsecured JWT, the emulator does not validate JWTs and IS NOT SECURE
Nov 06, 2025 11:28:03 AM io.gapi.emulators.netty.HttpVersionRoutingHandler channelRead
INFO: Detected non-HTTP/2 connection.
Nov 06, 2025 11:28:03 AM io.gapi.emulators.netty.HttpVersionRoutingHandler channelRead
INFO: Detected non-HTTP/2 connection.
Nov 06, 2025 11:28:03 AM io.gapi.emulators.netty.HttpVersionRoutingHandler channelRead
INFO: Detected non-HTTP/2 connection.
Nov 06, 2025 11:28:03 AM io.gapi.emulators.netty.HttpVersionRoutingHandler channelRead
INFO: Detected non-HTTP/2 connection.
Nov 06, 2025 11:28:03 AM com.google.cloud.datastore.emulator.impl.context.EmulatorAuthorization warnAboutSecuredJwt
WARNING: expected an unsecured JWT, the emulator does not validate JWTs and IS NOT SECURE
Nov 06, 2025 11:28:03 AM io.gapi.emulators.netty.HttpVersionRoutingHandler channelRead
INFO: Detected non-HTTP/2 connection.
Nov 06, 2025 11:28:03 AM io.gapi.emulators.netty.HttpVersionRoutingHandler channelRead
INFO: Detected non-HTTP/2 connection.
Nov 06, 2025 11:28:03 AM io.gapi.emulators.netty.HttpVersionRoutingHandler channelRead
INFO: Detected non-HTTP/2 connection.
Nov 06, 2025 11:28:04 AM io.gapi.emulators.netty.HttpVersionRoutingHandler channelRead
INFO: Detected non-HTTP/2 connection.
Nov 06, 2025 11:28:04 AM com.google.cloud.datastore.emulator.impl.context.EmulatorAuthorization warnAboutSecuredJwt
WARNING: expected an unsecured JWT, the emulator does not validate JWTs and IS NOT SECURE
Nov 06, 2025 11:28:04 AM io.gapi.emulators.netty.HttpVersionRoutingHandler channelRead
INFO: Detected non-HTTP/2 connection.
Nov 06, 2025 11:28:04 AM io.gapi.emulators.netty.HttpVersionRoutingHandler channelRead
INFO: Detected non-HTTP/2 connection.
Nov 06, 2025 11:28:04 AM io.gapi.emulators.netty.HttpVersionRoutingHandler channelRead
INFO: Detected non-HTTP/2 connection.
Nov 06, 2025 11:28:04 AM io.gapi.emulators.netty.HttpVersionRoutingHandler channelRead
INFO: Detected non-HTTP/2 connection.
Nov 06, 2025 11:28:04 AM com.google.cloud.datastore.emulator.impl.context.EmulatorAuthorization warnAboutSecuredJwt
WARNING: expected an unsecured JWT, the emulator does not validate JWTs and IS NOT SECURE
Nov 06, 2025 11:28:04 AM io.gapi.emulators.netty.HttpVersionRoutingHandler channelRead
INFO: Detected non-HTTP/2 connection.
Nov 06, 2025 11:28:04 AM io.gapi.emulators.netty.HttpVersionRoutingHandler channelRead
INFO: Detected non-HTTP/2 connection.
Nov 06, 2025 11:28:04 AM io.gapi.emulators.netty.HttpVersionRoutingHandler channelRead
INFO: Detected non-HTTP/2 connection.
Nov 06, 2025 11:28:05 AM io.gapi.emulators.netty.HttpVersionRoutingHandler channelRead
INFO: Detected non-HTTP/2 connection.
Nov 06, 2025 11:28:05 AM com.google.cloud.datastore.emulator.impl.context.EmulatorAuthorization warnAboutSecuredJwt
WARNING: expected an unsecured JWT, the emulator does not validate JWTs and IS NOT SECURE
Nov 06, 2025 11:28:05 AM io.gapi.emulators.netty.HttpVersionRoutingHandler channelRead
INFO: Detected non-HTTP/2 connection.
Nov 06, 2025 11:28:05 AM io.gapi.emulators.netty.HttpVersionRoutingHandler channelRead
INFO: Detected non-HTTP/2 connection.
Nov 06, 2025 11:28:05 AM io.gapi.emulators.netty.HttpVersionRoutingHandler channelRead
INFO: Detected non-HTTP/2 connection.
Nov 06, 2025 11:28:05 AM io.gapi.emulators.netty.HttpVersionRoutingHandler channelRead
INFO: Detected non-HTTP/2 connection.
Nov 06, 2025 11:28:05 AM com.google.cloud.datastore.emulator.impl.context.EmulatorAuthorization warnAboutSecuredJwt
WARNING: expected an unsecured JWT, the emulator does not validate JWTs and IS NOT SECURE
Nov 06, 2025 11:28:05 AM io.gapi.emulators.netty.HttpVersionRoutingHandler channelRead
INFO: Detected non-HTTP/2 connection.
Nov 06, 2025 11:28:05 AM io.gapi.emulators.netty.HttpVersionRoutingHandler channelRead
INFO: Detected non-HTTP/2 connection.
Nov 06, 2025 11:28:05 AM io.gapi.emulators.netty.HttpVersionRoutingHandler channelRead
INFO: Detected non-HTTP/2 connection.
Nov 06, 2025 11:28:06 AM io.gapi.emulators.netty.HttpVersionRoutingHandler channelRead
INFO: Detected non-HTTP/2 connection.
Nov 06, 2025 11:28:06 AM com.google.cloud.datastore.emulator.impl.context.EmulatorAuthorization warnAboutSecuredJwt
WARNING: expected an unsecured JWT, the emulator does not validate JWTs and IS NOT SECURE
Nov 06, 2025 11:28:06 AM io.gapi.emulators.netty.HttpVersionRoutingHandler channelRead
INFO: Detected non-HTTP/2 connection.
Nov 06, 2025 11:28:06 AM io.gapi.emulators.netty.HttpVersionRoutingHandler channelRead
INFO: Detected non-HTTP/2 connection.
Nov 06, 2025 11:28:06 AM io.gapi.emulators.netty.HttpVersionRoutingHandler channelRead
INFO: Detected non-HTTP/2 connection.
Nov 06, 2025 11:28:06 AM io.gapi.emulators.netty.HttpVersionRoutingHandler channelRead
INFO: Detected non-HTTP/2 connection.
Nov 06, 2025 11:28:06 AM com.google.cloud.datastore.emulator.impl.context.EmulatorAuthorization warnAboutSecuredJwt
WARNING: expected an unsecured JWT, the emulator does not validate JWTs and IS NOT SECURE
Nov 06, 2025 11:28:06 AM io.gapi.emulators.netty.HttpVersionRoutingHandler channelRead
INFO: Detected non-HTTP/2 connection.
Nov 06, 2025 11:28:06 AM io.gapi.emulators.netty.HttpVersionRoutingHandler channelRead
INFO: Detected non-HTTP/2 connection.
Nov 06, 2025 11:28:06 AM io.gapi.emulators.netty.HttpVersionRoutingHandler channelRead
INFO: Detected non-HTTP/2 connection.
Nov 06, 2025 11:28:06 AM io.gapi.emulators.netty.HttpVersionRoutingHandler channelRead
INFO: Detected non-HTTP/2 connection.
Nov 06, 2025 11:28:06 AM com.google.cloud.datastore.emulator.impl.context.EmulatorAuthorization warnAboutSecuredJwt
WARNING: expected an unsecured JWT, the emulator does not validate JWTs and IS NOT SECURE
Nov 06, 2025 11:28:06 AM io.gapi.emulators.netty.HttpVersionRoutingHandler channelRead
INFO: Detected non-HTTP/2 connection.
Nov 06, 2025 11:28:06 AM io.gapi.emulators.netty.HttpVersionRoutingHandler channelRead
INFO: Detected non-HTTP/2 connection.
Nov 06, 2025 11:28:06 AM io.gapi.emulators.netty.HttpVersionRoutingHandler channelRead
INFO: Detected non-HTTP/2 connection.
Nov 06, 2025 11:28:07 AM io.gapi.emulators.netty.HttpVersionRoutingHandler channelRead
INFO: Detected non-HTTP/2 connection.
Nov 06, 2025 11:28:07 AM com.google.cloud.datastore.emulator.impl.context.EmulatorAuthorization warnAboutSecuredJwt
WARNING: expected an unsecured JWT, the emulator does not validate JWTs and IS NOT SECURE
Nov 06, 2025 11:28:07 AM io.gapi.emulators.netty.HttpVersionRoutingHandler channelRead
INFO: Detected non-HTTP/2 connection.
Nov 06, 2025 11:28:07 AM io.gapi.emulators.netty.HttpVersionRoutingHandler channelRead
INFO: Detected non-HTTP/2 connection.
Nov 06, 2025 11:28:07 AM io.gapi.emulators.netty.HttpVersionRoutingHandler channelRead
INFO: Detected non-HTTP/2 connection.
Nov 06, 2025 11:28:07 AM io.gapi.emulators.netty.HttpVersionRoutingHandler channelRead
INFO: Detected non-HTTP/2 connection.
Nov 06, 2025 11:28:07 AM com.google.cloud.datastore.emulator.impl.context.EmulatorAuthorization warnAboutSecuredJwt
WARNING: expected an unsecured JWT, the emulator does not validate JWTs and IS NOT SECURE
Nov 06, 2025 11:28:07 AM io.gapi.emulators.netty.HttpVersionRoutingHandler channelRead
INFO: Detected non-HTTP/2 connection.
Nov 06, 2025 11:28:07 AM io.gapi.emulators.netty.HttpVersionRoutingHandler channelRead
INFO: Detected non-HTTP/2 connection.
Nov 06, 2025 11:28:07 AM io.gapi.emulators.netty.HttpVersionRoutingHandler channelRead
INFO: Detected non-HTTP/2 connection.
Nov 06, 2025 11:28:08 AM io.gapi.emulators.netty.HttpVersionRoutingHandler channelRead
INFO: Detected non-HTTP/2 connection.
Nov 06, 2025 11:28:08 AM com.google.cloud.datastore.emulator.impl.context.EmulatorAuthorization warnAboutSecuredJwt
WARNING: expected an unsecured JWT, the emulator does not validate JWTs and IS NOT SECURE
Nov 06, 2025 11:28:08 AM io.gapi.emulators.netty.HttpVersionRoutingHandler channelRead
INFO: Detected non-HTTP/2 connection.
Nov 06, 2025 11:28:08 AM io.gapi.emulators.netty.HttpVersionRoutingHandler channelRead
INFO: Detected non-HTTP/2 connection.
Nov 06, 2025 11:28:08 AM io.gapi.emulators.netty.HttpVersionRoutingHandler channelRead
INFO: Detected non-HTTP/2 connection.
Nov 06, 2025 11:28:08 AM io.gapi.emulators.netty.HttpVersionRoutingHandler channelRead
INFO: Detected non-HTTP/2 connection.
Nov 06, 2025 11:28:08 AM com.google.cloud.datastore.emulator.impl.context.EmulatorAuthorization warnAboutSecuredJwt
WARNING: expected an unsecured JWT, the emulator does not validate JWTs and IS NOT SECURE
Nov 06, 2025 11:28:08 AM io.gapi.emulators.netty.HttpVersionRoutingHandler channelRead
INFO: Detected non-HTTP/2 connection.
Nov 06, 2025 11:28:08 AM io.gapi.emulators.netty.HttpVersionRoutingHandler channelRead
INFO: Detected non-HTTP/2 connection.
Nov 06, 2025 11:28:08 AM io.gapi.emulators.netty.HttpVersionRoutingHandler channelRead
INFO: Detected non-HTTP/2 connection.
Nov 06, 2025 11:28:09 AM io.gapi.emulators.netty.HttpVersionRoutingHandler channelRead
INFO: Detected non-HTTP/2 connection.
Nov 06, 2025 11:28:09 AM com.google.cloud.datastore.emulator.impl.context.EmulatorAuthorization warnAboutSecuredJwt
WARNING: expected an unsecured JWT, the emulator does not validate JWTs and IS NOT SECURE
Nov 06, 2025 11:28:09 AM io.gapi.emulators.netty.HttpVersionRoutingHandler channelRead
INFO: Detected non-HTTP/2 connection.
Nov 06, 2025 11:28:09 AM io.gapi.emulators.netty.HttpVersionRoutingHandler channelRead
INFO: Detected non-HTTP/2 connection.
Nov 06, 2025 11:28:09 AM io.gapi.emulators.netty.HttpVersionRoutingHandler channelRead
INFO: Detected non-HTTP/2 connection.
Nov 06, 2025 11:28:09 AM io.gapi.emulators.netty.HttpVersionRoutingHandler channelRead
INFO: Detected non-HTTP/2 connection.
Nov 06, 2025 11:28:09 AM com.google.cloud.datastore.emulator.impl.context.EmulatorAuthorization warnAboutSecuredJwt
WARNING: expected an unsecured JWT, the emulator does not validate JWTs and IS NOT SECURE
Nov 06, 2025 11:28:09 AM io.gapi.emulators.netty.HttpVersionRoutingHandler channelRead
INFO: Detected non-HTTP/2 connection.
Nov 06, 2025 11:28:09 AM io.gapi.emulators.netty.HttpVersionRoutingHandler channelRead
INFO: Detected non-HTTP/2 connection.
Nov 06, 2025 11:28:09 AM io.gapi.emulators.netty.HttpVersionRoutingHandler channelRead
INFO: Detected non-HTTP/2 connection.
Nov 06, 2025 11:28:09 AM io.gapi.emulators.netty.HttpVersionRoutingHandler channelRead
INFO: Detected non-HTTP/2 connection.
Nov 06, 2025 11:28:09 AM com.google.cloud.datastore.emulator.impl.context.EmulatorAuthorization warnAboutSecuredJwt
WARNING: expected an unsecured JWT, the emulator does not validate JWTs and IS NOT SECURE
Nov 06, 2025 11:28:09 AM io.gapi.emulators.netty.HttpVersionRoutingHandler channelRead
INFO: Detected non-HTTP/2 connection.
Nov 06, 2025 11:28:09 AM io.gapi.emulators.netty.HttpVersionRoutingHandler channelRead
INFO: Detected non-HTTP/2 connection.
Nov 06, 2025 11:28:09 AM io.gapi.emulators.netty.HttpVersionRoutingHandler channelRead
INFO: Detected non-HTTP/2 connection.
Nov 06, 2025 11:28:10 AM io.gapi.emulators.netty.HttpVersionRoutingHandler channelRead
INFO: Detected non-HTTP/2 connection.
Nov 06, 2025 11:28:10 AM com.google.cloud.datastore.emulator.impl.context.EmulatorAuthorization warnAboutSecuredJwt
WARNING: expected an unsecured JWT, the emulator does not validate JWTs and IS NOT SECURE
Nov 06, 2025 11:28:10 AM io.gapi.emulators.netty.HttpVersionRoutingHandler channelRead
INFO: Detected non-HTTP/2 connection.
Nov 06, 2025 11:28:10 AM io.gapi.emulators.netty.HttpVersionRoutingHandler channelRead
INFO: Detected non-HTTP/2 connection.
Nov 06, 2025 11:28:10 AM io.gapi.emulators.netty.HttpVersionRoutingHandler channelRead
INFO: Detected non-HTTP/2 connection.
Nov 06, 2025 11:28:10 AM io.gapi.emulators.netty.HttpVersionRoutingHandler channelRead
INFO: Detected non-HTTP/2 connection.
Nov 06, 2025 11:28:10 AM com.google.cloud.datastore.emulator.impl.context.EmulatorAuthorization warnAboutSecuredJwt
WARNING: expected an unsecured JWT, the emulator does not validate JWTs and IS NOT SECURE
Nov 06, 2025 11:28:10 AM io.gapi.emulators.netty.HttpVersionRoutingHandler channelRead
INFO: Detected non-HTTP/2 connection.
Nov 06, 2025 11:28:10 AM io.gapi.emulators.netty.HttpVersionRoutingHandler channelRead
INFO: Detected non-HTTP/2 connection.
Nov 06, 2025 11:28:10 AM io.gapi.emulators.netty.HttpVersionRoutingHandler channelRead
INFO: Detected non-HTTP/2 connection.
Nov 06, 2025 11:28:11 AM io.gapi.emulators.netty.HttpVersionRoutingHandler channelRead
INFO: Detected non-HTTP/2 connection.
Nov 06, 2025 11:28:11 AM com.google.cloud.datastore.emulator.impl.context.EmulatorAuthorization warnAboutSecuredJwt
WARNING: expected an unsecured JWT, the emulator does not validate JWTs and IS NOT SECURE
Nov 06, 2025 11:28:11 AM io.gapi.emulators.netty.HttpVersionRoutingHandler channelRead
INFO: Detected non-HTTP/2 connection.
Nov 06, 2025 11:28:11 AM io.gapi.emulators.netty.HttpVersionRoutingHandler channelRead
INFO: Detected non-HTTP/2 connection.
Nov 06, 2025 11:28:11 AM io.gapi.emulators.netty.HttpVersionRoutingHandler channelRead
INFO: Detected non-HTTP/2 connection.
Nov 06, 2025 11:28:11 AM io.gapi.emulators.netty.HttpVersionRoutingHandler channelRead
INFO: Detected non-HTTP/2 connection.
Nov 06, 2025 11:28:11 AM com.google.cloud.datastore.emulator.impl.context.EmulatorAuthorization warnAboutSecuredJwt
WARNING: expected an unsecured JWT, the emulator does not validate JWTs and IS NOT SECURE
Nov 06, 2025 11:28:11 AM io.gapi.emulators.netty.HttpVersionRoutingHandler channelRead
INFO: Detected non-HTTP/2 connection.
Nov 06, 2025 11:28:11 AM io.gapi.emulators.netty.HttpVersionRoutingHandler channelRead
INFO: Detected non-HTTP/2 connection.
Nov 06, 2025 11:28:11 AM io.gapi.emulators.netty.HttpVersionRoutingHandler channelRead
INFO: Detected non-HTTP/2 connection.
Nov 06, 2025 11:28:12 AM io.gapi.emulators.netty.HttpVersionRoutingHandler channelRead
INFO: Detected non-HTTP/2 connection.
Nov 06, 2025 11:28:12 AM com.google.cloud.datastore.emulator.impl.context.EmulatorAuthorization warnAboutSecuredJwt
WARNING: expected an unsecured JWT, the emulator does not validate JWTs and IS NOT SECURE
Nov 06, 2025 11:28:12 AM io.gapi.emulators.netty.HttpVersionRoutingHandler channelRead
INFO: Detected non-HTTP/2 connection.
Nov 06, 2025 11:28:12 AM io.gapi.emulators.netty.HttpVersionRoutingHandler channelRead
INFO: Detected non-HTTP/2 connection.
Nov 06, 2025 11:28:12 AM io.gapi.emulators.netty.HttpVersionRoutingHandler channelRead
INFO: Detected non-HTTP/2 connection.
Nov 06, 2025 11:28:12 AM io.gapi.emulators.netty.HttpVersionRoutingHandler channelRead
INFO: Detected non-HTTP/2 connection.
Nov 06, 2025 11:28:12 AM com.google.cloud.datastore.emulator.impl.context.EmulatorAuthorization warnAboutSecuredJwt
WARNING: expected an unsecured JWT, the emulator does not validate JWTs and IS NOT SECURE
Nov 06, 2025 11:28:12 AM io.gapi.emulators.netty.HttpVersionRoutingHandler channelRead
INFO: Detected non-HTTP/2 connection.
Nov 06, 2025 11:28:12 AM io.gapi.emulators.netty.HttpVersionRoutingHandler channelRead
INFO: Detected non-HTTP/2 connection.
Nov 06, 2025 11:28:12 AM io.gapi.emulators.netty.HttpVersionRoutingHandler channelRead
INFO: Detected non-HTTP/2 connection.
Nov 06, 2025 11:28:13 AM io.gapi.emulators.netty.HttpVersionRoutingHandler channelRead
INFO: Detected non-HTTP/2 connection.
Nov 06, 2025 11:28:13 AM com.google.cloud.datastore.emulator.impl.context.EmulatorAuthorization warnAboutSecuredJwt
WARNING: expected an unsecured JWT, the emulator does not validate JWTs and IS NOT SECURE
Nov 06, 2025 11:28:13 AM io.gapi.emulators.netty.HttpVersionRoutingHandler channelRead
INFO: Detected non-HTTP/2 connection.
Nov 06, 2025 11:28:13 AM io.gapi.emulators.netty.HttpVersionRoutingHandler channelRead
INFO: Detected non-HTTP/2 connection.
Nov 06, 2025 11:28:13 AM io.gapi.emulators.netty.HttpVersionRoutingHandler channelRead
INFO: Detected non-HTTP/2 connection.
Nov 06, 2025 11:28:13 AM io.gapi.emulators.netty.HttpVersionRoutingHandler channelRead
INFO: Detected non-HTTP/2 connection.
Nov 06, 2025 11:28:13 AM com.google.cloud.datastore.emulator.impl.context.EmulatorAuthorization warnAboutSecuredJwt
WARNING: expected an unsecured JWT, the emulator does not validate JWTs and IS NOT SECURE
Nov 06, 2025 11:28:13 AM io.gapi.emulators.netty.HttpVersionRoutingHandler channelRead
INFO: Detected non-HTTP/2 connection.
Nov 06, 2025 11:28:13 AM io.gapi.emulators.netty.HttpVersionRoutingHandler channelRead
INFO: Detected non-HTTP/2 connection.
Nov 06, 2025 11:28:13 AM io.gapi.emulators.netty.HttpVersionRoutingHandler channelRead
INFO: Detected non-HTTP/2 connection.
Nov 06, 2025 11:28:13 AM io.gapi.emulators.netty.HttpVersionRoutingHandler channelRead
INFO: Detected non-HTTP/2 connection.
Nov 06, 2025 11:28:13 AM com.google.cloud.datastore.emulator.impl.context.EmulatorAuthorization warnAboutSecuredJwt
WARNING: expected an unsecured JWT, the emulator does not validate JWTs and IS NOT SECURE
Nov 06, 2025 11:28:13 AM io.gapi.emulators.netty.HttpVersionRoutingHandler channelRead
INFO: Detected non-HTTP/2 connection.
Nov 06, 2025 11:28:14 AM io.gapi.emulators.netty.HttpVersionRoutingHandler channelRead
INFO: Detected non-HTTP/2 connection.
Nov 06, 2025 11:28:14 AM io.gapi.emulators.netty.HttpVersionRoutingHandler channelRead
INFO: Detected non-HTTP/2 connection.
Nov 06, 2025 11:28:14 AM io.gapi.emulators.netty.HttpVersionRoutingHandler channelRead
INFO: Detected non-HTTP/2 connection.
Nov 06, 2025 11:28:14 AM com.google.cloud.datastore.emulator.impl.context.EmulatorAuthorization warnAboutSecuredJwt
WARNING: expected an unsecured JWT, the emulator does not validate JWTs and IS NOT SECURE
Nov 06, 2025 11:28:14 AM io.gapi.emulators.netty.HttpVersionRoutingHandler channelRead
INFO: Detected non-HTTP/2 connection.
Nov 06, 2025 11:28:14 AM io.gapi.emulators.netty.HttpVersionRoutingHandler channelRead
INFO: Detected non-HTTP/2 connection.
Nov 06, 2025 11:28:14 AM io.gapi.emulators.netty.HttpVersionRoutingHandler channelRead
INFO: Detected non-HTTP/2 connection.
Nov 06, 2025 11:28:14 AM io.gapi.emulators.netty.HttpVersionRoutingHandler channelRead
INFO: Detected non-HTTP/2 connection.
Nov 06, 2025 11:28:14 AM com.google.cloud.datastore.emulator.impl.context.EmulatorAuthorization warnAboutSecuredJwt
WARNING: expected an unsecured JWT, the emulator does not validate JWTs and IS NOT SECURE
Nov 06, 2025 11:28:14 AM io.gapi.emulators.netty.HttpVersionRoutingHandler channelRead
INFO: Detected non-HTTP/2 connection.
Nov 06, 2025 11:28:14 AM io.gapi.emulators.netty.HttpVersionRoutingHandler channelRead
INFO: Detected non-HTTP/2 connection.
Nov 06, 2025 11:28:14 AM io.gapi.emulators.netty.HttpVersionRoutingHandler channelRead
INFO: Detected non-HTTP/2 connection.
Nov 06, 2025 11:28:15 AM io.gapi.emulators.netty.HttpVersionRoutingHandler channelRead
INFO: Detected non-HTTP/2 connection.
Nov 06, 2025 11:28:15 AM com.google.cloud.datastore.emulator.impl.context.EmulatorAuthorization warnAboutSecuredJwt
WARNING: expected an unsecured JWT, the emulator does not validate JWTs and IS NOT SECURE
Nov 06, 2025 11:28:15 AM io.gapi.emulators.netty.HttpVersionRoutingHandler channelRead
INFO: Detected non-HTTP/2 connection.
Nov 06, 2025 11:28:15 AM io.gapi.emulators.netty.HttpVersionRoutingHandler channelRead
INFO: Detected non-HTTP/2 connection.
Nov 06, 2025 11:28:15 AM io.gapi.emulators.netty.HttpVersionRoutingHandler channelRead
INFO: Detected non-HTTP/2 connection.
Nov 06, 2025 11:28:15 AM io.gapi.emulators.netty.HttpVersionRoutingHandler channelRead
INFO: Detected non-HTTP/2 connection.
Nov 06, 2025 11:28:15 AM com.google.cloud.datastore.emulator.impl.context.EmulatorAuthorization warnAboutSecuredJwt
WARNING: expected an unsecured JWT, the emulator does not validate JWTs and IS NOT SECURE
Nov 06, 2025 11:28:15 AM io.gapi.emulators.netty.HttpVersionRoutingHandler channelRead
INFO: Detected non-HTTP/2 connection.
Nov 06, 2025 11:28:15 AM io.gapi.emulators.netty.HttpVersionRoutingHandler channelRead
INFO: Detected non-HTTP/2 connection.
Nov 06, 2025 11:28:15 AM io.gapi.emulators.netty.HttpVersionRoutingHandler channelRead
INFO: Detected non-HTTP/2 connection.
Nov 06, 2025 11:28:16 AM io.gapi.emulators.netty.HttpVersionRoutingHandler channelRead
INFO: Detected non-HTTP/2 connection.
Nov 06, 2025 11:28:16 AM com.google.cloud.datastore.emulator.impl.context.EmulatorAuthorization warnAboutSecuredJwt
WARNING: expected an unsecured JWT, the emulator does not validate JWTs and IS NOT SECURE
Nov 06, 2025 11:28:16 AM io.gapi.emulators.netty.HttpVersionRoutingHandler channelRead
INFO: Detected non-HTTP/2 connection.
Nov 06, 2025 11:28:16 AM io.gapi.emulators.netty.HttpVersionRoutingHandler channelRead
INFO: Detected non-HTTP/2 connection.
Nov 06, 2025 11:28:16 AM io.gapi.emulators.netty.HttpVersionRoutingHandler channelRead
INFO: Detected non-HTTP/2 connection.
Nov 06, 2025 11:28:16 AM io.gapi.emulators.netty.HttpVersionRoutingHandler channelRead
INFO: Detected non-HTTP/2 connection.
Nov 06, 2025 11:28:16 AM com.google.cloud.datastore.emulator.impl.context.EmulatorAuthorization warnAboutSecuredJwt
WARNING: expected an unsecured JWT, the emulator does not validate JWTs and IS NOT SECURE
Nov 06, 2025 11:28:16 AM io.gapi.emulators.netty.HttpVersionRoutingHandler channelRead
INFO: Detected non-HTTP/2 connection.
Nov 06, 2025 11:28:16 AM io.gapi.emulators.netty.HttpVersionRoutingHandler channelRead
INFO: Detected non-HTTP/2 connection.
Nov 06, 2025 11:28:16 AM io.gapi.emulators.netty.HttpVersionRoutingHandler channelRead
INFO: Detected non-HTTP/2 connection.
Nov 06, 2025 11:28:17 AM io.gapi.emulators.netty.HttpVersionRoutingHandler channelRead
INFO: Detected non-HTTP/2 connection.
Nov 06, 2025 11:28:17 AM com.google.cloud.datastore.emulator.impl.context.EmulatorAuthorization warnAboutSecuredJwt
WARNING: expected an unsecured JWT, the emulator does not validate JWTs and IS NOT SECURE
Nov 06, 2025 11:28:17 AM io.gapi.emulators.netty.HttpVersionRoutingHandler channelRead
INFO: Detected non-HTTP/2 connection.
Nov 06, 2025 11:28:17 AM io.gapi.emulators.netty.HttpVersionRoutingHandler channelRead
INFO: Detected non-HTTP/2 connection.
Nov 06, 2025 11:28:17 AM io.gapi.emulators.netty.HttpVersionRoutingHandler channelRead
INFO: Detected non-HTTP/2 connection.
Nov 06, 2025 11:28:17 AM io.gapi.emulators.netty.HttpVersionRoutingHandler channelRead
INFO: Detected non-HTTP/2 connection.
Nov 06, 2025 11:28:17 AM com.google.cloud.datastore.emulator.impl.context.EmulatorAuthorization warnAboutSecuredJwt
WARNING: expected an unsecured JWT, the emulator does not validate JWTs and IS NOT SECURE
Nov 06, 2025 11:28:17 AM io.gapi.emulators.netty.HttpVersionRoutingHandler channelRead
INFO: Detected non-HTTP/2 connection.
Nov 06, 2025 11:28:17 AM io.gapi.emulators.netty.HttpVersionRoutingHandler channelRead
INFO: Detected non-HTTP/2 connection.
Nov 06, 2025 11:28:17 AM io.gapi.emulators.netty.HttpVersionRoutingHandler channelRead
INFO: Detected non-HTTP/2 connection.
Nov 06, 2025 11:28:18 AM io.gapi.emulators.netty.HttpVersionRoutingHandler channelRead
INFO: Detected non-HTTP/2 connection.
Nov 06, 2025 11:28:18 AM com.google.cloud.datastore.emulator.impl.context.EmulatorAuthorization warnAboutSecuredJwt
WARNING: expected an unsecured JWT, the emulator does not validate JWTs and IS NOT SECURE
Nov 06, 2025 11:28:18 AM io.gapi.emulators.netty.HttpVersionRoutingHandler channelRead
INFO: Detected non-HTTP/2 connection.
Nov 06, 2025 11:28:18 AM io.gapi.emulators.netty.HttpVersionRoutingHandler channelRead
INFO: Detected non-HTTP/2 connection.
Nov 06, 2025 11:28:18 AM io.gapi.emulators.netty.HttpVersionRoutingHandler channelRead
INFO: Detected non-HTTP/2 connection.
Nov 06, 2025 11:28:19 AM io.gapi.emulators.netty.HttpVersionRoutingHandler channelRead
INFO: Detected non-HTTP/2 connection.
Nov 06, 2025 11:28:19 AM com.google.cloud.datastore.emulator.impl.context.EmulatorAuthorization warnAboutSecuredJwt
WARNING: expected an unsecured JWT, the emulator does not validate JWTs and IS NOT SECURE
Nov 06, 2025 11:28:19 AM io.gapi.emulators.netty.HttpVersionRoutingHandler channelRead
INFO: Detected non-HTTP/2 connection.
Nov 06, 2025 11:28:19 AM io.gapi.emulators.netty.HttpVersionRoutingHandler channelRead
INFO: Detected non-HTTP/2 connection.
Nov 06, 2025 11:28:19 AM io.gapi.emulators.netty.HttpVersionRoutingHandler channelRead
INFO: Detected non-HTTP/2 connection.
Nov 06, 2025 11:28:19 AM io.gapi.emulators.netty.HttpVersionRoutingHandler channelRead
INFO: Detected non-HTTP/2 connection.
Nov 06, 2025 11:28:19 AM com.google.cloud.datastore.emulator.impl.context.EmulatorAuthorization warnAboutSecuredJwt
WARNING: expected an unsecured JWT, the emulator does not validate JWTs and IS NOT SECURE
Nov 06, 2025 11:28:19 AM io.gapi.emulators.netty.HttpVersionRoutingHandler channelRead
INFO: Detected non-HTTP/2 connection.
Nov 06, 2025 11:28:19 AM io.gapi.emulators.netty.HttpVersionRoutingHandler channelRead
INFO: Detected non-HTTP/2 connection.
Nov 06, 2025 11:28:19 AM io.gapi.emulators.netty.HttpVersionRoutingHandler channelRead
INFO: Detected non-HTTP/2 connection.
Nov 06, 2025 11:28:20 AM io.gapi.emulators.netty.HttpVersionRoutingHandler channelRead
INFO: Detected non-HTTP/2 connection.
Nov 06, 2025 11:28:20 AM com.google.cloud.datastore.emulator.impl.context.EmulatorAuthorization warnAboutSecuredJwt
WARNING: expected an unsecured JWT, the emulator does not validate JWTs and IS NOT SECURE
Nov 06, 2025 11:28:20 AM io.gapi.emulators.netty.HttpVersionRoutingHandler channelRead
INFO: Detected non-HTTP/2 connection.
Nov 06, 2025 11:28:20 AM io.gapi.emulators.netty.HttpVersionRoutingHandler channelRead
INFO: Detected non-HTTP/2 connection.
Nov 06, 2025 11:28:20 AM io.gapi.emulators.netty.HttpVersionRoutingHandler channelRead
INFO: Detected non-HTTP/2 connection.
Nov 06, 2025 11:28:20 AM io.gapi.emulators.netty.HttpVersionRoutingHandler channelRead
INFO: Detected non-HTTP/2 connection.
Nov 06, 2025 11:28:20 AM com.google.cloud.datastore.emulator.impl.context.EmulatorAuthorization warnAboutSecuredJwt
WARNING: expected an unsecured JWT, the emulator does not validate JWTs and IS NOT SECURE
Nov 06, 2025 11:28:20 AM io.gapi.emulators.netty.HttpVersionRoutingHandler channelRead
INFO: Detected non-HTTP/2 connection.
Nov 06, 2025 11:28:20 AM io.gapi.emulators.netty.HttpVersionRoutingHandler channelRead
INFO: Detected non-HTTP/2 connection.
Nov 06, 2025 11:28:20 AM io.gapi.emulators.netty.HttpVersionRoutingHandler channelRead
INFO: Detected non-HTTP/2 connection.
Nov 06, 2025 11:28:21 AM io.gapi.emulators.netty.HttpVersionRoutingHandler channelRead
INFO: Detected non-HTTP/2 connection.
Nov 06, 2025 11:28:21 AM com.google.cloud.datastore.emulator.impl.context.EmulatorAuthorization warnAboutSecuredJwt
WARNING: expected an unsecured JWT, the emulator does not validate JWTs and IS NOT SECURE
Nov 06, 2025 11:28:21 AM io.gapi.emulators.netty.HttpVersionRoutingHandler channelRead
INFO: Detected non-HTTP/2 connection.
Nov 06, 2025 11:28:21 AM io.gapi.emulators.netty.HttpVersionRoutingHandler channelRead
INFO: Detected non-HTTP/2 connection.
Nov 06, 2025 11:28:21 AM io.gapi.emulators.netty.HttpVersionRoutingHandler channelRead
INFO: Detected non-HTTP/2 connection.
Nov 06, 2025 11:28:21 AM io.gapi.emulators.netty.HttpVersionRoutingHandler channelRead
INFO: Detected non-HTTP/2 connection.
Nov 06, 2025 11:28:21 AM com.google.cloud.datastore.emulator.impl.context.EmulatorAuthorization warnAboutSecuredJwt
WARNING: expected an unsecured JWT, the emulator does not validate JWTs and IS NOT SECURE
Nov 06, 2025 11:28:21 AM io.gapi.emulators.netty.HttpVersionRoutingHandler channelRead
INFO: Detected non-HTTP/2 connection.
Nov 06, 2025 11:28:21 AM io.gapi.emulators.netty.HttpVersionRoutingHandler channelRead
INFO: Detected non-HTTP/2 connection.
Nov 06, 2025 11:28:21 AM io.gapi.emulators.netty.HttpVersionRoutingHandler channelRead
INFO: Detected non-HTTP/2 connection.
Nov 06, 2025 11:28:22 AM io.gapi.emulators.netty.HttpVersionRoutingHandler channelRead
INFO: Detected non-HTTP/2 connection.
Nov 06, 2025 11:28:22 AM com.google.cloud.datastore.emulator.impl.context.EmulatorAuthorization warnAboutSecuredJwt
WARNING: expected an unsecured JWT, the emulator does not validate JWTs and IS NOT SECURE
Nov 06, 2025 11:28:22 AM io.gapi.emulators.netty.HttpVersionRoutingHandler channelRead
INFO: Detected non-HTTP/2 connection.
Nov 06, 2025 11:28:22 AM io.gapi.emulators.netty.HttpVersionRoutingHandler channelRead
INFO: Detected non-HTTP/2 connection.
Nov 06, 2025 11:28:22 AM io.gapi.emulators.netty.HttpVersionRoutingHandler channelRead
INFO: Detected non-HTTP/2 connection.
Nov 06, 2025 11:28:22 AM io.gapi.emulators.netty.HttpVersionRoutingHandler channelRead
INFO: Detected non-HTTP/2 connection.
Nov 06, 2025 11:28:22 AM com.google.cloud.datastore.emulator.impl.context.EmulatorAuthorization warnAboutSecuredJwt
WARNING: expected an unsecured JWT, the emulator does not validate JWTs and IS NOT SECURE
Nov 06, 2025 11:28:22 AM io.gapi.emulators.netty.HttpVersionRoutingHandler channelRead
INFO: Detected non-HTTP/2 connection.
Nov 06, 2025 11:28:22 AM io.gapi.emulators.netty.HttpVersionRoutingHandler channelRead
INFO: Detected non-HTTP/2 connection.
Nov 06, 2025 11:28:22 AM io.gapi.emulators.netty.HttpVersionRoutingHandler channelRead
INFO: Detected non-HTTP/2 connection.
Nov 06, 2025 11:28:22 AM io.gapi.emulators.netty.HttpVersionRoutingHandler channelRead
INFO: Detected non-HTTP/2 connection.
Nov 06, 2025 11:28:22 AM com.google.cloud.datastore.emulator.impl.context.EmulatorAuthorization warnAboutSecuredJwt
WARNING: expected an unsecured JWT, the emulator does not validate JWTs and IS NOT SECURE
Nov 06, 2025 11:28:22 AM io.gapi.emulators.netty.HttpVersionRoutingHandler channelRead
INFO: Detected non-HTTP/2 connection.
Nov 06, 2025 11:28:22 AM io.gapi.emulators.netty.HttpVersionRoutingHandler channelRead
INFO: Detected non-HTTP/2 connection.
Nov 06, 2025 11:28:22 AM io.gapi.emulators.netty.HttpVersionRoutingHandler channelRead
INFO: Detected non-HTTP/2 connection.
Nov 06, 2025 11:28:23 AM io.gapi.emulators.netty.HttpVersionRoutingHandler channelRead
INFO: Detected non-HTTP/2 connection.
Nov 06, 2025 11:28:23 AM com.google.cloud.datastore.emulator.impl.context.EmulatorAuthorization warnAboutSecuredJwt
WARNING: expected an unsecured JWT, the emulator does not validate JWTs and IS NOT SECURE
Nov 06, 2025 11:28:23 AM io.gapi.emulators.netty.HttpVersionRoutingHandler channelRead
INFO: Detected non-HTTP/2 connection.
Nov 06, 2025 11:28:23 AM io.gapi.emulators.netty.HttpVersionRoutingHandler channelRead
INFO: Detected non-HTTP/2 connection.
Nov 06, 2025 11:28:23 AM io.gapi.emulators.netty.HttpVersionRoutingHandler channelRead
INFO: Detected non-HTTP/2 connection.
Nov 06, 2025 11:28:23 AM io.gapi.emulators.netty.HttpVersionRoutingHandler channelRead
INFO: Detected non-HTTP/2 connection.
Nov 06, 2025 11:28:23 AM com.google.cloud.datastore.emulator.impl.context.EmulatorAuthorization warnAboutSecuredJwt
WARNING: expected an unsecured JWT, the emulator does not validate JWTs and IS NOT SECURE
Nov 06, 2025 11:28:23 AM io.gapi.emulators.netty.HttpVersionRoutingHandler channelRead
INFO: Detected non-HTTP/2 connection.
Nov 06, 2025 11:28:23 AM io.gapi.emulators.netty.HttpVersionRoutingHandler channelRead
INFO: Detected non-HTTP/2 connection.
Nov 06, 2025 11:28:23 AM io.gapi.emulators.netty.HttpVersionRoutingHandler channelRead
INFO: Detected non-HTTP/2 connection.
Nov 06, 2025 11:28:24 AM io.gapi.emulators.netty.HttpVersionRoutingHandler channelRead
INFO: Detected non-HTTP/2 connection.
Nov 06, 2025 11:28:24 AM com.google.cloud.datastore.emulator.impl.context.EmulatorAuthorization warnAboutSecuredJwt
WARNING: expected an unsecured JWT, the emulator does not validate JWTs and IS NOT SECURE
Nov 06, 2025 11:28:24 AM io.gapi.emulators.netty.HttpVersionRoutingHandler channelRead
INFO: Detected non-HTTP/2 connection.
Nov 06, 2025 11:28:24 AM io.gapi.emulators.netty.HttpVersionRoutingHandler channelRead
INFO: Detected non-HTTP/2 connection.
Nov 06, 2025 11:28:24 AM io.gapi.emulators.netty.HttpVersionRoutingHandler channelRead
INFO: Detected non-HTTP/2 connection.
Nov 06, 2025 11:28:24 AM io.gapi.emulators.netty.HttpVersionRoutingHandler channelRead
INFO: Detected non-HTTP/2 connection.
Nov 06, 2025 11:28:24 AM com.google.cloud.datastore.emulator.impl.context.EmulatorAuthorization warnAboutSecuredJwt
WARNING: expected an unsecured JWT, the emulator does not validate JWTs and IS NOT SECURE
Nov 06, 2025 11:28:24 AM io.gapi.emulators.netty.HttpVersionRoutingHandler channelRead
INFO: Detected non-HTTP/2 connection.
Nov 06, 2025 11:28:24 AM io.gapi.emulators.netty.HttpVersionRoutingHandler channelRead
INFO: Detected non-HTTP/2 connection.
Nov 06, 2025 11:28:24 AM io.gapi.emulators.netty.HttpVersionRoutingHandler channelRead
INFO: Detected non-HTTP/2 connection.
Nov 06, 2025 11:28:25 AM io.gapi.emulators.netty.HttpVersionRoutingHandler channelRead
INFO: Detected non-HTTP/2 connection.
Nov 06, 2025 11:28:25 AM com.google.cloud.datastore.emulator.impl.context.EmulatorAuthorization warnAboutSecuredJwt
WARNING: expected an unsecured JWT, the emulator does not validate JWTs and IS NOT SECURE
Nov 06, 2025 11:28:25 AM io.gapi.emulators.netty.HttpVersionRoutingHandler channelRead
INFO: Detected non-HTTP/2 connection.
Nov 06, 2025 11:28:25 AM io.gapi.emulators.netty.HttpVersionRoutingHandler channelRead
INFO: Detected non-HTTP/2 connection.
Nov 06, 2025 11:28:25 AM io.gapi.emulators.netty.HttpVersionRoutingHandler channelRead
INFO: Detected non-HTTP/2 connection.
Nov 06, 2025 11:28:25 AM io.gapi.emulators.netty.HttpVersionRoutingHandler channelRead
INFO: Detected non-HTTP/2 connection.
Nov 06, 2025 11:28:25 AM com.google.cloud.datastore.emulator.impl.context.EmulatorAuthorization warnAboutSecuredJwt
WARNING: expected an unsecured JWT, the emulator does not validate JWTs and IS NOT SECURE
Nov 06, 2025 11:28:25 AM io.gapi.emulators.netty.HttpVersionRoutingHandler channelRead
INFO: Detected non-HTTP/2 connection.
Nov 06, 2025 11:28:25 AM io.gapi.emulators.netty.HttpVersionRoutingHandler channelRead
INFO: Detected non-HTTP/2 connection.
Nov 06, 2025 11:28:25 AM io.gapi.emulators.netty.HttpVersionRoutingHandler channelRead
INFO: Detected non-HTTP/2 connection.
Nov 06, 2025 11:28:26 AM io.gapi.emulators.netty.HttpVersionRoutingHandler channelRead
INFO: Detected non-HTTP/2 connection.
Nov 06, 2025 11:28:26 AM com.google.cloud.datastore.emulator.impl.context.EmulatorAuthorization warnAboutSecuredJwt
WARNING: expected an unsecured JWT, the emulator does not validate JWTs and IS NOT SECURE
Nov 06, 2025 11:28:26 AM io.gapi.emulators.netty.HttpVersionRoutingHandler channelRead
INFO: Detected non-HTTP/2 connection.
Nov 06, 2025 11:28:26 AM io.gapi.emulators.netty.HttpVersionRoutingHandler channelRead
INFO: Detected non-HTTP/2 connection.
Nov 06, 2025 11:28:26 AM io.gapi.emulators.netty.HttpVersionRoutingHandler channelRead
INFO: Detected non-HTTP/2 connection.
Nov 06, 2025 11:28:26 AM io.gapi.emulators.netty.HttpVersionRoutingHandler channelRead
INFO: Detected non-HTTP/2 connection.
Nov 06, 2025 11:28:26 AM com.google.cloud.datastore.emulator.impl.context.EmulatorAuthorization warnAboutSecuredJwt
WARNING: expected an unsecured JWT, the emulator does not validate JWTs and IS NOT SECURE
Nov 06, 2025 11:28:26 AM io.gapi.emulators.netty.HttpVersionRoutingHandler channelRead
INFO: Detected non-HTTP/2 connection.
Nov 06, 2025 11:28:26 AM io.gapi.emulators.netty.HttpVersionRoutingHandler channelRead
INFO: Detected non-HTTP/2 connection.
Nov 06, 2025 11:28:26 AM io.gapi.emulators.netty.HttpVersionRoutingHandler channelRead
INFO: Detected non-HTTP/2 connection.
Nov 06, 2025 11:28:27 AM io.gapi.emulators.netty.HttpVersionRoutingHandler channelRead
INFO: Detected non-HTTP/2 connection.
Nov 06, 2025 11:28:27 AM com.google.cloud.datastore.emulator.impl.context.EmulatorAuthorization warnAboutSecuredJwt
WARNING: expected an unsecured JWT, the emulator does not validate JWTs and IS NOT SECURE
Nov 06, 2025 11:28:27 AM io.gapi.emulators.netty.HttpVersionRoutingHandler channelRead
INFO: Detected non-HTTP/2 connection.
Nov 06, 2025 11:28:27 AM io.gapi.emulators.netty.HttpVersionRoutingHandler channelRead
INFO: Detected non-HTTP/2 connection.
Nov 06, 2025 11:28:27 AM io.gapi.emulators.netty.HttpVersionRoutingHandler channelRead
INFO: Detected non-HTTP/2 connection.
Nov 06, 2025 11:28:27 AM io.gapi.emulators.netty.HttpVersionRoutingHandler channelRead
INFO: Detected non-HTTP/2 connection.
Nov 06, 2025 11:28:27 AM com.google.cloud.datastore.emulator.impl.context.EmulatorAuthorization warnAboutSecuredJwt
WARNING: expected an unsecured JWT, the emulator does not validate JWTs and IS NOT SECURE
Nov 06, 2025 11:28:27 AM io.gapi.emulators.netty.HttpVersionRoutingHandler channelRead
INFO: Detected non-HTTP/2 connection.
Nov 06, 2025 11:28:27 AM io.gapi.emulators.netty.HttpVersionRoutingHandler channelRead
INFO: Detected non-HTTP/2 connection.
Nov 06, 2025 11:28:27 AM io.gapi.emulators.netty.HttpVersionRoutingHandler channelRead
INFO: Detected non-HTTP/2 connection.
Nov 06, 2025 11:28:28 AM io.gapi.emulators.netty.HttpVersionRoutingHandler channelRead
INFO: Detected non-HTTP/2 connection.
Nov 06, 2025 11:28:28 AM com.google.cloud.datastore.emulator.impl.context.EmulatorAuthorization warnAboutSecuredJwt
WARNING: expected an unsecured JWT, the emulator does not validate JWTs and IS NOT SECURE
Nov 06, 2025 11:28:28 AM io.gapi.emulators.netty.HttpVersionRoutingHandler channelRead
INFO: Detected non-HTTP/2 connection.
Nov 06, 2025 11:28:28 AM io.gapi.emulators.netty.HttpVersionRoutingHandler channelRead
INFO: Detected non-HTTP/2 connection.
Nov 06, 2025 11:28:28 AM io.gapi.emulators.netty.HttpVersionRoutingHandler channelRead
INFO: Detected non-HTTP/2 connection.
Nov 06, 2025 11:28:28 AM io.gapi.emulators.netty.HttpVersionRoutingHandler channelRead
INFO: Detected non-HTTP/2 connection.
Nov 06, 2025 11:28:28 AM com.google.cloud.datastore.emulator.impl.context.EmulatorAuthorization warnAboutSecuredJwt
WARNING: expected an unsecured JWT, the emulator does not validate JWTs and IS NOT SECURE
Nov 06, 2025 11:28:28 AM io.gapi.emulators.netty.HttpVersionRoutingHandler channelRead
INFO: Detected non-HTTP/2 connection.
Nov 06, 2025 11:28:28 AM io.gapi.emulators.netty.HttpVersionRoutingHandler channelRead
INFO: Detected non-HTTP/2 connection.
Nov 06, 2025 11:28:28 AM io.gapi.emulators.netty.HttpVersionRoutingHandler channelRead
INFO: Detected non-HTTP/2 connection.
Nov 06, 2025 11:28:28 AM io.gapi.emulators.netty.HttpVersionRoutingHandler channelRead
INFO: Detected non-HTTP/2 connection.
Nov 06, 2025 11:28:28 AM com.google.cloud.datastore.emulator.impl.context.EmulatorAuthorization warnAboutSecuredJwt
WARNING: expected an unsecured JWT, the emulator does not validate JWTs and IS NOT SECURE
Nov 06, 2025 11:28:28 AM io.gapi.emulators.netty.HttpVersionRoutingHandler channelRead
INFO: Detected non-HTTP/2 connection.
Nov 06, 2025 11:28:29 AM io.gapi.emulators.netty.HttpVersionRoutingHandler channelRead
INFO: Detected non-HTTP/2 connection.
Nov 06, 2025 11:28:29 AM io.gapi.emulators.netty.HttpVersionRoutingHandler channelRead
INFO: Detected non-HTTP/2 connection.
Nov 06, 2025 11:28:29 AM io.gapi.emulators.netty.HttpVersionRoutingHandler channelRead
INFO: Detected non-HTTP/2 connection.
Nov 06, 2025 11:28:29 AM com.google.cloud.datastore.emulator.impl.context.EmulatorAuthorization warnAboutSecuredJwt
WARNING: expected an unsecured JWT, the emulator does not validate JWTs and IS NOT SECURE
Nov 06, 2025 11:28:29 AM io.gapi.emulators.netty.HttpVersionRoutingHandler channelRead
INFO: Detected non-HTTP/2 connection.
Nov 06, 2025 11:28:29 AM io.gapi.emulators.netty.HttpVersionRoutingHandler channelRead
INFO: Detected non-HTTP/2 connection.
Nov 06, 2025 11:28:29 AM io.gapi.emulators.netty.HttpVersionRoutingHandler channelRead
INFO: Detected non-HTTP/2 connection.
Nov 06, 2025 11:28:29 AM io.gapi.emulators.netty.HttpVersionRoutingHandler channelRead
INFO: Detected non-HTTP/2 connection.
Nov 06, 2025 11:28:29 AM com.google.cloud.datastore.emulator.impl.context.EmulatorAuthorization warnAboutSecuredJwt
WARNING: expected an unsecured JWT, the emulator does not validate JWTs and IS NOT SECURE
Nov 06, 2025 11:28:29 AM io.gapi.emulators.netty.HttpVersionRoutingHandler channelRead
INFO: Detected non-HTTP/2 connection.
Nov 06, 2025 11:28:29 AM io.gapi.emulators.netty.HttpVersionRoutingHandler channelRead
INFO: Detected non-HTTP/2 connection.
Nov 06, 2025 11:28:29 AM io.gapi.emulators.netty.HttpVersionRoutingHandler channelRead
INFO: Detected non-HTTP/2 connection.
Nov 06, 2025 11:28:30 AM io.gapi.emulators.netty.HttpVersionRoutingHandler channelRead
INFO: Detected non-HTTP/2 connection.
Nov 06, 2025 11:28:30 AM com.google.cloud.datastore.emulator.impl.context.EmulatorAuthorization warnAboutSecuredJwt
WARNING: expected an unsecured JWT, the emulator does not validate JWTs and IS NOT SECURE
Nov 06, 2025 11:28:30 AM io.gapi.emulators.netty.HttpVersionRoutingHandler channelRead
INFO: Detected non-HTTP/2 connection.
Nov 06, 2025 11:28:30 AM io.gapi.emulators.netty.HttpVersionRoutingHandler channelRead
INFO: Detected non-HTTP/2 connection.
Nov 06, 2025 11:28:30 AM io.gapi.emulators.netty.HttpVersionRoutingHandler channelRead
INFO: Detected non-HTTP/2 connection.
Nov 06, 2025 11:28:30 AM io.gapi.emulators.netty.HttpVersionRoutingHandler channelRead
INFO: Detected non-HTTP/2 connection.
Nov 06, 2025 11:28:30 AM com.google.cloud.datastore.emulator.impl.context.EmulatorAuthorization warnAboutSecuredJwt
WARNING: expected an unsecured JWT, the emulator does not validate JWTs and IS NOT SECURE
Nov 06, 2025 11:28:30 AM io.gapi.emulators.netty.HttpVersionRoutingHandler channelRead
INFO: Detected non-HTTP/2 connection.
Nov 06, 2025 11:28:30 AM io.gapi.emulators.netty.HttpVersionRoutingHandler channelRead
INFO: Detected non-HTTP/2 connection.
Nov 06, 2025 11:28:30 AM io.gapi.emulators.netty.HttpVersionRoutingHandler channelRead
INFO: Detected non-HTTP/2 connection.
Nov 06, 2025 11:28:31 AM io.gapi.emulators.netty.HttpVersionRoutingHandler channelRead
INFO: Detected non-HTTP/2 connection.
Nov 06, 2025 11:28:31 AM com.google.cloud.datastore.emulator.impl.context.EmulatorAuthorization warnAboutSecuredJwt
WARNING: expected an unsecured JWT, the emulator does not validate JWTs and IS NOT SECURE
Nov 06, 2025 11:28:31 AM io.gapi.emulators.netty.HttpVersionRoutingHandler channelRead
INFO: Detected non-HTTP/2 connection.
Nov 06, 2025 11:28:31 AM io.gapi.emulators.netty.HttpVersionRoutingHandler channelRead
INFO: Detected non-HTTP/2 connection.
Nov 06, 2025 11:28:31 AM io.gapi.emulators.netty.HttpVersionRoutingHandler channelRead
INFO: Detected non-HTTP/2 connection.
Nov 06, 2025 11:28:31 AM io.gapi.emulators.netty.HttpVersionRoutingHandler channelRead
INFO: Detected non-HTTP/2 connection.
Nov 06, 2025 11:28:31 AM com.google.cloud.datastore.emulator.impl.context.EmulatorAuthorization warnAboutSecuredJwt
WARNING: expected an unsecured JWT, the emulator does not validate JWTs and IS NOT SECURE
Nov 06, 2025 11:28:31 AM io.gapi.emulators.netty.HttpVersionRoutingHandler channelRead
INFO: Detected non-HTTP/2 connection.
Nov 06, 2025 11:28:31 AM io.gapi.emulators.netty.HttpVersionRoutingHandler channelRead
INFO: Detected non-HTTP/2 connection.
Nov 06, 2025 11:28:31 AM io.gapi.emulators.netty.HttpVersionRoutingHandler channelRead
INFO: Detected non-HTTP/2 connection.
Nov 06, 2025 11:28:32 AM io.gapi.emulators.netty.HttpVersionRoutingHandler channelRead
INFO: Detected non-HTTP/2 connection.
Nov 06, 2025 11:28:32 AM com.google.cloud.datastore.emulator.impl.context.EmulatorAuthorization warnAboutSecuredJwt
WARNING: expected an unsecured JWT, the emulator does not validate JWTs and IS NOT SECURE
Nov 06, 2025 11:28:32 AM io.gapi.emulators.netty.HttpVersionRoutingHandler channelRead
INFO: Detected non-HTTP/2 connection.
Nov 06, 2025 11:28:32 AM io.gapi.emulators.netty.HttpVersionRoutingHandler channelRead
INFO: Detected non-HTTP/2 connection.
Nov 06, 2025 11:28:32 AM io.gapi.emulators.netty.HttpVersionRoutingHandler channelRead
INFO: Detected non-HTTP/2 connection.
Nov 06, 2025 11:28:32 AM io.gapi.emulators.netty.HttpVersionRoutingHandler channelRead
INFO: Detected non-HTTP/2 connection.
Nov 06, 2025 11:28:32 AM com.google.cloud.datastore.emulator.impl.context.EmulatorAuthorization warnAboutSecuredJwt
WARNING: expected an unsecured JWT, the emulator does not validate JWTs and IS NOT SECURE
Nov 06, 2025 11:28:32 AM io.gapi.emulators.netty.HttpVersionRoutingHandler channelRead
INFO: Detected non-HTTP/2 connection.
Nov 06, 2025 11:28:32 AM io.gapi.emulators.netty.HttpVersionRoutingHandler channelRead
INFO: Detected non-HTTP/2 connection.
Nov 06, 2025 11:28:32 AM io.gapi.emulators.netty.HttpVersionRoutingHandler channelRead
INFO: Detected non-HTTP/2 connection.
Nov 06, 2025 11:28:32 AM io.gapi.emulators.netty.HttpVersionRoutingHandler channelRead
INFO: Detected non-HTTP/2 connection.
Nov 06, 2025 11:28:32 AM com.google.cloud.datastore.emulator.impl.context.EmulatorAuthorization warnAboutSecuredJwt
WARNING: expected an unsecured JWT, the emulator does not validate JWTs and IS NOT SECURE
Nov 06, 2025 11:28:32 AM io.gapi.emulators.netty.HttpVersionRoutingHandler channelRead
INFO: Detected non-HTTP/2 connection.
Nov 06, 2025 11:28:33 AM io.gapi.emulators.netty.HttpVersionRoutingHandler channelRead
INFO: Detected non-HTTP/2 connection.
Nov 06, 2025 11:28:33 AM io.gapi.emulators.netty.HttpVersionRoutingHandler channelRead
INFO: Detected non-HTTP/2 connection.
Nov 06, 2025 11:28:33 AM io.gapi.emulators.netty.HttpVersionRoutingHandler channelRead
INFO: Detected non-HTTP/2 connection.
Nov 06, 2025 11:28:33 AM com.google.cloud.datastore.emulator.impl.context.EmulatorAuthorization warnAboutSecuredJwt
WARNING: expected an unsecured JWT, the emulator does not validate JWTs and IS NOT SECURE
Nov 06, 2025 11:28:33 AM io.gapi.emulators.netty.HttpVersionRoutingHandler channelRead
INFO: Detected non-HTTP/2 connection.
Nov 06, 2025 11:28:33 AM io.gapi.emulators.netty.HttpVersionRoutingHandler channelRead
INFO: Detected non-HTTP/2 connection.
Nov 06, 2025 11:28:33 AM io.gapi.emulators.netty.HttpVersionRoutingHandler channelRead
INFO: Detected non-HTTP/2 connection.
Nov 06, 2025 11:28:33 AM io.gapi.emulators.netty.HttpVersionRoutingHandler channelRead
INFO: Detected non-HTTP/2 connection.
Nov 06, 2025 11:28:33 AM com.google.cloud.datastore.emulator.impl.context.EmulatorAuthorization warnAboutSecuredJwt
WARNING: expected an unsecured JWT, the emulator does not validate JWTs and IS NOT SECURE
Nov 06, 2025 11:28:33 AM io.gapi.emulators.netty.HttpVersionRoutingHandler channelRead
INFO: Detected non-HTTP/2 connection.
Nov 06, 2025 11:28:33 AM io.gapi.emulators.netty.HttpVersionRoutingHandler channelRead
INFO: Detected non-HTTP/2 connection.
Nov 06, 2025 11:28:33 AM io.gapi.emulators.netty.HttpVersionRoutingHandler channelRead
INFO: Detected non-HTTP/2 connection.
Nov 06, 2025 11:28:34 AM io.gapi.emulators.netty.HttpVersionRoutingHandler channelRead
INFO: Detected non-HTTP/2 connection.
Nov 06, 2025 11:28:34 AM com.google.cloud.datastore.emulator.impl.context.EmulatorAuthorization warnAboutSecuredJwt
WARNING: expected an unsecured JWT, the emulator does not validate JWTs and IS NOT SECURE
Nov 06, 2025 11:28:34 AM io.gapi.emulators.netty.HttpVersionRoutingHandler channelRead
INFO: Detected non-HTTP/2 connection.
Nov 06, 2025 11:28:34 AM io.gapi.emulators.netty.HttpVersionRoutingHandler channelRead
INFO: Detected non-HTTP/2 connection.
Nov 06, 2025 11:28:34 AM io.gapi.emulators.netty.HttpVersionRoutingHandler channelRead
INFO: Detected non-HTTP/2 connection.
Nov 06, 2025 11:28:34 AM io.gapi.emulators.netty.HttpVersionRoutingHandler channelRead
INFO: Detected non-HTTP/2 connection.
Nov 06, 2025 11:28:34 AM com.google.cloud.datastore.emulator.impl.context.EmulatorAuthorization warnAboutSecuredJwt
WARNING: expected an unsecured JWT, the emulator does not validate JWTs and IS NOT SECURE
Nov 06, 2025 11:28:34 AM io.gapi.emulators.netty.HttpVersionRoutingHandler channelRead
INFO: Detected non-HTTP/2 connection.
Nov 06, 2025 11:28:34 AM io.gapi.emulators.netty.HttpVersionRoutingHandler channelRead
INFO: Detected non-HTTP/2 connection.
Nov 06, 2025 11:28:34 AM io.gapi.emulators.netty.HttpVersionRoutingHandler channelRead
INFO: Detected non-HTTP/2 connection.
Nov 06, 2025 11:28:34 AM io.gapi.emulators.netty.HttpVersionRoutingHandler channelRead
INFO: Detected non-HTTP/2 connection.
Nov 06, 2025 11:28:34 AM com.google.cloud.datastore.emulator.impl.context.EmulatorAuthorization warnAboutSecuredJwt
WARNING: expected an unsecured JWT, the emulator does not validate JWTs and IS NOT SECURE
Nov 06, 2025 11:28:35 AM io.gapi.emulators.netty.HttpVersionRoutingHandler channelRead
INFO: Detected non-HTTP/2 connection.
Nov 06, 2025 11:28:35 AM io.gapi.emulators.netty.HttpVersionRoutingHandler channelRead
INFO: Detected non-HTTP/2 connection.
Nov 06, 2025 11:28:35 AM io.gapi.emulators.netty.HttpVersionRoutingHandler channelRead
INFO: Detected non-HTTP/2 connection.
Nov 06, 2025 11:28:35 AM io.gapi.emulators.netty.HttpVersionRoutingHandler channelRead
INFO: Detected non-HTTP/2 connection.
Nov 06, 2025 11:28:35 AM com.google.cloud.datastore.emulator.impl.context.EmulatorAuthorization warnAboutSecuredJwt
WARNING: expected an unsecured JWT, the emulator does not validate JWTs and IS NOT SECURE
Nov 06, 2025 11:28:35 AM io.gapi.emulators.netty.HttpVersionRoutingHandler channelRead
INFO: Detected non-HTTP/2 connection.
Nov 06, 2025 11:28:35 AM io.gapi.emulators.netty.HttpVersionRoutingHandler channelRead
INFO: Detected non-HTTP/2 connection.
Nov 06, 2025 11:28:35 AM io.gapi.emulators.netty.HttpVersionRoutingHandler channelRead
INFO: Detected non-HTTP/2 connection.
Nov 06, 2025 11:28:35 AM io.gapi.emulators.netty.HttpVersionRoutingHandler channelRead
INFO: Detected non-HTTP/2 connection.
Nov 06, 2025 11:28:35 AM com.google.cloud.datastore.emulator.impl.context.EmulatorAuthorization warnAboutSecuredJwt
WARNING: expected an unsecured JWT, the emulator does not validate JWTs and IS NOT SECURE
Nov 06, 2025 11:28:35 AM io.gapi.emulators.netty.HttpVersionRoutingHandler channelRead
INFO: Detected non-HTTP/2 connection.
Nov 06, 2025 11:28:35 AM io.gapi.emulators.netty.HttpVersionRoutingHandler channelRead
INFO: Detected non-HTTP/2 connection.
Nov 06, 2025 11:28:35 AM io.gapi.emulators.netty.HttpVersionRoutingHandler channelRead
INFO: Detected non-HTTP/2 connection.
Nov 06, 2025 11:28:36 AM io.gapi.emulators.netty.HttpVersionRoutingHandler channelRead
INFO: Detected non-HTTP/2 connection.
Nov 06, 2025 11:28:36 AM com.google.cloud.datastore.emulator.impl.context.EmulatorAuthorization warnAboutSecuredJwt
WARNING: expected an unsecured JWT, the emulator does not validate JWTs and IS NOT SECURE
Nov 06, 2025 11:28:36 AM io.gapi.emulators.netty.HttpVersionRoutingHandler channelRead
INFO: Detected non-HTTP/2 connection.
Nov 06, 2025 11:28:36 AM io.gapi.emulators.netty.HttpVersionRoutingHandler channelRead
INFO: Detected non-HTTP/2 connection.
Nov 06, 2025 11:28:36 AM io.gapi.emulators.netty.HttpVersionRoutingHandler channelRead
INFO: Detected non-HTTP/2 connection.
Nov 06, 2025 11:28:36 AM io.gapi.emulators.netty.HttpVersionRoutingHandler channelRead
INFO: Detected non-HTTP/2 connection.
Nov 06, 2025 11:28:36 AM com.google.cloud.datastore.emulator.impl.context.EmulatorAuthorization warnAboutSecuredJwt
WARNING: expected an unsecured JWT, the emulator does not validate JWTs and IS NOT SECURE
Nov 06, 2025 11:28:36 AM io.gapi.emulators.netty.HttpVersionRoutingHandler channelRead
INFO: Detected non-HTTP/2 connection.
Nov 06, 2025 11:28:36 AM io.gapi.emulators.netty.HttpVersionRoutingHandler channelRead
INFO: Detected non-HTTP/2 connection.
Nov 06, 2025 11:28:36 AM io.gapi.emulators.netty.HttpVersionRoutingHandler channelRead
INFO: Detected non-HTTP/2 connection.
Nov 06, 2025 11:28:37 AM io.gapi.emulators.netty.HttpVersionRoutingHandler channelRead
INFO: Detected non-HTTP/2 connection.
Nov 06, 2025 11:28:37 AM com.google.cloud.datastore.emulator.impl.context.EmulatorAuthorization warnAboutSecuredJwt
WARNING: expected an unsecured JWT, the emulator does not validate JWTs and IS NOT SECURE
Nov 06, 2025 11:28:37 AM io.gapi.emulators.netty.HttpVersionRoutingHandler channelRead
INFO: Detected non-HTTP/2 connection.
Nov 06, 2025 11:28:37 AM io.gapi.emulators.netty.HttpVersionRoutingHandler channelRead
INFO: Detected non-HTTP/2 connection.
Nov 06, 2025 11:28:37 AM io.gapi.emulators.netty.HttpVersionRoutingHandler channelRead
INFO: Detected non-HTTP/2 connection.
Nov 06, 2025 11:28:37 AM io.gapi.emulators.netty.HttpVersionRoutingHandler channelRead
INFO: Detected non-HTTP/2 connection.
Nov 06, 2025 11:28:37 AM com.google.cloud.datastore.emulator.impl.context.EmulatorAuthorization warnAboutSecuredJwt
WARNING: expected an unsecured JWT, the emulator does not validate JWTs and IS NOT SECURE
Nov 06, 2025 11:28:37 AM io.gapi.emulators.netty.HttpVersionRoutingHandler channelRead
INFO: Detected non-HTTP/2 connection.
Nov 06, 2025 11:28:37 AM io.gapi.emulators.netty.HttpVersionRoutingHandler channelRead
INFO: Detected non-HTTP/2 connection.
Nov 06, 2025 11:28:37 AM io.gapi.emulators.netty.HttpVersionRoutingHandler channelRead
INFO: Detected non-HTTP/2 connection.
Nov 06, 2025 11:28:38 AM io.gapi.emulators.netty.HttpVersionRoutingHandler channelRead
INFO: Detected non-HTTP/2 connection.
Nov 06, 2025 11:28:38 AM com.google.cloud.datastore.emulator.impl.context.EmulatorAuthorization warnAboutSecuredJwt
WARNING: expected an unsecured JWT, the emulator does not validate JWTs and IS NOT SECURE
Nov 06, 2025 11:28:38 AM io.gapi.emulators.netty.HttpVersionRoutingHandler channelRead
INFO: Detected non-HTTP/2 connection.
Nov 06, 2025 11:28:38 AM io.gapi.emulators.netty.HttpVersionRoutingHandler channelRead
INFO: Detected non-HTTP/2 connection.
Nov 06, 2025 11:28:38 AM io.gapi.emulators.netty.HttpVersionRoutingHandler channelRead
INFO: Detected non-HTTP/2 connection.
Nov 06, 2025 11:28:38 AM io.gapi.emulators.netty.HttpVersionRoutingHandler channelRead
INFO: Detected non-HTTP/2 connection.
Nov 06, 2025 11:28:38 AM com.google.cloud.datastore.emulator.impl.context.EmulatorAuthorization warnAboutSecuredJwt
WARNING: expected an unsecured JWT, the emulator does not validate JWTs and IS NOT SECURE
Nov 06, 2025 11:28:38 AM io.gapi.emulators.netty.HttpVersionRoutingHandler channelRead
INFO: Detected non-HTTP/2 connection.
Nov 06, 2025 11:28:38 AM io.gapi.emulators.netty.HttpVersionRoutingHandler channelRead
INFO: Detected non-HTTP/2 connection.
Nov 06, 2025 11:28:38 AM io.gapi.emulators.netty.HttpVersionRoutingHandler channelRead
INFO: Detected non-HTTP/2 connection.
Nov 06, 2025 11:28:38 AM io.gapi.emulators.netty.HttpVersionRoutingHandler channelRead
INFO: Detected non-HTTP/2 connection.
Nov 06, 2025 11:28:38 AM com.google.cloud.datastore.emulator.impl.context.EmulatorAuthorization warnAboutSecuredJwt
WARNING: expected an unsecured JWT, the emulator does not validate JWTs and IS NOT SECURE
Nov 06, 2025 11:28:38 AM io.gapi.emulators.netty.HttpVersionRoutingHandler channelRead
INFO: Detected non-HTTP/2 connection.
Nov 06, 2025 11:28:38 AM io.gapi.emulators.netty.HttpVersionRoutingHandler channelRead
INFO: Detected non-HTTP/2 connection.
Nov 06, 2025 11:28:38 AM io.gapi.emulators.netty.HttpVersionRoutingHandler channelRead
INFO: Detected non-HTTP/2 connection.
Nov 06, 2025 11:28:39 AM io.gapi.emulators.netty.HttpVersionRoutingHandler channelRead
INFO: Detected non-HTTP/2 connection.
Nov 06, 2025 11:28:39 AM com.google.cloud.datastore.emulator.impl.context.EmulatorAuthorization warnAboutSecuredJwt
WARNING: expected an unsecured JWT, the emulator does not validate JWTs and IS NOT SECURE
Nov 06, 2025 11:28:39 AM io.gapi.emulators.netty.HttpVersionRoutingHandler channelRead
INFO: Detected non-HTTP/2 connection.
Nov 06, 2025 11:28:39 AM io.gapi.emulators.netty.HttpVersionRoutingHandler channelRead
INFO: Detected non-HTTP/2 connection.
Nov 06, 2025 11:28:39 AM io.gapi.emulators.netty.HttpVersionRoutingHandler channelRead
INFO: Detected non-HTTP/2 connection.
Nov 06, 2025 11:28:39 AM io.gapi.emulators.netty.HttpVersionRoutingHandler channelRead
INFO: Detected non-HTTP/2 connection.
Nov 06, 2025 11:28:39 AM com.google.cloud.datastore.emulator.impl.context.EmulatorAuthorization warnAboutSecuredJwt
WARNING: expected an unsecured JWT, the emulator does not validate JWTs and IS NOT SECURE
Nov 06, 2025 11:28:39 AM io.gapi.emulators.netty.HttpVersionRoutingHandler channelRead
INFO: Detected non-HTTP/2 connection.
Nov 06, 2025 11:28:40 AM io.gapi.emulators.netty.HttpVersionRoutingHandler channelRead
INFO: Detected non-HTTP/2 connection.
Nov 06, 2025 11:28:40 AM io.gapi.emulators.netty.HttpVersionRoutingHandler channelRead
INFO: Detected non-HTTP/2 connection.
Nov 06, 2025 11:28:40 AM io.gapi.emulators.netty.HttpVersionRoutingHandler channelRead
INFO: Detected non-HTTP/2 connection.
Nov 06, 2025 11:28:40 AM com.google.cloud.datastore.emulator.impl.context.EmulatorAuthorization warnAboutSecuredJwt
WARNING: expected an unsecured JWT, the emulator does not validate JWTs and IS NOT SECURE
Nov 06, 2025 11:28:40 AM io.gapi.emulators.netty.HttpVersionRoutingHandler channelRead
INFO: Detected non-HTTP/2 connection.
Nov 06, 2025 11:28:40 AM io.gapi.emulators.netty.HttpVersionRoutingHandler channelRead
INFO: Detected non-HTTP/2 connection.
Nov 06, 2025 11:28:40 AM io.gapi.emulators.netty.HttpVersionRoutingHandler channelRead
INFO: Detected non-HTTP/2 connection.
Nov 06, 2025 11:28:40 AM io.gapi.emulators.netty.HttpVersionRoutingHandler channelRead
INFO: Detected non-HTTP/2 connection.
Nov 06, 2025 11:28:40 AM com.google.cloud.datastore.emulator.impl.context.EmulatorAuthorization warnAboutSecuredJwt
WARNING: expected an unsecured JWT, the emulator does not validate JWTs and IS NOT SECURE
Nov 06, 2025 11:28:40 AM io.gapi.emulators.netty.HttpVersionRoutingHandler channelRead
INFO: Detected non-HTTP/2 connection.
Nov 06, 2025 11:28:40 AM io.gapi.emulators.netty.HttpVersionRoutingHandler channelRead
INFO: Detected non-HTTP/2 connection.
Nov 06, 2025 11:28:40 AM io.gapi.emulators.netty.HttpVersionRoutingHandler channelRead
INFO: Detected non-HTTP/2 connection.
Nov 06, 2025 11:28:41 AM io.gapi.emulators.netty.HttpVersionRoutingHandler channelRead
INFO: Detected non-HTTP/2 connection.
Nov 06, 2025 11:28:41 AM com.google.cloud.datastore.emulator.impl.context.EmulatorAuthorization warnAboutSecuredJwt
WARNING: expected an unsecured JWT, the emulator does not validate JWTs and IS NOT SECURE
Nov 06, 2025 11:28:41 AM io.gapi.emulators.netty.HttpVersionRoutingHandler channelRead
INFO: Detected non-HTTP/2 connection.
Nov 06, 2025 11:28:41 AM io.gapi.emulators.netty.HttpVersionRoutingHandler channelRead
INFO: Detected non-HTTP/2 connection.
Nov 06, 2025 11:28:41 AM io.gapi.emulators.netty.HttpVersionRoutingHandler channelRead
INFO: Detected non-HTTP/2 connection.
Nov 06, 2025 11:28:41 AM io.gapi.emulators.netty.HttpVersionRoutingHandler channelRead
INFO: Detected non-HTTP/2 connection.
Nov 06, 2025 11:28:41 AM com.google.cloud.datastore.emulator.impl.context.EmulatorAuthorization warnAboutSecuredJwt
WARNING: expected an unsecured JWT, the emulator does not validate JWTs and IS NOT SECURE
Nov 06, 2025 11:28:41 AM io.gapi.emulators.netty.HttpVersionRoutingHandler channelRead
INFO: Detected non-HTTP/2 connection.
Nov 06, 2025 11:28:41 AM io.gapi.emulators.netty.HttpVersionRoutingHandler channelRead
INFO: Detected non-HTTP/2 connection.
Nov 06, 2025 11:28:41 AM io.gapi.emulators.netty.HttpVersionRoutingHandler channelRead
INFO: Detected non-HTTP/2 connection.
Nov 06, 2025 11:28:42 AM io.gapi.emulators.netty.HttpVersionRoutingHandler channelRead
INFO: Detected non-HTTP/2 connection.
Nov 06, 2025 11:28:42 AM com.google.cloud.datastore.emulator.impl.context.EmulatorAuthorization warnAboutSecuredJwt
WARNING: expected an unsecured JWT, the emulator does not validate JWTs and IS NOT SECURE
Nov 06, 2025 11:28:42 AM io.gapi.emulators.netty.HttpVersionRoutingHandler channelRead
INFO: Detected non-HTTP/2 connection.
Nov 06, 2025 11:28:42 AM io.gapi.emulators.netty.HttpVersionRoutingHandler channelRead
INFO: Detected non-HTTP/2 connection.
Nov 06, 2025 11:28:42 AM io.gapi.emulators.netty.HttpVersionRoutingHandler channelRead
INFO: Detected non-HTTP/2 connection.
Nov 06, 2025 11:28:42 AM io.gapi.emulators.netty.HttpVersionRoutingHandler channelRead
INFO: Detected non-HTTP/2 connection.
Nov 06, 2025 11:28:42 AM com.google.cloud.datastore.emulator.impl.context.EmulatorAuthorization warnAboutSecuredJwt
WARNING: expected an unsecured JWT, the emulator does not validate JWTs and IS NOT SECURE
Nov 06, 2025 11:28:42 AM io.gapi.emulators.netty.HttpVersionRoutingHandler channelRead
INFO: Detected non-HTTP/2 connection.
Nov 06, 2025 11:28:42 AM io.gapi.emulators.netty.HttpVersionRoutingHandler channelRead
INFO: Detected non-HTTP/2 connection.
Nov 06, 2025 11:28:42 AM io.gapi.emulators.netty.HttpVersionRoutingHandler channelRead
INFO: Detected non-HTTP/2 connection.
Nov 06, 2025 11:28:42 AM io.gapi.emulators.netty.HttpVersionRoutingHandler channelRead
INFO: Detected non-HTTP/2 connection.
Nov 06, 2025 11:28:42 AM com.google.cloud.datastore.emulator.impl.context.EmulatorAuthorization warnAboutSecuredJwt
WARNING: expected an unsecured JWT, the emulator does not validate JWTs and IS NOT SECURE
Nov 06, 2025 11:28:42 AM io.gapi.emulators.netty.HttpVersionRoutingHandler channelRead
INFO: Detected non-HTTP/2 connection.
Nov 06, 2025 11:28:42 AM io.gapi.emulators.netty.HttpVersionRoutingHandler channelRead
INFO: Detected non-HTTP/2 connection.
Nov 06, 2025 11:28:42 AM io.gapi.emulators.netty.HttpVersionRoutingHandler channelRead
INFO: Detected non-HTTP/2 connection.
Nov 06, 2025 11:28:43 AM io.gapi.emulators.netty.HttpVersionRoutingHandler channelRead
INFO: Detected non-HTTP/2 connection.
Nov 06, 2025 11:28:43 AM com.google.cloud.datastore.emulator.impl.context.EmulatorAuthorization warnAboutSecuredJwt
WARNING: expected an unsecured JWT, the emulator does not validate JWTs and IS NOT SECURE
Nov 06, 2025 11:28:43 AM io.gapi.emulators.netty.HttpVersionRoutingHandler channelRead
INFO: Detected non-HTTP/2 connection.
Nov 06, 2025 11:28:43 AM io.gapi.emulators.netty.HttpVersionRoutingHandler channelRead
INFO: Detected non-HTTP/2 connection.
Nov 06, 2025 11:28:43 AM io.gapi.emulators.netty.HttpVersionRoutingHandler channelRead
INFO: Detected non-HTTP/2 connection.
Nov 06, 2025 11:28:43 AM io.gapi.emulators.netty.HttpVersionRoutingHandler channelRead
INFO: Detected non-HTTP/2 connection.
Nov 06, 2025 11:28:43 AM com.google.cloud.datastore.emulator.impl.context.EmulatorAuthorization warnAboutSecuredJwt
WARNING: expected an unsecured JWT, the emulator does not validate JWTs and IS NOT SECURE
Nov 06, 2025 11:28:43 AM io.gapi.emulators.netty.HttpVersionRoutingHandler channelRead
INFO: Detected non-HTTP/2 connection.
Nov 06, 2025 11:28:43 AM io.gapi.emulators.netty.HttpVersionRoutingHandler channelRead
INFO: Detected non-HTTP/2 connection.
Nov 06, 2025 11:28:43 AM io.gapi.emulators.netty.HttpVersionRoutingHandler channelRead
INFO: Detected non-HTTP/2 connection.
Nov 06, 2025 11:28:44 AM io.gapi.emulators.netty.HttpVersionRoutingHandler channelRead
INFO: Detected non-HTTP/2 connection.
Nov 06, 2025 11:28:44 AM com.google.cloud.datastore.emulator.impl.context.EmulatorAuthorization warnAboutSecuredJwt
WARNING: expected an unsecured JWT, the emulator does not validate JWTs and IS NOT SECURE
Nov 06, 2025 11:28:44 AM io.gapi.emulators.netty.HttpVersionRoutingHandler channelRead
INFO: Detected non-HTTP/2 connection.
Nov 06, 2025 11:28:44 AM io.gapi.emulators.netty.HttpVersionRoutingHandler channelRead
INFO: Detected non-HTTP/2 connection.
Nov 06, 2025 11:28:44 AM io.gapi.emulators.netty.HttpVersionRoutingHandler channelRead
INFO: Detected non-HTTP/2 connection.
Nov 06, 2025 11:28:44 AM io.gapi.emulators.netty.HttpVersionRoutingHandler channelRead
INFO: Detected non-HTTP/2 connection.
Nov 06, 2025 11:28:44 AM com.google.cloud.datastore.emulator.impl.context.EmulatorAuthorization warnAboutSecuredJwt
WARNING: expected an unsecured JWT, the emulator does not validate JWTs and IS NOT SECURE
Nov 06, 2025 11:28:44 AM io.gapi.emulators.netty.HttpVersionRoutingHandler channelRead
INFO: Detected non-HTTP/2 connection.
Nov 06, 2025 11:28:44 AM io.gapi.emulators.netty.HttpVersionRoutingHandler channelRead
INFO: Detected non-HTTP/2 connection.
Nov 06, 2025 11:28:44 AM io.gapi.emulators.netty.HttpVersionRoutingHandler channelRead
INFO: Detected non-HTTP/2 connection.
Nov 06, 2025 11:28:44 AM io.gapi.emulators.netty.HttpVersionRoutingHandler channelRead
INFO: Detected non-HTTP/2 connection.
Nov 06, 2025 11:28:44 AM com.google.cloud.datastore.emulator.impl.context.EmulatorAuthorization warnAboutSecuredJwt
WARNING: expected an unsecured JWT, the emulator does not validate JWTs and IS NOT SECURE
Nov 06, 2025 11:28:44 AM io.gapi.emulators.netty.HttpVersionRoutingHandler channelRead
INFO: Detected non-HTTP/2 connection.
Nov 06, 2025 11:28:44 AM io.gapi.emulators.netty.HttpVersionRoutingHandler channelRead
INFO: Detected non-HTTP/2 connection.
Nov 06, 2025 11:28:44 AM io.gapi.emulators.netty.HttpVersionRoutingHandler channelRead
INFO: Detected non-HTTP/2 connection.
Nov 06, 2025 11:28:45 AM io.gapi.emulators.netty.HttpVersionRoutingHandler channelRead
INFO: Detected non-HTTP/2 connection.
Nov 06, 2025 11:28:45 AM com.google.cloud.datastore.emulator.impl.context.EmulatorAuthorization warnAboutSecuredJwt
WARNING: expected an unsecured JWT, the emulator does not validate JWTs and IS NOT SECURE
Nov 06, 2025 11:28:45 AM io.gapi.emulators.netty.HttpVersionRoutingHandler channelRead
INFO: Detected non-HTTP/2 connection.
Nov 06, 2025 11:28:45 AM io.gapi.emulators.netty.HttpVersionRoutingHandler channelRead
INFO: Detected non-HTTP/2 connection.
Nov 06, 2025 11:28:45 AM io.gapi.emulators.netty.HttpVersionRoutingHandler channelRead
INFO: Detected non-HTTP/2 connection.
Nov 06, 2025 11:28:45 AM io.gapi.emulators.netty.HttpVersionRoutingHandler channelRead
INFO: Detected non-HTTP/2 connection.
Nov 06, 2025 11:28:45 AM com.google.cloud.datastore.emulator.impl.context.EmulatorAuthorization warnAboutSecuredJwt
WARNING: expected an unsecured JWT, the emulator does not validate JWTs and IS NOT SECURE
Nov 06, 2025 11:28:45 AM io.gapi.emulators.netty.HttpVersionRoutingHandler channelRead
INFO: Detected non-HTTP/2 connection.
Nov 06, 2025 11:28:45 AM io.gapi.emulators.netty.HttpVersionRoutingHandler channelRead
INFO: Detected non-HTTP/2 connection.
Nov 06, 2025 11:28:45 AM io.gapi.emulators.netty.HttpVersionRoutingHandler channelRead
INFO: Detected non-HTTP/2 connection.
Nov 06, 2025 11:28:46 AM io.gapi.emulators.netty.HttpVersionRoutingHandler channelRead
INFO: Detected non-HTTP/2 connection.
Nov 06, 2025 11:28:46 AM com.google.cloud.datastore.emulator.impl.context.EmulatorAuthorization warnAboutSecuredJwt
WARNING: expected an unsecured JWT, the emulator does not validate JWTs and IS NOT SECURE
Nov 06, 2025 11:28:46 AM io.gapi.emulators.netty.HttpVersionRoutingHandler channelRead
INFO: Detected non-HTTP/2 connection.
Nov 06, 2025 11:28:46 AM io.gapi.emulators.netty.HttpVersionRoutingHandler channelRead
INFO: Detected non-HTTP/2 connection.
Nov 06, 2025 11:28:46 AM io.gapi.emulators.netty.HttpVersionRoutingHandler channelRead
INFO: Detected non-HTTP/2 connection.
Nov 06, 2025 11:28:46 AM io.gapi.emulators.netty.HttpVersionRoutingHandler channelRead
INFO: Detected non-HTTP/2 connection.
Nov 06, 2025 11:28:46 AM com.google.cloud.datastore.emulator.impl.context.EmulatorAuthorization warnAboutSecuredJwt
WARNING: expected an unsecured JWT, the emulator does not validate JWTs and IS NOT SECURE
Nov 06, 2025 11:28:46 AM io.gapi.emulators.netty.HttpVersionRoutingHandler channelRead
INFO: Detected non-HTTP/2 connection.
Nov 06, 2025 11:28:46 AM io.gapi.emulators.netty.HttpVersionRoutingHandler channelRead
INFO: Detected non-HTTP/2 connection.
Nov 06, 2025 11:28:46 AM io.gapi.emulators.netty.HttpVersionRoutingHandler channelRead
INFO: Detected non-HTTP/2 connection.
Nov 06, 2025 11:28:47 AM io.gapi.emulators.netty.HttpVersionRoutingHandler channelRead
INFO: Detected non-HTTP/2 connection.
Nov 06, 2025 11:28:47 AM com.google.cloud.datastore.emulator.impl.context.EmulatorAuthorization warnAboutSecuredJwt
WARNING: expected an unsecured JWT, the emulator does not validate JWTs and IS NOT SECURE
Nov 06, 2025 11:28:47 AM io.gapi.emulators.netty.HttpVersionRoutingHandler channelRead
INFO: Detected non-HTTP/2 connection.
Nov 06, 2025 11:28:47 AM io.gapi.emulators.netty.HttpVersionRoutingHandler channelRead
INFO: Detected non-HTTP/2 connection.
Nov 06, 2025 11:28:47 AM io.gapi.emulators.netty.HttpVersionRoutingHandler channelRead
INFO: Detected non-HTTP/2 connection.
Nov 06, 2025 11:28:47 AM io.gapi.emulators.netty.HttpVersionRoutingHandler channelRead
INFO: Detected non-HTTP/2 connection.
Nov 06, 2025 11:28:47 AM com.google.cloud.datastore.emulator.impl.context.EmulatorAuthorization warnAboutSecuredJwt
WARNING: expected an unsecured JWT, the emulator does not validate JWTs and IS NOT SECURE
Nov 06, 2025 11:28:47 AM io.gapi.emulators.netty.HttpVersionRoutingHandler channelRead
INFO: Detected non-HTTP/2 connection.
Nov 06, 2025 11:28:47 AM io.gapi.emulators.netty.HttpVersionRoutingHandler channelRead
INFO: Detected non-HTTP/2 connection.
Nov 06, 2025 11:28:47 AM io.gapi.emulators.netty.HttpVersionRoutingHandler channelRead
INFO: Detected non-HTTP/2 connection.
Nov 06, 2025 11:28:48 AM io.gapi.emulators.netty.HttpVersionRoutingHandler channelRead
INFO: Detected non-HTTP/2 connection.
Nov 06, 2025 11:28:48 AM com.google.cloud.datastore.emulator.impl.context.EmulatorAuthorization warnAboutSecuredJwt
WARNING: expected an unsecured JWT, the emulator does not validate JWTs and IS NOT SECURE
Nov 06, 2025 11:28:48 AM io.gapi.emulators.netty.HttpVersionRoutingHandler channelRead
INFO: Detected non-HTTP/2 connection.
Nov 06, 2025 11:28:48 AM io.gapi.emulators.netty.HttpVersionRoutingHandler channelRead
INFO: Detected non-HTTP/2 connection.
Nov 06, 2025 11:28:48 AM io.gapi.emulators.netty.HttpVersionRoutingHandler channelRead
INFO: Detected non-HTTP/2 connection.
Nov 06, 2025 11:28:48 AM io.gapi.emulators.netty.HttpVersionRoutingHandler channelRead
INFO: Detected non-HTTP/2 connection.
Nov 06, 2025 11:28:48 AM com.google.cloud.datastore.emulator.impl.context.EmulatorAuthorization warnAboutSecuredJwt
WARNING: expected an unsecured JWT, the emulator does not validate JWTs and IS NOT SECURE
Nov 06, 2025 11:28:48 AM io.gapi.emulators.netty.HttpVersionRoutingHandler channelRead
INFO: Detected non-HTTP/2 connection.
Nov 06, 2025 11:28:48 AM io.gapi.emulators.netty.HttpVersionRoutingHandler channelRead
INFO: Detected non-HTTP/2 connection.
Nov 06, 2025 11:28:48 AM io.gapi.emulators.netty.HttpVersionRoutingHandler channelRead
INFO: Detected non-HTTP/2 connection.
Nov 06, 2025 11:28:48 AM io.gapi.emulators.netty.HttpVersionRoutingHandler channelRead
INFO: Detected non-HTTP/2 connection.
Nov 06, 2025 11:28:48 AM com.google.cloud.datastore.emulator.impl.context.EmulatorAuthorization warnAboutSecuredJwt
WARNING: expected an unsecured JWT, the emulator does not validate JWTs and IS NOT SECURE
Nov 06, 2025 11:28:48 AM io.gapi.emulators.netty.HttpVersionRoutingHandler channelRead
INFO: Detected non-HTTP/2 connection.
Nov 06, 2025 11:28:48 AM io.gapi.emulators.netty.HttpVersionRoutingHandler channelRead
INFO: Detected non-HTTP/2 connection.
Nov 06, 2025 11:28:48 AM io.gapi.emulators.netty.HttpVersionRoutingHandler channelRead
INFO: Detected non-HTTP/2 connection.
Nov 06, 2025 11:28:49 AM io.gapi.emulators.netty.HttpVersionRoutingHandler channelRead
INFO: Detected non-HTTP/2 connection.
Nov 06, 2025 11:28:49 AM com.google.cloud.datastore.emulator.impl.context.EmulatorAuthorization warnAboutSecuredJwt
WARNING: expected an unsecured JWT, the emulator does not validate JWTs and IS NOT SECURE
Nov 06, 2025 11:28:49 AM io.gapi.emulators.netty.HttpVersionRoutingHandler channelRead
INFO: Detected non-HTTP/2 connection.
Nov 06, 2025 11:28:49 AM io.gapi.emulators.netty.HttpVersionRoutingHandler channelRead
INFO: Detected non-HTTP/2 connection.
Nov 06, 2025 11:28:49 AM io.gapi.emulators.netty.HttpVersionRoutingHandler channelRead
INFO: Detected non-HTTP/2 connection.
Nov 06, 2025 11:28:49 AM io.gapi.emulators.netty.HttpVersionRoutingHandler channelRead
INFO: Detected non-HTTP/2 connection.
Nov 06, 2025 11:28:49 AM com.google.cloud.datastore.emulator.impl.context.EmulatorAuthorization warnAboutSecuredJwt
WARNING: expected an unsecured JWT, the emulator does not validate JWTs and IS NOT SECURE
Nov 06, 2025 11:28:49 AM io.gapi.emulators.netty.HttpVersionRoutingHandler channelRead
INFO: Detected non-HTTP/2 connection.
Nov 06, 2025 11:28:49 AM io.gapi.emulators.netty.HttpVersionRoutingHandler channelRead
INFO: Detected non-HTTP/2 connection.
Nov 06, 2025 11:28:49 AM io.gapi.emulators.netty.HttpVersionRoutingHandler channelRead
INFO: Detected non-HTTP/2 connection.
Nov 06, 2025 11:28:50 AM io.gapi.emulators.netty.HttpVersionRoutingHandler channelRead
INFO: Detected non-HTTP/2 connection.
Nov 06, 2025 11:28:50 AM com.google.cloud.datastore.emulator.impl.context.EmulatorAuthorization warnAboutSecuredJwt
WARNING: expected an unsecured JWT, the emulator does not validate JWTs and IS NOT SECURE
Nov 06, 2025 11:28:50 AM io.gapi.emulators.netty.HttpVersionRoutingHandler channelRead
INFO: Detected non-HTTP/2 connection.
Nov 06, 2025 11:28:50 AM io.gapi.emulators.netty.HttpVersionRoutingHandler channelRead
INFO: Detected non-HTTP/2 connection.
Nov 06, 2025 11:28:50 AM io.gapi.emulators.netty.HttpVersionRoutingHandler channelRead
INFO: Detected non-HTTP/2 connection.
Nov 06, 2025 11:28:50 AM io.gapi.emulators.netty.HttpVersionRoutingHandler channelRead
INFO: Detected non-HTTP/2 connection.
Nov 06, 2025 11:28:50 AM com.google.cloud.datastore.emulator.impl.context.EmulatorAuthorization warnAboutSecuredJwt
WARNING: expected an unsecured JWT, the emulator does not validate JWTs and IS NOT SECURE
Nov 06, 2025 11:28:50 AM io.gapi.emulators.netty.HttpVersionRoutingHandler channelRead
INFO: Detected non-HTTP/2 connection.
Nov 06, 2025 11:28:50 AM io.gapi.emulators.netty.HttpVersionRoutingHandler channelRead
INFO: Detected non-HTTP/2 connection.
Nov 06, 2025 11:28:50 AM io.gapi.emulators.netty.HttpVersionRoutingHandler channelRead
INFO: Detected non-HTTP/2 connection.
Nov 06, 2025 11:28:50 AM io.gapi.emulators.netty.HttpVersionRoutingHandler channelRead
INFO: Detected non-HTTP/2 connection.
Nov 06, 2025 11:28:50 AM com.google.cloud.datastore.emulator.impl.context.EmulatorAuthorization warnAboutSecuredJwt
WARNING: expected an unsecured JWT, the emulator does not validate JWTs and IS NOT SECURE
Nov 06, 2025 11:28:51 AM io.gapi.emulators.netty.HttpVersionRoutingHandler channelRead
INFO: Detected non-HTTP/2 connection.
Nov 06, 2025 11:28:51 AM io.gapi.emulators.netty.HttpVersionRoutingHandler channelRead
INFO: Detected non-HTTP/2 connection.
Nov 06, 2025 11:28:51 AM io.gapi.emulators.netty.HttpVersionRoutingHandler channelRead
INFO: Detected non-HTTP/2 connection.
Nov 06, 2025 11:28:51 AM io.gapi.emulators.netty.HttpVersionRoutingHandler channelRead
INFO: Detected non-HTTP/2 connection.
Nov 06, 2025 11:28:51 AM com.google.cloud.datastore.emulator.impl.context.EmulatorAuthorization warnAboutSecuredJwt
WARNING: expected an unsecured JWT, the emulator does not validate JWTs and IS NOT SECURE
Nov 06, 2025 11:28:51 AM io.gapi.emulators.netty.HttpVersionRoutingHandler channelRead
INFO: Detected non-HTTP/2 connection.
Nov 06, 2025 11:28:51 AM io.gapi.emulators.netty.HttpVersionRoutingHandler channelRead
INFO: Detected non-HTTP/2 connection.
Nov 06, 2025 11:28:51 AM io.gapi.emulators.netty.HttpVersionRoutingHandler channelRead
INFO: Detected non-HTTP/2 connection.
Nov 06, 2025 11:28:51 AM io.gapi.emulators.netty.HttpVersionRoutingHandler channelRead
INFO: Detected non-HTTP/2 connection.
Nov 06, 2025 11:28:51 AM com.google.cloud.datastore.emulator.impl.context.EmulatorAuthorization warnAboutSecuredJwt
WARNING: expected an unsecured JWT, the emulator does not validate JWTs and IS NOT SECURE
Nov 06, 2025 11:28:51 AM io.gapi.emulators.netty.HttpVersionRoutingHandler channelRead
INFO: Detected non-HTTP/2 connection.
Nov 06, 2025 11:28:51 AM io.gapi.emulators.netty.HttpVersionRoutingHandler channelRead
INFO: Detected non-HTTP/2 connection.
Nov 06, 2025 11:28:51 AM io.gapi.emulators.netty.HttpVersionRoutingHandler channelRead
INFO: Detected non-HTTP/2 connection.
Nov 06, 2025 11:28:52 AM io.gapi.emulators.netty.HttpVersionRoutingHandler channelRead
INFO: Detected non-HTTP/2 connection.
Nov 06, 2025 11:28:52 AM com.google.cloud.datastore.emulator.impl.context.EmulatorAuthorization warnAboutSecuredJwt
WARNING: expected an unsecured JWT, the emulator does not validate JWTs and IS NOT SECURE
Nov 06, 2025 11:28:52 AM io.gapi.emulators.netty.HttpVersionRoutingHandler channelRead
INFO: Detected non-HTTP/2 connection.
Nov 06, 2025 11:28:52 AM io.gapi.emulators.netty.HttpVersionRoutingHandler channelRead
INFO: Detected non-HTTP/2 connection.
Nov 06, 2025 11:28:52 AM io.gapi.emulators.netty.HttpVersionRoutingHandler channelRead
INFO: Detected non-HTTP/2 connection.
Nov 06, 2025 11:28:52 AM io.gapi.emulators.netty.HttpVersionRoutingHandler channelRead
INFO: Detected non-HTTP/2 connection.
Nov 06, 2025 11:28:52 AM com.google.cloud.datastore.emulator.impl.context.EmulatorAuthorization warnAboutSecuredJwt
WARNING: expected an unsecured JWT, the emulator does not validate JWTs and IS NOT SECURE
Nov 06, 2025 11:28:52 AM io.gapi.emulators.netty.HttpVersionRoutingHandler channelRead
INFO: Detected non-HTTP/2 connection.
Nov 06, 2025 11:28:52 AM io.gapi.emulators.netty.HttpVersionRoutingHandler channelRead
INFO: Detected non-HTTP/2 connection.
Nov 06, 2025 11:28:52 AM io.gapi.emulators.netty.HttpVersionRoutingHandler channelRead
INFO: Detected non-HTTP/2 connection.
Nov 06, 2025 11:28:53 AM io.gapi.emulators.netty.HttpVersionRoutingHandler channelRead
INFO: Detected non-HTTP/2 connection.
Nov 06, 2025 11:28:53 AM com.google.cloud.datastore.emulator.impl.context.EmulatorAuthorization warnAboutSecuredJwt
WARNING: expected an unsecured JWT, the emulator does not validate JWTs and IS NOT SECURE
Nov 06, 2025 11:28:53 AM io.gapi.emulators.netty.HttpVersionRoutingHandler channelRead
INFO: Detected non-HTTP/2 connection.
Nov 06, 2025 11:28:53 AM io.gapi.emulators.netty.HttpVersionRoutingHandler channelRead
INFO: Detected non-HTTP/2 connection.
Nov 06, 2025 11:28:53 AM io.gapi.emulators.netty.HttpVersionRoutingHandler channelRead
INFO: Detected non-HTTP/2 connection.
Nov 06, 2025 11:28:53 AM io.gapi.emulators.netty.HttpVersionRoutingHandler channelRead
INFO: Detected non-HTTP/2 connection.
Nov 06, 2025 11:28:53 AM com.google.cloud.datastore.emulator.impl.context.EmulatorAuthorization warnAboutSecuredJwt
WARNING: expected an unsecured JWT, the emulator does not validate JWTs and IS NOT SECURE
Nov 06, 2025 11:28:53 AM io.gapi.emulators.netty.HttpVersionRoutingHandler channelRead
INFO: Detected non-HTTP/2 connection.
Nov 06, 2025 11:28:53 AM io.gapi.emulators.netty.HttpVersionRoutingHandler channelRead
INFO: Detected non-HTTP/2 connection.
Nov 06, 2025 11:28:53 AM io.gapi.emulators.netty.HttpVersionRoutingHandler channelRead
INFO: Detected non-HTTP/2 connection.
Nov 06, 2025 11:28:53 AM io.gapi.emulators.netty.HttpVersionRoutingHandler channelRead
INFO: Detected non-HTTP/2 connection.
Nov 06, 2025 11:28:53 AM com.google.cloud.datastore.emulator.impl.context.EmulatorAuthorization warnAboutSecuredJwt
WARNING: expected an unsecured JWT, the emulator does not validate JWTs and IS NOT SECURE
Nov 06, 2025 11:28:53 AM io.gapi.emulators.netty.HttpVersionRoutingHandler channelRead
INFO: Detected non-HTTP/2 connection.
Nov 06, 2025 11:28:53 AM io.gapi.emulators.netty.HttpVersionRoutingHandler channelRead
INFO: Detected non-HTTP/2 connection.
Nov 06, 2025 11:28:53 AM io.gapi.emulators.netty.HttpVersionRoutingHandler channelRead
INFO: Detected non-HTTP/2 connection.
Nov 06, 2025 11:28:54 AM io.gapi.emulators.netty.HttpVersionRoutingHandler channelRead
INFO: Detected non-HTTP/2 connection.
Nov 06, 2025 11:28:54 AM com.google.cloud.datastore.emulator.impl.context.EmulatorAuthorization warnAboutSecuredJwt
WARNING: expected an unsecured JWT, the emulator does not validate JWTs and IS NOT SECURE
Nov 06, 2025 11:28:54 AM io.gapi.emulators.netty.HttpVersionRoutingHandler channelRead
INFO: Detected non-HTTP/2 connection.
Nov 06, 2025 11:28:54 AM io.gapi.emulators.netty.HttpVersionRoutingHandler channelRead
INFO: Detected non-HTTP/2 connection.
Nov 06, 2025 11:28:54 AM io.gapi.emulators.netty.HttpVersionRoutingHandler channelRead
INFO: Detected non-HTTP/2 connection.
Nov 06, 2025 11:28:54 AM io.gapi.emulators.netty.HttpVersionRoutingHandler channelRead
INFO: Detected non-HTTP/2 connection.
Nov 06, 2025 11:28:54 AM com.google.cloud.datastore.emulator.impl.context.EmulatorAuthorization warnAboutSecuredJwt
WARNING: expected an unsecured JWT, the emulator does not validate JWTs and IS NOT SECURE
Nov 06, 2025 11:28:54 AM io.gapi.emulators.netty.HttpVersionRoutingHandler channelRead
INFO: Detected non-HTTP/2 connection.
Nov 06, 2025 11:28:54 AM io.gapi.emulators.netty.HttpVersionRoutingHandler channelRead
INFO: Detected non-HTTP/2 connection.
Nov 06, 2025 11:28:54 AM io.gapi.emulators.netty.HttpVersionRoutingHandler channelRead
INFO: Detected non-HTTP/2 connection.
Nov 06, 2025 11:28:55 AM io.gapi.emulators.netty.HttpVersionRoutingHandler channelRead
INFO: Detected non-HTTP/2 connection.
Nov 06, 2025 11:28:55 AM com.google.cloud.datastore.emulator.impl.context.EmulatorAuthorization warnAboutSecuredJwt
WARNING: expected an unsecured JWT, the emulator does not validate JWTs and IS NOT SECURE
Nov 06, 2025 11:28:55 AM io.gapi.emulators.netty.HttpVersionRoutingHandler channelRead
INFO: Detected non-HTTP/2 connection.
Nov 06, 2025 11:28:55 AM io.gapi.emulators.netty.HttpVersionRoutingHandler channelRead
INFO: Detected non-HTTP/2 connection.
Nov 06, 2025 11:28:55 AM io.gapi.emulators.netty.HttpVersionRoutingHandler channelRead
INFO: Detected non-HTTP/2 connection.
Nov 06, 2025 11:28:55 AM io.gapi.emulators.netty.HttpVersionRoutingHandler channelRead
INFO: Detected non-HTTP/2 connection.
Nov 06, 2025 11:28:55 AM com.google.cloud.datastore.emulator.impl.context.EmulatorAuthorization warnAboutSecuredJwt
WARNING: expected an unsecured JWT, the emulator does not validate JWTs and IS NOT SECURE
Nov 06, 2025 11:28:55 AM io.gapi.emulators.netty.HttpVersionRoutingHandler channelRead
INFO: Detected non-HTTP/2 connection.
Nov 06, 2025 11:28:55 AM io.gapi.emulators.netty.HttpVersionRoutingHandler channelRead
INFO: Detected non-HTTP/2 connection.
Nov 06, 2025 11:28:55 AM io.gapi.emulators.netty.HttpVersionRoutingHandler channelRead
INFO: Detected non-HTTP/2 connection.
Nov 06, 2025 11:28:55 AM io.gapi.emulators.netty.HttpVersionRoutingHandler channelRead
INFO: Detected non-HTTP/2 connection.
Nov 06, 2025 11:28:55 AM com.google.cloud.datastore.emulator.impl.context.EmulatorAuthorization warnAboutSecuredJwt
WARNING: expected an unsecured JWT, the emulator does not validate JWTs and IS NOT SECURE
Nov 06, 2025 11:28:55 AM io.gapi.emulators.netty.HttpVersionRoutingHandler channelRead
INFO: Detected non-HTTP/2 connection.
Nov 06, 2025 11:28:55 AM io.gapi.emulators.netty.HttpVersionRoutingHandler channelRead
INFO: Detected non-HTTP/2 connection.
Nov 06, 2025 11:28:55 AM io.gapi.emulators.netty.HttpVersionRoutingHandler channelRead
INFO: Detected non-HTTP/2 connection.
Nov 06, 2025 11:28:56 AM io.gapi.emulators.netty.HttpVersionRoutingHandler channelRead
INFO: Detected non-HTTP/2 connection.
Nov 06, 2025 11:28:56 AM com.google.cloud.datastore.emulator.impl.context.EmulatorAuthorization warnAboutSecuredJwt
WARNING: expected an unsecured JWT, the emulator does not validate JWTs and IS NOT SECURE
Nov 06, 2025 11:28:56 AM io.gapi.emulators.netty.HttpVersionRoutingHandler channelRead
INFO: Detected non-HTTP/2 connection.
Nov 06, 2025 11:28:56 AM io.gapi.emulators.netty.HttpVersionRoutingHandler channelRead
INFO: Detected non-HTTP/2 connection.
Nov 06, 2025 11:28:56 AM io.gapi.emulators.netty.HttpVersionRoutingHandler channelRead
INFO: Detected non-HTTP/2 connection.
Nov 06, 2025 11:28:56 AM io.gapi.emulators.netty.HttpVersionRoutingHandler channelRead
INFO: Detected non-HTTP/2 connection.
Nov 06, 2025 11:28:56 AM com.google.cloud.datastore.emulator.impl.context.EmulatorAuthorization warnAboutSecuredJwt
WARNING: expected an unsecured JWT, the emulator does not validate JWTs and IS NOT SECURE
Nov 06, 2025 11:28:56 AM io.gapi.emulators.netty.HttpVersionRoutingHandler channelRead
INFO: Detected non-HTTP/2 connection.
Nov 06, 2025 11:28:56 AM io.gapi.emulators.netty.HttpVersionRoutingHandler channelRead
INFO: Detected non-HTTP/2 connection.
Nov 06, 2025 11:28:56 AM io.gapi.emulators.netty.HttpVersionRoutingHandler channelRead
INFO: Detected non-HTTP/2 connection.
Nov 06, 2025 11:28:57 AM io.gapi.emulators.netty.HttpVersionRoutingHandler channelRead
INFO: Detected non-HTTP/2 connection.
Nov 06, 2025 11:28:57 AM com.google.cloud.datastore.emulator.impl.context.EmulatorAuthorization warnAboutSecuredJwt
WARNING: expected an unsecured JWT, the emulator does not validate JWTs and IS NOT SECURE
Nov 06, 2025 11:28:57 AM io.gapi.emulators.netty.HttpVersionRoutingHandler channelRead
INFO: Detected non-HTTP/2 connection.
Nov 06, 2025 11:28:57 AM io.gapi.emulators.netty.HttpVersionRoutingHandler channelRead
INFO: Detected non-HTTP/2 connection.
Nov 06, 2025 11:28:57 AM io.gapi.emulators.netty.HttpVersionRoutingHandler channelRead
INFO: Detected non-HTTP/2 connection.
Nov 06, 2025 11:28:57 AM io.gapi.emulators.netty.HttpVersionRoutingHandler channelRead
INFO: Detected non-HTTP/2 connection.
Nov 06, 2025 11:28:57 AM com.google.cloud.datastore.emulator.impl.context.EmulatorAuthorization warnAboutSecuredJwt
WARNING: expected an unsecured JWT, the emulator does not validate JWTs and IS NOT SECURE
Nov 06, 2025 11:28:57 AM io.gapi.emulators.netty.HttpVersionRoutingHandler channelRead
INFO: Detected non-HTTP/2 connection.
Nov 06, 2025 11:28:57 AM io.gapi.emulators.netty.HttpVersionRoutingHandler channelRead
INFO: Detected non-HTTP/2 connection.
Nov 06, 2025 11:28:57 AM io.gapi.emulators.netty.HttpVersionRoutingHandler channelRead
INFO: Detected non-HTTP/2 connection.
Nov 06, 2025 11:28:58 AM io.gapi.emulators.netty.HttpVersionRoutingHandler channelRead
INFO: Detected non-HTTP/2 connection.
Nov 06, 2025 11:28:58 AM com.google.cloud.datastore.emulator.impl.context.EmulatorAuthorization warnAboutSecuredJwt
WARNING: expected an unsecured JWT, the emulator does not validate JWTs and IS NOT SECURE
Nov 06, 2025 11:28:58 AM io.gapi.emulators.netty.HttpVersionRoutingHandler channelRead
INFO: Detected non-HTTP/2 connection.
Nov 06, 2025 11:28:58 AM io.gapi.emulators.netty.HttpVersionRoutingHandler channelRead
INFO: Detected non-HTTP/2 connection.
Nov 06, 2025 11:28:58 AM io.gapi.emulators.netty.HttpVersionRoutingHandler channelRead
INFO: Detected non-HTTP/2 connection.
Nov 06, 2025 11:28:58 AM io.gapi.emulators.netty.HttpVersionRoutingHandler channelRead
INFO: Detected non-HTTP/2 connection.
Nov 06, 2025 11:28:58 AM com.google.cloud.datastore.emulator.impl.context.EmulatorAuthorization warnAboutSecuredJwt
WARNING: expected an unsecured JWT, the emulator does not validate JWTs and IS NOT SECURE
Nov 06, 2025 11:28:58 AM io.gapi.emulators.netty.HttpVersionRoutingHandler channelRead
INFO: Detected non-HTTP/2 connection.
Nov 06, 2025 11:28:58 AM io.gapi.emulators.netty.HttpVersionRoutingHandler channelRead
INFO: Detected non-HTTP/2 connection.
Nov 06, 2025 11:28:58 AM io.gapi.emulators.netty.HttpVersionRoutingHandler channelRead
INFO: Detected non-HTTP/2 connection.
Nov 06, 2025 11:28:58 AM io.gapi.emulators.netty.HttpVersionRoutingHandler channelRead
INFO: Detected non-HTTP/2 connection.
Nov 06, 2025 11:28:58 AM com.google.cloud.datastore.emulator.impl.context.EmulatorAuthorization warnAboutSecuredJwt
WARNING: expected an unsecured JWT, the emulator does not validate JWTs and IS NOT SECURE
Nov 06, 2025 11:28:58 AM io.gapi.emulators.netty.HttpVersionRoutingHandler channelRead
INFO: Detected non-HTTP/2 connection.
Nov 06, 2025 11:28:58 AM io.gapi.emulators.netty.HttpVersionRoutingHandler channelRead
INFO: Detected non-HTTP/2 connection.
Nov 06, 2025 11:28:58 AM io.gapi.emulators.netty.HttpVersionRoutingHandler channelRead
INFO: Detected non-HTTP/2 connection.
Nov 06, 2025 11:28:59 AM io.gapi.emulators.netty.HttpVersionRoutingHandler channelRead
INFO: Detected non-HTTP/2 connection.
Nov 06, 2025 11:28:59 AM com.google.cloud.datastore.emulator.impl.context.EmulatorAuthorization warnAboutSecuredJwt
WARNING: expected an unsecured JWT, the emulator does not validate JWTs and IS NOT SECURE
Nov 06, 2025 11:28:59 AM io.gapi.emulators.netty.HttpVersionRoutingHandler channelRead
INFO: Detected non-HTTP/2 connection.
Nov 06, 2025 11:28:59 AM io.gapi.emulators.netty.HttpVersionRoutingHandler channelRead
INFO: Detected non-HTTP/2 connection.
Nov 06, 2025 11:28:59 AM io.gapi.emulators.netty.HttpVersionRoutingHandler channelRead
INFO: Detected non-HTTP/2 connection.
Nov 06, 2025 11:28:59 AM io.gapi.emulators.netty.HttpVersionRoutingHandler channelRead
INFO: Detected non-HTTP/2 connection.
Nov 06, 2025 11:28:59 AM com.google.cloud.datastore.emulator.impl.context.EmulatorAuthorization warnAboutSecuredJwt
WARNING: expected an unsecured JWT, the emulator does not validate JWTs and IS NOT SECURE
Nov 06, 2025 11:28:59 AM io.gapi.emulators.netty.HttpVersionRoutingHandler channelRead
INFO: Detected non-HTTP/2 connection.
Nov 06, 2025 11:28:59 AM io.gapi.emulators.netty.HttpVersionRoutingHandler channelRead
INFO: Detected non-HTTP/2 connection.
Nov 06, 2025 11:28:59 AM io.gapi.emulators.netty.HttpVersionRoutingHandler channelRead
INFO: Detected non-HTTP/2 connection.
Nov 06, 2025 11:29:00 AM io.gapi.emulators.netty.HttpVersionRoutingHandler channelRead
INFO: Detected non-HTTP/2 connection.
Nov 06, 2025 11:29:00 AM com.google.cloud.datastore.emulator.impl.context.EmulatorAuthorization warnAboutSecuredJwt
WARNING: expected an unsecured JWT, the emulator does not validate JWTs and IS NOT SECURE
Nov 06, 2025 11:29:00 AM io.gapi.emulators.netty.HttpVersionRoutingHandler channelRead
INFO: Detected non-HTTP/2 connection.
Nov 06, 2025 11:29:00 AM io.gapi.emulators.netty.HttpVersionRoutingHandler channelRead
INFO: Detected non-HTTP/2 connection.
Nov 06, 2025 11:29:00 AM io.gapi.emulators.netty.HttpVersionRoutingHandler channelRead
INFO: Detected non-HTTP/2 connection.
Nov 06, 2025 11:29:00 AM io.gapi.emulators.netty.HttpVersionRoutingHandler channelRead
INFO: Detected non-HTTP/2 connection.
Nov 06, 2025 11:29:00 AM com.google.cloud.datastore.emulator.impl.context.EmulatorAuthorization warnAboutSecuredJwt
WARNING: expected an unsecured JWT, the emulator does not validate JWTs and IS NOT SECURE
Nov 06, 2025 11:29:00 AM io.gapi.emulators.netty.HttpVersionRoutingHandler channelRead
INFO: Detected non-HTTP/2 connection.
Nov 06, 2025 11:29:00 AM io.gapi.emulators.netty.HttpVersionRoutingHandler channelRead
INFO: Detected non-HTTP/2 connection.
Nov 06, 2025 11:29:00 AM io.gapi.emulators.netty.HttpVersionRoutingHandler channelRead
INFO: Detected non-HTTP/2 connection.
Nov 06, 2025 11:29:01 AM io.gapi.emulators.netty.HttpVersionRoutingHandler channelRead
INFO: Detected non-HTTP/2 connection.
Nov 06, 2025 11:29:01 AM com.google.cloud.datastore.emulator.impl.context.EmulatorAuthorization warnAboutSecuredJwt
WARNING: expected an unsecured JWT, the emulator does not validate JWTs and IS NOT SECURE
Nov 06, 2025 11:29:01 AM io.gapi.emulators.netty.HttpVersionRoutingHandler channelRead
INFO: Detected non-HTTP/2 connection.
Nov 06, 2025 11:29:01 AM io.gapi.emulators.netty.HttpVersionRoutingHandler channelRead
INFO: Detected non-HTTP/2 connection.
Nov 06, 2025 11:29:01 AM io.gapi.emulators.netty.HttpVersionRoutingHandler channelRead
INFO: Detected non-HTTP/2 connection.
Nov 06, 2025 11:29:01 AM io.gapi.emulators.netty.HttpVersionRoutingHandler channelRead
INFO: Detected non-HTTP/2 connection.
Nov 06, 2025 11:29:01 AM com.google.cloud.datastore.emulator.impl.context.EmulatorAuthorization warnAboutSecuredJwt
WARNING: expected an unsecured JWT, the emulator does not validate JWTs and IS NOT SECURE
Nov 06, 2025 11:29:01 AM io.gapi.emulators.netty.HttpVersionRoutingHandler channelRead
INFO: Detected non-HTTP/2 connection.
Nov 06, 2025 11:29:01 AM io.gapi.emulators.netty.HttpVersionRoutingHandler channelRead
INFO: Detected non-HTTP/2 connection.
Nov 06, 2025 11:29:01 AM io.gapi.emulators.netty.HttpVersionRoutingHandler channelRead
INFO: Detected non-HTTP/2 connection.
Nov 06, 2025 11:29:01 AM io.gapi.emulators.netty.HttpVersionRoutingHandler channelRead
INFO: Detected non-HTTP/2 connection.
Nov 06, 2025 11:29:01 AM com.google.cloud.datastore.emulator.impl.context.EmulatorAuthorization warnAboutSecuredJwt
WARNING: expected an unsecured JWT, the emulator does not validate JWTs and IS NOT SECURE
Nov 06, 2025 11:29:01 AM io.gapi.emulators.netty.HttpVersionRoutingHandler channelRead
INFO: Detected non-HTTP/2 connection.
Nov 06, 2025 11:29:01 AM io.gapi.emulators.netty.HttpVersionRoutingHandler channelRead
INFO: Detected non-HTTP/2 connection.
Nov 06, 2025 11:29:01 AM io.gapi.emulators.netty.HttpVersionRoutingHandler channelRead
INFO: Detected non-HTTP/2 connection.
Nov 06, 2025 11:29:02 AM io.gapi.emulators.netty.HttpVersionRoutingHandler channelRead
INFO: Detected non-HTTP/2 connection.
Nov 06, 2025 11:29:02 AM com.google.cloud.datastore.emulator.impl.context.EmulatorAuthorization warnAboutSecuredJwt
WARNING: expected an unsecured JWT, the emulator does not validate JWTs and IS NOT SECURE
Nov 06, 2025 11:29:02 AM io.gapi.emulators.netty.HttpVersionRoutingHandler channelRead
INFO: Detected non-HTTP/2 connection.
Nov 06, 2025 11:29:02 AM io.gapi.emulators.netty.HttpVersionRoutingHandler channelRead
INFO: Detected non-HTTP/2 connection.
Nov 06, 2025 11:29:02 AM io.gapi.emulators.netty.HttpVersionRoutingHandler channelRead
INFO: Detected non-HTTP/2 connection.
Nov 06, 2025 11:29:02 AM io.gapi.emulators.netty.HttpVersionRoutingHandler channelRead
INFO: Detected non-HTTP/2 connection.
Nov 06, 2025 11:29:02 AM com.google.cloud.datastore.emulator.impl.context.EmulatorAuthorization warnAboutSecuredJwt
WARNING: expected an unsecured JWT, the emulator does not validate JWTs and IS NOT SECURE
Nov 06, 2025 11:29:02 AM io.gapi.emulators.netty.HttpVersionRoutingHandler channelRead
INFO: Detected non-HTTP/2 connection.
Nov 06, 2025 11:29:02 AM io.gapi.emulators.netty.HttpVersionRoutingHandler channelRead
INFO: Detected non-HTTP/2 connection.
Nov 06, 2025 11:29:02 AM io.gapi.emulators.netty.HttpVersionRoutingHandler channelRead
INFO: Detected non-HTTP/2 connection.
Nov 06, 2025 11:29:03 AM io.gapi.emulators.netty.HttpVersionRoutingHandler channelRead
INFO: Detected non-HTTP/2 connection.
Nov 06, 2025 11:29:03 AM com.google.cloud.datastore.emulator.impl.context.EmulatorAuthorization warnAboutSecuredJwt
WARNING: expected an unsecured JWT, the emulator does not validate JWTs and IS NOT SECURE
Nov 06, 2025 11:29:03 AM io.gapi.emulators.netty.HttpVersionRoutingHandler channelRead
INFO: Detected non-HTTP/2 connection.
Nov 06, 2025 11:29:03 AM io.gapi.emulators.netty.HttpVersionRoutingHandler channelRead
INFO: Detected non-HTTP/2 connection.
Nov 06, 2025 11:29:03 AM io.gapi.emulators.netty.HttpVersionRoutingHandler channelRead
INFO: Detected non-HTTP/2 connection.
Nov 06, 2025 11:29:03 AM io.gapi.emulators.netty.HttpVersionRoutingHandler channelRead
INFO: Detected non-HTTP/2 connection.
Nov 06, 2025 11:29:03 AM com.google.cloud.datastore.emulator.impl.context.EmulatorAuthorization warnAboutSecuredJwt
WARNING: expected an unsecured JWT, the emulator does not validate JWTs and IS NOT SECURE
Nov 06, 2025 11:29:03 AM io.gapi.emulators.netty.HttpVersionRoutingHandler channelRead
INFO: Detected non-HTTP/2 connection.
Nov 06, 2025 11:29:03 AM io.gapi.emulators.netty.HttpVersionRoutingHandler channelRead
INFO: Detected non-HTTP/2 connection.
Nov 06, 2025 11:29:03 AM io.gapi.emulators.netty.HttpVersionRoutingHandler channelRead
INFO: Detected non-HTTP/2 connection.
Nov 06, 2025 11:29:03 AM io.gapi.emulators.netty.HttpVersionRoutingHandler channelRead
INFO: Detected non-HTTP/2 connection.
Nov 06, 2025 11:29:03 AM com.google.cloud.datastore.emulator.impl.context.EmulatorAuthorization warnAboutSecuredJwt
WARNING: expected an unsecured JWT, the emulator does not validate JWTs and IS NOT SECURE
Nov 06, 2025 11:29:03 AM io.gapi.emulators.netty.HttpVersionRoutingHandler channelRead
INFO: Detected non-HTTP/2 connection.
Nov 06, 2025 11:29:03 AM io.gapi.emulators.netty.HttpVersionRoutingHandler channelRead
INFO: Detected non-HTTP/2 connection.
Nov 06, 2025 11:29:03 AM io.gapi.emulators.netty.HttpVersionRoutingHandler channelRead
INFO: Detected non-HTTP/2 connection.
Nov 06, 2025 11:29:04 AM io.gapi.emulators.netty.HttpVersionRoutingHandler channelRead
INFO: Detected non-HTTP/2 connection.
Nov 06, 2025 11:29:04 AM com.google.cloud.datastore.emulator.impl.context.EmulatorAuthorization warnAboutSecuredJwt
WARNING: expected an unsecured JWT, the emulator does not validate JWTs and IS NOT SECURE
Nov 06, 2025 11:29:04 AM io.gapi.emulators.netty.HttpVersionRoutingHandler channelRead
INFO: Detected non-HTTP/2 connection.
Nov 06, 2025 11:29:04 AM io.gapi.emulators.netty.HttpVersionRoutingHandler channelRead
INFO: Detected non-HTTP/2 connection.
Nov 06, 2025 11:29:04 AM io.gapi.emulators.netty.HttpVersionRoutingHandler channelRead
INFO: Detected non-HTTP/2 connection.
Nov 06, 2025 11:29:04 AM io.gapi.emulators.netty.HttpVersionRoutingHandler channelRead
INFO: Detected non-HTTP/2 connection.
Nov 06, 2025 11:29:04 AM com.google.cloud.datastore.emulator.impl.context.EmulatorAuthorization warnAboutSecuredJwt
WARNING: expected an unsecured JWT, the emulator does not validate JWTs and IS NOT SECURE
Nov 06, 2025 11:29:04 AM io.gapi.emulators.netty.HttpVersionRoutingHandler channelRead
INFO: Detected non-HTTP/2 connection.
Nov 06, 2025 11:29:04 AM io.gapi.emulators.netty.HttpVersionRoutingHandler channelRead
INFO: Detected non-HTTP/2 connection.
Nov 06, 2025 11:29:04 AM io.gapi.emulators.netty.HttpVersionRoutingHandler channelRead
INFO: Detected non-HTTP/2 connection.
Nov 06, 2025 11:29:05 AM io.gapi.emulators.netty.HttpVersionRoutingHandler channelRead
INFO: Detected non-HTTP/2 connection.
Nov 06, 2025 11:29:05 AM com.google.cloud.datastore.emulator.impl.context.EmulatorAuthorization warnAboutSecuredJwt
WARNING: expected an unsecured JWT, the emulator does not validate JWTs and IS NOT SECURE
Nov 06, 2025 11:29:05 AM io.gapi.emulators.netty.HttpVersionRoutingHandler channelRead
INFO: Detected non-HTTP/2 connection.
Nov 06, 2025 11:29:05 AM io.gapi.emulators.netty.HttpVersionRoutingHandler channelRead
INFO: Detected non-HTTP/2 connection.
Nov 06, 2025 11:29:05 AM io.gapi.emulators.netty.HttpVersionRoutingHandler channelRead
INFO: Detected non-HTTP/2 connection.
Nov 06, 2025 11:29:05 AM io.gapi.emulators.netty.HttpVersionRoutingHandler channelRead
INFO: Detected non-HTTP/2 connection.
Nov 06, 2025 11:29:05 AM com.google.cloud.datastore.emulator.impl.context.EmulatorAuthorization warnAboutSecuredJwt
WARNING: expected an unsecured JWT, the emulator does not validate JWTs and IS NOT SECURE
Nov 06, 2025 11:29:05 AM io.gapi.emulators.netty.HttpVersionRoutingHandler channelRead
INFO: Detected non-HTTP/2 connection.
Nov 06, 2025 11:29:05 AM io.gapi.emulators.netty.HttpVersionRoutingHandler channelRead
INFO: Detected non-HTTP/2 connection.
Nov 06, 2025 11:29:05 AM io.gapi.emulators.netty.HttpVersionRoutingHandler channelRead
INFO: Detected non-HTTP/2 connection.
Nov 06, 2025 11:29:06 AM io.gapi.emulators.netty.HttpVersionRoutingHandler channelRead
INFO: Detected non-HTTP/2 connection.
Nov 06, 2025 11:29:06 AM com.google.cloud.datastore.emulator.impl.context.EmulatorAuthorization warnAboutSecuredJwt
WARNING: expected an unsecured JWT, the emulator does not validate JWTs and IS NOT SECURE
Nov 06, 2025 11:29:06 AM io.gapi.emulators.netty.HttpVersionRoutingHandler channelRead
INFO: Detected non-HTTP/2 connection.
Nov 06, 2025 11:29:06 AM io.gapi.emulators.netty.HttpVersionRoutingHandler channelRead
INFO: Detected non-HTTP/2 connection.
Nov 06, 2025 11:29:06 AM io.gapi.emulators.netty.HttpVersionRoutingHandler channelRead
INFO: Detected non-HTTP/2 connection.
Nov 06, 2025 11:29:06 AM io.gapi.emulators.netty.HttpVersionRoutingHandler channelRead
INFO: Detected non-HTTP/2 connection.
Nov 06, 2025 11:29:06 AM com.google.cloud.datastore.emulator.impl.context.EmulatorAuthorization warnAboutSecuredJwt
WARNING: expected an unsecured JWT, the emulator does not validate JWTs and IS NOT SECURE
Nov 06, 2025 11:29:06 AM io.gapi.emulators.netty.HttpVersionRoutingHandler channelRead
INFO: Detected non-HTTP/2 connection.
Nov 06, 2025 11:29:06 AM io.gapi.emulators.netty.HttpVersionRoutingHandler channelRead
INFO: Detected non-HTTP/2 connection.
Nov 06, 2025 11:29:06 AM io.gapi.emulators.netty.HttpVersionRoutingHandler channelRead
INFO: Detected non-HTTP/2 connection.
Nov 06, 2025 11:29:06 AM io.gapi.emulators.netty.HttpVersionRoutingHandler channelRead
INFO: Detected non-HTTP/2 connection.
Nov 06, 2025 11:29:06 AM com.google.cloud.datastore.emulator.impl.context.EmulatorAuthorization warnAboutSecuredJwt
WARNING: expected an unsecured JWT, the emulator does not validate JWTs and IS NOT SECURE
Nov 06, 2025 11:29:06 AM io.gapi.emulators.netty.HttpVersionRoutingHandler channelRead
INFO: Detected non-HTTP/2 connection.
Nov 06, 2025 11:29:06 AM io.gapi.emulators.netty.HttpVersionRoutingHandler channelRead
INFO: Detected non-HTTP/2 connection.
Nov 06, 2025 11:29:06 AM io.gapi.emulators.netty.HttpVersionRoutingHandler channelRead
INFO: Detected non-HTTP/2 connection.
Nov 06, 2025 11:29:07 AM io.gapi.emulators.netty.HttpVersionRoutingHandler channelRead
INFO: Detected non-HTTP/2 connection.
Nov 06, 2025 11:29:07 AM com.google.cloud.datastore.emulator.impl.context.EmulatorAuthorization warnAboutSecuredJwt
WARNING: expected an unsecured JWT, the emulator does not validate JWTs and IS NOT SECURE
Nov 06, 2025 11:29:07 AM io.gapi.emulators.netty.HttpVersionRoutingHandler channelRead
INFO: Detected non-HTTP/2 connection.
Nov 06, 2025 11:29:07 AM io.gapi.emulators.netty.HttpVersionRoutingHandler channelRead
INFO: Detected non-HTTP/2 connection.
Nov 06, 2025 11:29:07 AM io.gapi.emulators.netty.HttpVersionRoutingHandler channelRead
INFO: Detected non-HTTP/2 connection.
Nov 06, 2025 11:29:07 AM io.gapi.emulators.netty.HttpVersionRoutingHandler channelRead
INFO: Detected non-HTTP/2 connection.
Nov 06, 2025 11:29:07 AM com.google.cloud.datastore.emulator.impl.context.EmulatorAuthorization warnAboutSecuredJwt
WARNING: expected an unsecured JWT, the emulator does not validate JWTs and IS NOT SECURE
Nov 06, 2025 11:29:07 AM io.gapi.emulators.netty.HttpVersionRoutingHandler channelRead
INFO: Detected non-HTTP/2 connection.
Nov 06, 2025 11:29:07 AM io.gapi.emulators.netty.HttpVersionRoutingHandler channelRead
INFO: Detected non-HTTP/2 connection.
Nov 06, 2025 11:29:07 AM io.gapi.emulators.netty.HttpVersionRoutingHandler channelRead
INFO: Detected non-HTTP/2 connection.
Nov 06, 2025 11:29:08 AM io.gapi.emulators.netty.HttpVersionRoutingHandler channelRead
INFO: Detected non-HTTP/2 connection.
Nov 06, 2025 11:29:08 AM com.google.cloud.datastore.emulator.impl.context.EmulatorAuthorization warnAboutSecuredJwt
WARNING: expected an unsecured JWT, the emulator does not validate JWTs and IS NOT SECURE
Nov 06, 2025 11:29:08 AM io.gapi.emulators.netty.HttpVersionRoutingHandler channelRead
INFO: Detected non-HTTP/2 connection.
Nov 06, 2025 11:29:08 AM io.gapi.emulators.netty.HttpVersionRoutingHandler channelRead
INFO: Detected non-HTTP/2 connection.
Nov 06, 2025 11:29:08 AM io.gapi.emulators.netty.HttpVersionRoutingHandler channelRead
INFO: Detected non-HTTP/2 connection.
Nov 06, 2025 11:29:08 AM io.gapi.emulators.netty.HttpVersionRoutingHandler channelRead
INFO: Detected non-HTTP/2 connection.
Nov 06, 2025 11:29:08 AM com.google.cloud.datastore.emulator.impl.context.EmulatorAuthorization warnAboutSecuredJwt
WARNING: expected an unsecured JWT, the emulator does not validate JWTs and IS NOT SECURE
Nov 06, 2025 11:29:08 AM io.gapi.emulators.netty.HttpVersionRoutingHandler channelRead
INFO: Detected non-HTTP/2 connection.
Nov 06, 2025 11:29:08 AM io.gapi.emulators.netty.HttpVersionRoutingHandler channelRead
INFO: Detected non-HTTP/2 connection.
Nov 06, 2025 11:29:08 AM io.gapi.emulators.netty.HttpVersionRoutingHandler channelRead
INFO: Detected non-HTTP/2 connection.
Nov 06, 2025 11:29:09 AM io.gapi.emulators.netty.HttpVersionRoutingHandler channelRead
INFO: Detected non-HTTP/2 connection.
Nov 06, 2025 11:29:09 AM com.google.cloud.datastore.emulator.impl.context.EmulatorAuthorization warnAboutSecuredJwt
WARNING: expected an unsecured JWT, the emulator does not validate JWTs and IS NOT SECURE
Nov 06, 2025 11:29:09 AM io.gapi.emulators.netty.HttpVersionRoutingHandler channelRead
INFO: Detected non-HTTP/2 connection.
Nov 06, 2025 11:29:09 AM io.gapi.emulators.netty.HttpVersionRoutingHandler channelRead
INFO: Detected non-HTTP/2 connection.
Nov 06, 2025 11:29:09 AM io.gapi.emulators.netty.HttpVersionRoutingHandler channelRead
INFO: Detected non-HTTP/2 connection.
Nov 06, 2025 11:29:09 AM io.gapi.emulators.netty.HttpVersionRoutingHandler channelRead
INFO: Detected non-HTTP/2 connection.
Nov 06, 2025 11:29:09 AM com.google.cloud.datastore.emulator.impl.context.EmulatorAuthorization warnAboutSecuredJwt
WARNING: expected an unsecured JWT, the emulator does not validate JWTs and IS NOT SECURE
Nov 06, 2025 11:29:09 AM io.gapi.emulators.netty.HttpVersionRoutingHandler channelRead
INFO: Detected non-HTTP/2 connection.
Nov 06, 2025 11:29:09 AM io.gapi.emulators.netty.HttpVersionRoutingHandler channelRead
INFO: Detected non-HTTP/2 connection.
Nov 06, 2025 11:29:09 AM io.gapi.emulators.netty.HttpVersionRoutingHandler channelRead
INFO: Detected non-HTTP/2 connection.
Nov 06, 2025 11:29:09 AM io.gapi.emulators.netty.HttpVersionRoutingHandler channelRead
INFO: Detected non-HTTP/2 connection.
Nov 06, 2025 11:29:09 AM com.google.cloud.datastore.emulator.impl.context.EmulatorAuthorization warnAboutSecuredJwt
WARNING: expected an unsecured JWT, the emulator does not validate JWTs and IS NOT SECURE
Nov 06, 2025 11:29:09 AM io.gapi.emulators.netty.HttpVersionRoutingHandler channelRead
INFO: Detected non-HTTP/2 connection.
Nov 06, 2025 11:29:09 AM io.gapi.emulators.netty.HttpVersionRoutingHandler channelRead
INFO: Detected non-HTTP/2 connection.
Nov 06, 2025 11:29:09 AM io.gapi.emulators.netty.HttpVersionRoutingHandler channelRead
INFO: Detected non-HTTP/2 connection.
Nov 06, 2025 11:29:10 AM io.gapi.emulators.netty.HttpVersionRoutingHandler channelRead
INFO: Detected non-HTTP/2 connection.
Nov 06, 2025 11:29:10 AM com.google.cloud.datastore.emulator.impl.context.EmulatorAuthorization warnAboutSecuredJwt
WARNING: expected an unsecured JWT, the emulator does not validate JWTs and IS NOT SECURE
Nov 06, 2025 11:29:10 AM io.gapi.emulators.netty.HttpVersionRoutingHandler channelRead
INFO: Detected non-HTTP/2 connection.
Nov 06, 2025 11:29:10 AM io.gapi.emulators.netty.HttpVersionRoutingHandler channelRead
INFO: Detected non-HTTP/2 connection.
Nov 06, 2025 11:29:10 AM io.gapi.emulators.netty.HttpVersionRoutingHandler channelRead
INFO: Detected non-HTTP/2 connection.
Nov 06, 2025 11:29:10 AM io.gapi.emulators.netty.HttpVersionRoutingHandler channelRead
INFO: Detected non-HTTP/2 connection.
Nov 06, 2025 11:29:10 AM com.google.cloud.datastore.emulator.impl.context.EmulatorAuthorization warnAboutSecuredJwt
WARNING: expected an unsecured JWT, the emulator does not validate JWTs and IS NOT SECURE
Nov 06, 2025 11:29:10 AM io.gapi.emulators.netty.HttpVersionRoutingHandler channelRead
INFO: Detected non-HTTP/2 connection.
Nov 06, 2025 11:29:10 AM io.gapi.emulators.netty.HttpVersionRoutingHandler channelRead
INFO: Detected non-HTTP/2 connection.
Nov 06, 2025 11:29:10 AM io.gapi.emulators.netty.HttpVersionRoutingHandler channelRead
INFO: Detected non-HTTP/2 connection.
Nov 06, 2025 11:29:11 AM io.gapi.emulators.netty.HttpVersionRoutingHandler channelRead
INFO: Detected non-HTTP/2 connection.
Nov 06, 2025 11:29:11 AM com.google.cloud.datastore.emulator.impl.context.EmulatorAuthorization warnAboutSecuredJwt
WARNING: expected an unsecured JWT, the emulator does not validate JWTs and IS NOT SECURE
Nov 06, 2025 11:29:11 AM io.gapi.emulators.netty.HttpVersionRoutingHandler channelRead
INFO: Detected non-HTTP/2 connection.
Nov 06, 2025 11:29:11 AM io.gapi.emulators.netty.HttpVersionRoutingHandler channelRead
INFO: Detected non-HTTP/2 connection.
Nov 06, 2025 11:29:11 AM io.gapi.emulators.netty.HttpVersionRoutingHandler channelRead
INFO: Detected non-HTTP/2 connection.
Nov 06, 2025 11:29:11 AM io.gapi.emulators.netty.HttpVersionRoutingHandler channelRead
INFO: Detected non-HTTP/2 connection.
Nov 06, 2025 11:29:11 AM com.google.cloud.datastore.emulator.impl.context.EmulatorAuthorization warnAboutSecuredJwt
WARNING: expected an unsecured JWT, the emulator does not validate JWTs and IS NOT SECURE
Nov 06, 2025 11:29:11 AM io.gapi.emulators.netty.HttpVersionRoutingHandler channelRead
INFO: Detected non-HTTP/2 connection.
Nov 06, 2025 11:29:11 AM io.gapi.emulators.netty.HttpVersionRoutingHandler channelRead
INFO: Detected non-HTTP/2 connection.
Nov 06, 2025 11:29:11 AM io.gapi.emulators.netty.HttpVersionRoutingHandler channelRead
INFO: Detected non-HTTP/2 connection.
Nov 06, 2025 11:29:11 AM io.gapi.emulators.netty.HttpVersionRoutingHandler channelRead
INFO: Detected non-HTTP/2 connection.
Nov 06, 2025 11:29:11 AM com.google.cloud.datastore.emulator.impl.context.EmulatorAuthorization warnAboutSecuredJwt
WARNING: expected an unsecured JWT, the emulator does not validate JWTs and IS NOT SECURE
Nov 06, 2025 11:29:11 AM io.gapi.emulators.netty.HttpVersionRoutingHandler channelRead
INFO: Detected non-HTTP/2 connection.
Nov 06, 2025 11:29:11 AM io.gapi.emulators.netty.HttpVersionRoutingHandler channelRead
INFO: Detected non-HTTP/2 connection.
Nov 06, 2025 11:29:11 AM io.gapi.emulators.netty.HttpVersionRoutingHandler channelRead
INFO: Detected non-HTTP/2 connection.
Nov 06, 2025 11:29:12 AM io.gapi.emulators.netty.HttpVersionRoutingHandler channelRead
INFO: Detected non-HTTP/2 connection.
Nov 06, 2025 11:29:12 AM com.google.cloud.datastore.emulator.impl.context.EmulatorAuthorization warnAboutSecuredJwt
WARNING: expected an unsecured JWT, the emulator does not validate JWTs and IS NOT SECURE
Nov 06, 2025 11:29:12 AM io.gapi.emulators.netty.HttpVersionRoutingHandler channelRead
INFO: Detected non-HTTP/2 connection.
Nov 06, 2025 11:29:12 AM io.gapi.emulators.netty.HttpVersionRoutingHandler channelRead
INFO: Detected non-HTTP/2 connection.
Nov 06, 2025 11:29:12 AM io.gapi.emulators.netty.HttpVersionRoutingHandler channelRead
INFO: Detected non-HTTP/2 connection.
Nov 06, 2025 11:29:12 AM io.gapi.emulators.netty.HttpVersionRoutingHandler channelRead
INFO: Detected non-HTTP/2 connection.
Nov 06, 2025 11:29:12 AM com.google.cloud.datastore.emulator.impl.context.EmulatorAuthorization warnAboutSecuredJwt
WARNING: expected an unsecured JWT, the emulator does not validate JWTs and IS NOT SECURE
Nov 06, 2025 11:29:12 AM io.gapi.emulators.netty.HttpVersionRoutingHandler channelRead
INFO: Detected non-HTTP/2 connection.
Nov 06, 2025 11:29:12 AM io.gapi.emulators.netty.HttpVersionRoutingHandler channelRead
INFO: Detected non-HTTP/2 connection.
Nov 06, 2025 11:29:12 AM io.gapi.emulators.netty.HttpVersionRoutingHandler channelRead
INFO: Detected non-HTTP/2 connection.
Nov 06, 2025 11:29:13 AM io.gapi.emulators.netty.HttpVersionRoutingHandler channelRead
INFO: Detected non-HTTP/2 connection.
Nov 06, 2025 11:29:13 AM com.google.cloud.datastore.emulator.impl.context.EmulatorAuthorization warnAboutSecuredJwt
WARNING: expected an unsecured JWT, the emulator does not validate JWTs and IS NOT SECURE
Nov 06, 2025 11:29:13 AM io.gapi.emulators.netty.HttpVersionRoutingHandler channelRead
INFO: Detected non-HTTP/2 connection.
Nov 06, 2025 11:29:13 AM io.gapi.emulators.netty.HttpVersionRoutingHandler channelRead
INFO: Detected non-HTTP/2 connection.
Nov 06, 2025 11:29:13 AM io.gapi.emulators.netty.HttpVersionRoutingHandler channelRead
INFO: Detected non-HTTP/2 connection.
Nov 06, 2025 11:29:13 AM io.gapi.emulators.netty.HttpVersionRoutingHandler channelRead
INFO: Detected non-HTTP/2 connection.
Nov 06, 2025 11:29:13 AM com.google.cloud.datastore.emulator.impl.context.EmulatorAuthorization warnAboutSecuredJwt
WARNING: expected an unsecured JWT, the emulator does not validate JWTs and IS NOT SECURE
Nov 06, 2025 11:29:13 AM io.gapi.emulators.netty.HttpVersionRoutingHandler channelRead
INFO: Detected non-HTTP/2 connection.
Nov 06, 2025 11:29:13 AM io.gapi.emulators.netty.HttpVersionRoutingHandler channelRead
INFO: Detected non-HTTP/2 connection.
Nov 06, 2025 11:29:13 AM io.gapi.emulators.netty.HttpVersionRoutingHandler channelRead
INFO: Detected non-HTTP/2 connection.
Nov 06, 2025 11:29:14 AM io.gapi.emulators.netty.HttpVersionRoutingHandler channelRead
INFO: Detected non-HTTP/2 connection.
Nov 06, 2025 11:29:14 AM com.google.cloud.datastore.emulator.impl.context.EmulatorAuthorization warnAboutSecuredJwt
WARNING: expected an unsecured JWT, the emulator does not validate JWTs and IS NOT SECURE
Nov 06, 2025 11:29:14 AM io.gapi.emulators.netty.HttpVersionRoutingHandler channelRead
INFO: Detected non-HTTP/2 connection.
Nov 06, 2025 11:29:14 AM io.gapi.emulators.netty.HttpVersionRoutingHandler channelRead
INFO: Detected non-HTTP/2 connection.
Nov 06, 2025 11:29:14 AM io.gapi.emulators.netty.HttpVersionRoutingHandler channelRead
INFO: Detected non-HTTP/2 connection.
Nov 06, 2025 11:29:14 AM io.gapi.emulators.netty.HttpVersionRoutingHandler channelRead
INFO: Detected non-HTTP/2 connection.
Nov 06, 2025 11:29:14 AM com.google.cloud.datastore.emulator.impl.context.EmulatorAuthorization warnAboutSecuredJwt
WARNING: expected an unsecured JWT, the emulator does not validate JWTs and IS NOT SECURE
Nov 06, 2025 11:29:14 AM io.gapi.emulators.netty.HttpVersionRoutingHandler channelRead
INFO: Detected non-HTTP/2 connection.
Nov 06, 2025 11:29:14 AM io.gapi.emulators.netty.HttpVersionRoutingHandler channelRead
INFO: Detected non-HTTP/2 connection.
Nov 06, 2025 11:29:14 AM io.gapi.emulators.netty.HttpVersionRoutingHandler channelRead
INFO: Detected non-HTTP/2 connection.
Nov 06, 2025 11:29:14 AM io.gapi.emulators.netty.HttpVersionRoutingHandler channelRead
INFO: Detected non-HTTP/2 connection.
Nov 06, 2025 11:29:14 AM com.google.cloud.datastore.emulator.impl.context.EmulatorAuthorization warnAboutSecuredJwt
WARNING: expected an unsecured JWT, the emulator does not validate JWTs and IS NOT SECURE
Nov 06, 2025 11:29:14 AM io.gapi.emulators.netty.HttpVersionRoutingHandler channelRead
INFO: Detected non-HTTP/2 connection.
Nov 06, 2025 11:29:14 AM io.gapi.emulators.netty.HttpVersionRoutingHandler channelRead
INFO: Detected non-HTTP/2 connection.
Nov 06, 2025 11:29:14 AM io.gapi.emulators.netty.HttpVersionRoutingHandler channelRead
INFO: Detected non-HTTP/2 connection.
Nov 06, 2025 11:29:15 AM io.gapi.emulators.netty.HttpVersionRoutingHandler channelRead
INFO: Detected non-HTTP/2 connection.
Nov 06, 2025 11:29:15 AM com.google.cloud.datastore.emulator.impl.context.EmulatorAuthorization warnAboutSecuredJwt
WARNING: expected an unsecured JWT, the emulator does not validate JWTs and IS NOT SECURE
Nov 06, 2025 11:29:15 AM io.gapi.emulators.netty.HttpVersionRoutingHandler channelRead
INFO: Detected non-HTTP/2 connection.
Nov 06, 2025 11:29:15 AM io.gapi.emulators.netty.HttpVersionRoutingHandler channelRead
INFO: Detected non-HTTP/2 connection.
Nov 06, 2025 11:29:15 AM io.gapi.emulators.netty.HttpVersionRoutingHandler channelRead
INFO: Detected non-HTTP/2 connection.
Nov 06, 2025 11:29:15 AM io.gapi.emulators.netty.HttpVersionRoutingHandler channelRead
INFO: Detected non-HTTP/2 connection.
Nov 06, 2025 11:29:15 AM com.google.cloud.datastore.emulator.impl.context.EmulatorAuthorization warnAboutSecuredJwt
WARNING: expected an unsecured JWT, the emulator does not validate JWTs and IS NOT SECURE
Nov 06, 2025 11:29:15 AM io.gapi.emulators.netty.HttpVersionRoutingHandler channelRead
INFO: Detected non-HTTP/2 connection.
Nov 06, 2025 11:29:15 AM io.gapi.emulators.netty.HttpVersionRoutingHandler channelRead
INFO: Detected non-HTTP/2 connection.
Nov 06, 2025 11:29:15 AM io.gapi.emulators.netty.HttpVersionRoutingHandler channelRead
INFO: Detected non-HTTP/2 connection.
Nov 06, 2025 11:29:16 AM io.gapi.emulators.netty.HttpVersionRoutingHandler channelRead
INFO: Detected non-HTTP/2 connection.
Nov 06, 2025 11:29:16 AM com.google.cloud.datastore.emulator.impl.context.EmulatorAuthorization warnAboutSecuredJwt
WARNING: expected an unsecured JWT, the emulator does not validate JWTs and IS NOT SECURE
Nov 06, 2025 11:29:16 AM io.gapi.emulators.netty.HttpVersionRoutingHandler channelRead
INFO: Detected non-HTTP/2 connection.
Nov 06, 2025 11:29:16 AM io.gapi.emulators.netty.HttpVersionRoutingHandler channelRead
INFO: Detected non-HTTP/2 connection.
Nov 06, 2025 11:29:16 AM io.gapi.emulators.netty.HttpVersionRoutingHandler channelRead
INFO: Detected non-HTTP/2 connection.
Nov 06, 2025 11:29:16 AM io.gapi.emulators.netty.HttpVersionRoutingHandler channelRead
INFO: Detected non-HTTP/2 connection.
Nov 06, 2025 11:29:16 AM com.google.cloud.datastore.emulator.impl.context.EmulatorAuthorization warnAboutSecuredJwt
WARNING: expected an unsecured JWT, the emulator does not validate JWTs and IS NOT SECURE
Nov 06, 2025 11:29:16 AM io.gapi.emulators.netty.HttpVersionRoutingHandler channelRead
INFO: Detected non-HTTP/2 connection.
Nov 06, 2025 11:29:16 AM io.gapi.emulators.netty.HttpVersionRoutingHandler channelRead
INFO: Detected non-HTTP/2 connection.
Nov 06, 2025 11:29:16 AM io.gapi.emulators.netty.HttpVersionRoutingHandler channelRead
INFO: Detected non-HTTP/2 connection.
Nov 06, 2025 11:29:16 AM io.gapi.emulators.netty.HttpVersionRoutingHandler channelRead
INFO: Detected non-HTTP/2 connection.
Nov 06, 2025 11:29:16 AM com.google.cloud.datastore.emulator.impl.context.EmulatorAuthorization warnAboutSecuredJwt
WARNING: expected an unsecured JWT, the emulator does not validate JWTs and IS NOT SECURE
Nov 06, 2025 11:29:16 AM io.gapi.emulators.netty.HttpVersionRoutingHandler channelRead
INFO: Detected non-HTTP/2 connection.
Nov 06, 2025 11:29:16 AM io.gapi.emulators.netty.HttpVersionRoutingHandler channelRead
INFO: Detected non-HTTP/2 connection.
Nov 06, 2025 11:29:16 AM io.gapi.emulators.netty.HttpVersionRoutingHandler channelRead
INFO: Detected non-HTTP/2 connection.
Nov 06, 2025 11:29:17 AM io.gapi.emulators.netty.HttpVersionRoutingHandler channelRead
INFO: Detected non-HTTP/2 connection.
Nov 06, 2025 11:29:17 AM com.google.cloud.datastore.emulator.impl.context.EmulatorAuthorization warnAboutSecuredJwt
WARNING: expected an unsecured JWT, the emulator does not validate JWTs and IS NOT SECURE
Nov 06, 2025 11:29:17 AM io.gapi.emulators.netty.HttpVersionRoutingHandler channelRead
INFO: Detected non-HTTP/2 connection.
Nov 06, 2025 11:29:17 AM io.gapi.emulators.netty.HttpVersionRoutingHandler channelRead
INFO: Detected non-HTTP/2 connection.
Nov 06, 2025 11:29:17 AM io.gapi.emulators.netty.HttpVersionRoutingHandler channelRead
INFO: Detected non-HTTP/2 connection.
Nov 06, 2025 11:29:17 AM io.gapi.emulators.netty.HttpVersionRoutingHandler channelRead
INFO: Detected non-HTTP/2 connection.
Nov 06, 2025 11:29:17 AM com.google.cloud.datastore.emulator.impl.context.EmulatorAuthorization warnAboutSecuredJwt
WARNING: expected an unsecured JWT, the emulator does not validate JWTs and IS NOT SECURE
Nov 06, 2025 11:29:17 AM io.gapi.emulators.netty.HttpVersionRoutingHandler channelRead
INFO: Detected non-HTTP/2 connection.
Nov 06, 2025 11:29:17 AM io.gapi.emulators.netty.HttpVersionRoutingHandler channelRead
INFO: Detected non-HTTP/2 connection.
Nov 06, 2025 11:29:17 AM io.gapi.emulators.netty.HttpVersionRoutingHandler channelRead
INFO: Detected non-HTTP/2 connection.
Nov 06, 2025 11:29:18 AM io.gapi.emulators.netty.HttpVersionRoutingHandler channelRead
INFO: Detected non-HTTP/2 connection.
Nov 06, 2025 11:29:18 AM com.google.cloud.datastore.emulator.impl.context.EmulatorAuthorization warnAboutSecuredJwt
WARNING: expected an unsecured JWT, the emulator does not validate JWTs and IS NOT SECURE
Nov 06, 2025 11:29:18 AM io.gapi.emulators.netty.HttpVersionRoutingHandler channelRead
INFO: Detected non-HTTP/2 connection.
Nov 06, 2025 11:29:18 AM io.gapi.emulators.netty.HttpVersionRoutingHandler channelRead
INFO: Detected non-HTTP/2 connection.
Nov 06, 2025 11:29:18 AM io.gapi.emulators.netty.HttpVersionRoutingHandler channelRead
INFO: Detected non-HTTP/2 connection.
Nov 06, 2025 11:29:18 AM io.gapi.emulators.netty.HttpVersionRoutingHandler channelRead
INFO: Detected non-HTTP/2 connection.
Nov 06, 2025 11:29:18 AM com.google.cloud.datastore.emulator.impl.context.EmulatorAuthorization warnAboutSecuredJwt
WARNING: expected an unsecured JWT, the emulator does not validate JWTs and IS NOT SECURE
Nov 06, 2025 11:29:18 AM io.gapi.emulators.netty.HttpVersionRoutingHandler channelRead
INFO: Detected non-HTTP/2 connection.
Nov 06, 2025 11:29:18 AM io.gapi.emulators.netty.HttpVersionRoutingHandler channelRead
INFO: Detected non-HTTP/2 connection.
Nov 06, 2025 11:29:18 AM io.gapi.emulators.netty.HttpVersionRoutingHandler channelRead
INFO: Detected non-HTTP/2 connection.
Nov 06, 2025 11:29:18 AM io.gapi.emulators.netty.HttpVersionRoutingHandler channelRead
INFO: Detected non-HTTP/2 connection.
Nov 06, 2025 11:29:18 AM com.google.cloud.datastore.emulator.impl.context.EmulatorAuthorization warnAboutSecuredJwt
WARNING: expected an unsecured JWT, the emulator does not validate JWTs and IS NOT SECURE
Nov 06, 2025 11:29:18 AM io.gapi.emulators.netty.HttpVersionRoutingHandler channelRead
INFO: Detected non-HTTP/2 connection.
Nov 06, 2025 11:29:18 AM io.gapi.emulators.netty.HttpVersionRoutingHandler channelRead
INFO: Detected non-HTTP/2 connection.
Nov 06, 2025 11:29:18 AM io.gapi.emulators.netty.HttpVersionRoutingHandler channelRead
INFO: Detected non-HTTP/2 connection.
Nov 06, 2025 11:29:19 AM io.gapi.emulators.netty.HttpVersionRoutingHandler channelRead
INFO: Detected non-HTTP/2 connection.
Nov 06, 2025 11:29:19 AM com.google.cloud.datastore.emulator.impl.context.EmulatorAuthorization warnAboutSecuredJwt
WARNING: expected an unsecured JWT, the emulator does not validate JWTs and IS NOT SECURE
Nov 06, 2025 11:29:19 AM io.gapi.emulators.netty.HttpVersionRoutingHandler channelRead
INFO: Detected non-HTTP/2 connection.
Nov 06, 2025 11:29:19 AM io.gapi.emulators.netty.HttpVersionRoutingHandler channelRead
INFO: Detected non-HTTP/2 connection.
Nov 06, 2025 11:29:19 AM io.gapi.emulators.netty.HttpVersionRoutingHandler channelRead
INFO: Detected non-HTTP/2 connection.
Nov 06, 2025 11:29:19 AM io.gapi.emulators.netty.HttpVersionRoutingHandler channelRead
INFO: Detected non-HTTP/2 connection.
Nov 06, 2025 11:29:19 AM com.google.cloud.datastore.emulator.impl.context.EmulatorAuthorization warnAboutSecuredJwt
WARNING: expected an unsecured JWT, the emulator does not validate JWTs and IS NOT SECURE
Nov 06, 2025 11:29:19 AM io.gapi.emulators.netty.HttpVersionRoutingHandler channelRead
INFO: Detected non-HTTP/2 connection.
Nov 06, 2025 11:29:19 AM io.gapi.emulators.netty.HttpVersionRoutingHandler channelRead
INFO: Detected non-HTTP/2 connection.
Nov 06, 2025 11:29:19 AM io.gapi.emulators.netty.HttpVersionRoutingHandler channelRead
INFO: Detected non-HTTP/2 connection.
Nov 06, 2025 11:29:20 AM io.gapi.emulators.netty.HttpVersionRoutingHandler channelRead
INFO: Detected non-HTTP/2 connection.
Nov 06, 2025 11:29:20 AM com.google.cloud.datastore.emulator.impl.context.EmulatorAuthorization warnAboutSecuredJwt
WARNING: expected an unsecured JWT, the emulator does not validate JWTs and IS NOT SECURE
Nov 06, 2025 11:29:20 AM io.gapi.emulators.netty.HttpVersionRoutingHandler channelRead
INFO: Detected non-HTTP/2 connection.
Nov 06, 2025 11:29:20 AM io.gapi.emulators.netty.HttpVersionRoutingHandler channelRead
INFO: Detected non-HTTP/2 connection.
Nov 06, 2025 11:29:20 AM io.gapi.emulators.netty.HttpVersionRoutingHandler channelRead
INFO: Detected non-HTTP/2 connection.
Nov 06, 2025 11:29:20 AM io.gapi.emulators.netty.HttpVersionRoutingHandler channelRead
INFO: Detected non-HTTP/2 connection.
Nov 06, 2025 11:29:20 AM com.google.cloud.datastore.emulator.impl.context.EmulatorAuthorization warnAboutSecuredJwt
WARNING: expected an unsecured JWT, the emulator does not validate JWTs and IS NOT SECURE
Nov 06, 2025 11:29:20 AM io.gapi.emulators.netty.HttpVersionRoutingHandler channelRead
INFO: Detected non-HTTP/2 connection.
Nov 06, 2025 11:29:20 AM io.gapi.emulators.netty.HttpVersionRoutingHandler channelRead
INFO: Detected non-HTTP/2 connection.
Nov 06, 2025 11:29:20 AM io.gapi.emulators.netty.HttpVersionRoutingHandler channelRead
INFO: Detected non-HTTP/2 connection.
Nov 06, 2025 11:29:21 AM io.gapi.emulators.netty.HttpVersionRoutingHandler channelRead
INFO: Detected non-HTTP/2 connection.
Nov 06, 2025 11:29:21 AM com.google.cloud.datastore.emulator.impl.context.EmulatorAuthorization warnAboutSecuredJwt
WARNING: expected an unsecured JWT, the emulator does not validate JWTs and IS NOT SECURE
Nov 06, 2025 11:29:21 AM io.gapi.emulators.netty.HttpVersionRoutingHandler channelRead
INFO: Detected non-HTTP/2 connection.
Nov 06, 2025 11:29:21 AM io.gapi.emulators.netty.HttpVersionRoutingHandler channelRead
INFO: Detected non-HTTP/2 connection.
Nov 06, 2025 11:29:21 AM io.gapi.emulators.netty.HttpVersionRoutingHandler channelRead
INFO: Detected non-HTTP/2 connection.
Nov 06, 2025 11:29:21 AM io.gapi.emulators.netty.HttpVersionRoutingHandler channelRead
INFO: Detected non-HTTP/2 connection.
Nov 06, 2025 11:29:21 AM com.google.cloud.datastore.emulator.impl.context.EmulatorAuthorization warnAboutSecuredJwt
WARNING: expected an unsecured JWT, the emulator does not validate JWTs and IS NOT SECURE
Nov 06, 2025 11:29:21 AM io.gapi.emulators.netty.HttpVersionRoutingHandler channelRead
INFO: Detected non-HTTP/2 connection.
Nov 06, 2025 11:29:21 AM io.gapi.emulators.netty.HttpVersionRoutingHandler channelRead
INFO: Detected non-HTTP/2 connection.
Nov 06, 2025 11:29:21 AM io.gapi.emulators.netty.HttpVersionRoutingHandler channelRead
INFO: Detected non-HTTP/2 connection.
Nov 06, 2025 11:29:21 AM io.gapi.emulators.netty.HttpVersionRoutingHandler channelRead
INFO: Detected non-HTTP/2 connection.
Nov 06, 2025 11:29:21 AM com.google.cloud.datastore.emulator.impl.context.EmulatorAuthorization warnAboutSecuredJwt
WARNING: expected an unsecured JWT, the emulator does not validate JWTs and IS NOT SECURE
Nov 06, 2025 11:29:21 AM io.gapi.emulators.netty.HttpVersionRoutingHandler channelRead
INFO: Detected non-HTTP/2 connection.
Nov 06, 2025 11:29:21 AM io.gapi.emulators.netty.HttpVersionRoutingHandler channelRead
INFO: Detected non-HTTP/2 connection.
Nov 06, 2025 11:29:21 AM io.gapi.emulators.netty.HttpVersionRoutingHandler channelRead
INFO: Detected non-HTTP/2 connection.
Nov 06, 2025 11:29:22 AM io.gapi.emulators.netty.HttpVersionRoutingHandler channelRead
INFO: Detected non-HTTP/2 connection.
Nov 06, 2025 11:29:22 AM com.google.cloud.datastore.emulator.impl.context.EmulatorAuthorization warnAboutSecuredJwt
WARNING: expected an unsecured JWT, the emulator does not validate JWTs and IS NOT SECURE
Nov 06, 2025 11:29:22 AM io.gapi.emulators.netty.HttpVersionRoutingHandler channelRead
INFO: Detected non-HTTP/2 connection.
Nov 06, 2025 11:29:22 AM io.gapi.emulators.netty.HttpVersionRoutingHandler channelRead
INFO: Detected non-HTTP/2 connection.
Nov 06, 2025 11:29:22 AM io.gapi.emulators.netty.HttpVersionRoutingHandler channelRead
INFO: Detected non-HTTP/2 connection.
Nov 06, 2025 11:29:22 AM io.gapi.emulators.netty.HttpVersionRoutingHandler channelRead
INFO: Detected non-HTTP/2 connection.
Nov 06, 2025 11:29:22 AM com.google.cloud.datastore.emulator.impl.context.EmulatorAuthorization warnAboutSecuredJwt
WARNING: expected an unsecured JWT, the emulator does not validate JWTs and IS NOT SECURE
Nov 06, 2025 11:29:22 AM io.gapi.emulators.netty.HttpVersionRoutingHandler channelRead
INFO: Detected non-HTTP/2 connection.
Nov 06, 2025 11:29:22 AM io.gapi.emulators.netty.HttpVersionRoutingHandler channelRead
INFO: Detected non-HTTP/2 connection.
Nov 06, 2025 11:29:22 AM io.gapi.emulators.netty.HttpVersionRoutingHandler channelRead
INFO: Detected non-HTTP/2 connection.
Nov 06, 2025 11:29:23 AM io.gapi.emulators.netty.HttpVersionRoutingHandler channelRead
INFO: Detected non-HTTP/2 connection.
Nov 06, 2025 11:29:23 AM com.google.cloud.datastore.emulator.impl.context.EmulatorAuthorization warnAboutSecuredJwt
WARNING: expected an unsecured JWT, the emulator does not validate JWTs and IS NOT SECURE
Nov 06, 2025 11:29:23 AM io.gapi.emulators.netty.HttpVersionRoutingHandler channelRead
INFO: Detected non-HTTP/2 connection.
Nov 06, 2025 11:29:23 AM io.gapi.emulators.netty.HttpVersionRoutingHandler channelRead
INFO: Detected non-HTTP/2 connection.
Nov 06, 2025 11:29:23 AM io.gapi.emulators.netty.HttpVersionRoutingHandler channelRead
INFO: Detected non-HTTP/2 connection.
Nov 06, 2025 11:29:23 AM io.gapi.emulators.netty.HttpVersionRoutingHandler channelRead
INFO: Detected non-HTTP/2 connection.
Nov 06, 2025 11:29:23 AM com.google.cloud.datastore.emulator.impl.context.EmulatorAuthorization warnAboutSecuredJwt
WARNING: expected an unsecured JWT, the emulator does not validate JWTs and IS NOT SECURE
Nov 06, 2025 11:29:23 AM io.gapi.emulators.netty.HttpVersionRoutingHandler channelRead
INFO: Detected non-HTTP/2 connection.
Nov 06, 2025 11:29:23 AM io.gapi.emulators.netty.HttpVersionRoutingHandler channelRead
INFO: Detected non-HTTP/2 connection.
Nov 06, 2025 11:29:23 AM io.gapi.emulators.netty.HttpVersionRoutingHandler channelRead
INFO: Detected non-HTTP/2 connection.
Nov 06, 2025 11:29:23 AM io.gapi.emulators.netty.HttpVersionRoutingHandler channelRead
INFO: Detected non-HTTP/2 connection.
Nov 06, 2025 11:29:23 AM com.google.cloud.datastore.emulator.impl.context.EmulatorAuthorization warnAboutSecuredJwt
WARNING: expected an unsecured JWT, the emulator does not validate JWTs and IS NOT SECURE
Nov 06, 2025 11:29:23 AM io.gapi.emulators.netty.HttpVersionRoutingHandler channelRead
INFO: Detected non-HTTP/2 connection.
Nov 06, 2025 11:29:23 AM io.gapi.emulators.netty.HttpVersionRoutingHandler channelRead
INFO: Detected non-HTTP/2 connection.
Nov 06, 2025 11:29:23 AM io.gapi.emulators.netty.HttpVersionRoutingHandler channelRead
INFO: Detected non-HTTP/2 connection.
Nov 06, 2025 11:29:24 AM io.gapi.emulators.netty.HttpVersionRoutingHandler channelRead
INFO: Detected non-HTTP/2 connection.
Nov 06, 2025 11:29:24 AM com.google.cloud.datastore.emulator.impl.context.EmulatorAuthorization warnAboutSecuredJwt
WARNING: expected an unsecured JWT, the emulator does not validate JWTs and IS NOT SECURE
Nov 06, 2025 11:29:24 AM io.gapi.emulators.netty.HttpVersionRoutingHandler channelRead
INFO: Detected non-HTTP/2 connection.
Nov 06, 2025 11:29:24 AM io.gapi.emulators.netty.HttpVersionRoutingHandler channelRead
INFO: Detected non-HTTP/2 connection.
Nov 06, 2025 11:29:24 AM io.gapi.emulators.netty.HttpVersionRoutingHandler channelRead
INFO: Detected non-HTTP/2 connection.
Nov 06, 2025 11:29:24 AM io.gapi.emulators.netty.HttpVersionRoutingHandler channelRead
INFO: Detected non-HTTP/2 connection.
Nov 06, 2025 11:29:24 AM com.google.cloud.datastore.emulator.impl.context.EmulatorAuthorization warnAboutSecuredJwt
WARNING: expected an unsecured JWT, the emulator does not validate JWTs and IS NOT SECURE
Nov 06, 2025 11:29:24 AM io.gapi.emulators.netty.HttpVersionRoutingHandler channelRead
INFO: Detected non-HTTP/2 connection.
Nov 06, 2025 11:29:24 AM io.gapi.emulators.netty.HttpVersionRoutingHandler channelRead
INFO: Detected non-HTTP/2 connection.
Nov 06, 2025 11:29:24 AM io.gapi.emulators.netty.HttpVersionRoutingHandler channelRead
INFO: Detected non-HTTP/2 connection.
Nov 06, 2025 11:29:25 AM io.gapi.emulators.netty.HttpVersionRoutingHandler channelRead
INFO: Detected non-HTTP/2 connection.
Nov 06, 2025 11:29:25 AM com.google.cloud.datastore.emulator.impl.context.EmulatorAuthorization warnAboutSecuredJwt
WARNING: expected an unsecured JWT, the emulator does not validate JWTs and IS NOT SECURE
Nov 06, 2025 11:29:25 AM io.gapi.emulators.netty.HttpVersionRoutingHandler channelRead
INFO: Detected non-HTTP/2 connection.
Nov 06, 2025 11:29:25 AM io.gapi.emulators.netty.HttpVersionRoutingHandler channelRead
INFO: Detected non-HTTP/2 connection.
Nov 06, 2025 11:29:25 AM io.gapi.emulators.netty.HttpVersionRoutingHandler channelRead
INFO: Detected non-HTTP/2 connection.
Nov 06, 2025 11:29:25 AM io.gapi.emulators.netty.HttpVersionRoutingHandler channelRead
INFO: Detected non-HTTP/2 connection.
Nov 06, 2025 11:29:25 AM com.google.cloud.datastore.emulator.impl.context.EmulatorAuthorization warnAboutSecuredJwt
WARNING: expected an unsecured JWT, the emulator does not validate JWTs and IS NOT SECURE
Nov 06, 2025 11:29:25 AM io.gapi.emulators.netty.HttpVersionRoutingHandler channelRead
INFO: Detected non-HTTP/2 connection.
Nov 06, 2025 11:29:25 AM io.gapi.emulators.netty.HttpVersionRoutingHandler channelRead
INFO: Detected non-HTTP/2 connection.
Nov 06, 2025 11:29:25 AM io.gapi.emulators.netty.HttpVersionRoutingHandler channelRead
INFO: Detected non-HTTP/2 connection.
Nov 06, 2025 11:29:25 AM io.gapi.emulators.netty.HttpVersionRoutingHandler channelRead
INFO: Detected non-HTTP/2 connection.
Nov 06, 2025 11:29:25 AM com.google.cloud.datastore.emulator.impl.context.EmulatorAuthorization warnAboutSecuredJwt
WARNING: expected an unsecured JWT, the emulator does not validate JWTs and IS NOT SECURE
Nov 06, 2025 11:29:25 AM io.gapi.emulators.netty.HttpVersionRoutingHandler channelRead
INFO: Detected non-HTTP/2 connection.
Nov 06, 2025 11:29:25 AM io.gapi.emulators.netty.HttpVersionRoutingHandler channelRead
INFO: Detected non-HTTP/2 connection.
Nov 06, 2025 11:29:25 AM io.gapi.emulators.netty.HttpVersionRoutingHandler channelRead
INFO: Detected non-HTTP/2 connection.
Nov 06, 2025 11:29:26 AM io.gapi.emulators.netty.HttpVersionRoutingHandler channelRead
INFO: Detected non-HTTP/2 connection.
Nov 06, 2025 11:29:26 AM com.google.cloud.datastore.emulator.impl.context.EmulatorAuthorization warnAboutSecuredJwt
WARNING: expected an unsecured JWT, the emulator does not validate JWTs and IS NOT SECURE
Nov 06, 2025 11:29:26 AM io.gapi.emulators.netty.HttpVersionRoutingHandler channelRead
INFO: Detected non-HTTP/2 connection.
Nov 06, 2025 11:29:26 AM io.gapi.emulators.netty.HttpVersionRoutingHandler channelRead
INFO: Detected non-HTTP/2 connection.
Nov 06, 2025 11:29:26 AM io.gapi.emulators.netty.HttpVersionRoutingHandler channelRead
INFO: Detected non-HTTP/2 connection.
Nov 06, 2025 11:29:26 AM io.gapi.emulators.netty.HttpVersionRoutingHandler channelRead
INFO: Detected non-HTTP/2 connection.
Nov 06, 2025 11:29:26 AM com.google.cloud.datastore.emulator.impl.context.EmulatorAuthorization warnAboutSecuredJwt
WARNING: expected an unsecured JWT, the emulator does not validate JWTs and IS NOT SECURE
Nov 06, 2025 11:29:26 AM io.gapi.emulators.netty.HttpVersionRoutingHandler channelRead
INFO: Detected non-HTTP/2 connection.
Nov 06, 2025 11:29:26 AM io.gapi.emulators.netty.HttpVersionRoutingHandler channelRead
INFO: Detected non-HTTP/2 connection.
Nov 06, 2025 11:29:26 AM io.gapi.emulators.netty.HttpVersionRoutingHandler channelRead
INFO: Detected non-HTTP/2 connection.
Nov 06, 2025 11:29:27 AM io.gapi.emulators.netty.HttpVersionRoutingHandler channelRead
INFO: Detected non-HTTP/2 connection.
Nov 06, 2025 11:29:27 AM com.google.cloud.datastore.emulator.impl.context.EmulatorAuthorization warnAboutSecuredJwt
WARNING: expected an unsecured JWT, the emulator does not validate JWTs and IS NOT SECURE
Nov 06, 2025 11:29:27 AM io.gapi.emulators.netty.HttpVersionRoutingHandler channelRead
INFO: Detected non-HTTP/2 connection.
Nov 06, 2025 11:29:27 AM io.gapi.emulators.netty.HttpVersionRoutingHandler channelRead
INFO: Detected non-HTTP/2 connection.
Nov 06, 2025 11:29:27 AM io.gapi.emulators.netty.HttpVersionRoutingHandler channelRead
INFO: Detected non-HTTP/2 connection.
Nov 06, 2025 11:29:27 AM io.gapi.emulators.netty.HttpVersionRoutingHandler channelRead
INFO: Detected non-HTTP/2 connection.
Nov 06, 2025 11:29:27 AM com.google.cloud.datastore.emulator.impl.context.EmulatorAuthorization warnAboutSecuredJwt
WARNING: expected an unsecured JWT, the emulator does not validate JWTs and IS NOT SECURE
Nov 06, 2025 11:29:27 AM io.gapi.emulators.netty.HttpVersionRoutingHandler channelRead
INFO: Detected non-HTTP/2 connection.
Nov 06, 2025 11:29:27 AM io.gapi.emulators.netty.HttpVersionRoutingHandler channelRead
INFO: Detected non-HTTP/2 connection.
Nov 06, 2025 11:29:27 AM io.gapi.emulators.netty.HttpVersionRoutingHandler channelRead
INFO: Detected non-HTTP/2 connection.
Nov 06, 2025 11:29:28 AM io.gapi.emulators.netty.HttpVersionRoutingHandler channelRead
INFO: Detected non-HTTP/2 connection.
Nov 06, 2025 11:29:28 AM com.google.cloud.datastore.emulator.impl.context.EmulatorAuthorization warnAboutSecuredJwt
WARNING: expected an unsecured JWT, the emulator does not validate JWTs and IS NOT SECURE
Nov 06, 2025 11:29:28 AM io.gapi.emulators.netty.HttpVersionRoutingHandler channelRead
INFO: Detected non-HTTP/2 connection.
Nov 06, 2025 11:29:28 AM io.gapi.emulators.netty.HttpVersionRoutingHandler channelRead
INFO: Detected non-HTTP/2 connection.
Nov 06, 2025 11:29:28 AM io.gapi.emulators.netty.HttpVersionRoutingHandler channelRead
INFO: Detected non-HTTP/2 connection.
Nov 06, 2025 11:29:28 AM io.gapi.emulators.netty.HttpVersionRoutingHandler channelRead
INFO: Detected non-HTTP/2 connection.
Nov 06, 2025 11:29:28 AM com.google.cloud.datastore.emulator.impl.context.EmulatorAuthorization warnAboutSecuredJwt
WARNING: expected an unsecured JWT, the emulator does not validate JWTs and IS NOT SECURE
Nov 06, 2025 11:29:28 AM io.gapi.emulators.netty.HttpVersionRoutingHandler channelRead
INFO: Detected non-HTTP/2 connection.
Nov 06, 2025 11:29:28 AM io.gapi.emulators.netty.HttpVersionRoutingHandler channelRead
INFO: Detected non-HTTP/2 connection.
Nov 06, 2025 11:29:28 AM io.gapi.emulators.netty.HttpVersionRoutingHandler channelRead
INFO: Detected non-HTTP/2 connection.
Nov 06, 2025 11:29:28 AM io.gapi.emulators.netty.HttpVersionRoutingHandler channelRead
INFO: Detected non-HTTP/2 connection.
Nov 06, 2025 11:29:28 AM com.google.cloud.datastore.emulator.impl.context.EmulatorAuthorization warnAboutSecuredJwt
WARNING: expected an unsecured JWT, the emulator does not validate JWTs and IS NOT SECURE
Nov 06, 2025 11:29:28 AM io.gapi.emulators.netty.HttpVersionRoutingHandler channelRead
INFO: Detected non-HTTP/2 connection.
Nov 06, 2025 11:29:29 AM io.gapi.emulators.netty.HttpVersionRoutingHandler channelRead
INFO: Detected non-HTTP/2 connection.
Nov 06, 2025 11:29:29 AM io.gapi.emulators.netty.HttpVersionRoutingHandler channelRead
INFO: Detected non-HTTP/2 connection.
Nov 06, 2025 11:29:29 AM io.gapi.emulators.netty.HttpVersionRoutingHandler channelRead
INFO: Detected non-HTTP/2 connection.
Nov 06, 2025 11:29:29 AM com.google.cloud.datastore.emulator.impl.context.EmulatorAuthorization warnAboutSecuredJwt
WARNING: expected an unsecured JWT, the emulator does not validate JWTs and IS NOT SECURE
Nov 06, 2025 11:29:29 AM io.gapi.emulators.netty.HttpVersionRoutingHandler channelRead
INFO: Detected non-HTTP/2 connection.
Nov 06, 2025 11:29:29 AM io.gapi.emulators.netty.HttpVersionRoutingHandler channelRead
INFO: Detected non-HTTP/2 connection.
Nov 06, 2025 11:29:29 AM io.gapi.emulators.netty.HttpVersionRoutingHandler channelRead
INFO: Detected non-HTTP/2 connection.
Nov 06, 2025 11:29:29 AM io.gapi.emulators.netty.HttpVersionRoutingHandler channelRead
INFO: Detected non-HTTP/2 connection.
Nov 06, 2025 11:29:29 AM com.google.cloud.datastore.emulator.impl.context.EmulatorAuthorization warnAboutSecuredJwt
WARNING: expected an unsecured JWT, the emulator does not validate JWTs and IS NOT SECURE
Nov 06, 2025 11:29:29 AM io.gapi.emulators.netty.HttpVersionRoutingHandler channelRead
INFO: Detected non-HTTP/2 connection.
Nov 06, 2025 11:29:29 AM io.gapi.emulators.netty.HttpVersionRoutingHandler channelRead
INFO: Detected non-HTTP/2 connection.
Nov 06, 2025 11:29:29 AM io.gapi.emulators.netty.HttpVersionRoutingHandler channelRead
INFO: Detected non-HTTP/2 connection.
Nov 06, 2025 11:29:30 AM io.gapi.emulators.netty.HttpVersionRoutingHandler channelRead
INFO: Detected non-HTTP/2 connection.
Nov 06, 2025 11:29:30 AM com.google.cloud.datastore.emulator.impl.context.EmulatorAuthorization warnAboutSecuredJwt
WARNING: expected an unsecured JWT, the emulator does not validate JWTs and IS NOT SECURE
Nov 06, 2025 11:29:30 AM io.gapi.emulators.netty.HttpVersionRoutingHandler channelRead
INFO: Detected non-HTTP/2 connection.
Nov 06, 2025 11:29:30 AM io.gapi.emulators.netty.HttpVersionRoutingHandler channelRead
INFO: Detected non-HTTP/2 connection.
Nov 06, 2025 11:29:30 AM io.gapi.emulators.netty.HttpVersionRoutingHandler channelRead
INFO: Detected non-HTTP/2 connection.
Nov 06, 2025 11:29:30 AM io.gapi.emulators.netty.HttpVersionRoutingHandler channelRead
INFO: Detected non-HTTP/2 connection.
Nov 06, 2025 11:29:30 AM com.google.cloud.datastore.emulator.impl.context.EmulatorAuthorization warnAboutSecuredJwt
WARNING: expected an unsecured JWT, the emulator does not validate JWTs and IS NOT SECURE
Nov 06, 2025 11:29:30 AM io.gapi.emulators.netty.HttpVersionRoutingHandler channelRead
INFO: Detected non-HTTP/2 connection.
Nov 06, 2025 11:29:30 AM io.gapi.emulators.netty.HttpVersionRoutingHandler channelRead
INFO: Detected non-HTTP/2 connection.
Nov 06, 2025 11:29:30 AM io.gapi.emulators.netty.HttpVersionRoutingHandler channelRead
INFO: Detected non-HTTP/2 connection.
Nov 06, 2025 11:29:31 AM io.gapi.emulators.netty.HttpVersionRoutingHandler channelRead
INFO: Detected non-HTTP/2 connection.
Nov 06, 2025 11:29:31 AM com.google.cloud.datastore.emulator.impl.context.EmulatorAuthorization warnAboutSecuredJwt
WARNING: expected an unsecured JWT, the emulator does not validate JWTs and IS NOT SECURE
Nov 06, 2025 11:29:31 AM io.gapi.emulators.netty.HttpVersionRoutingHandler channelRead
INFO: Detected non-HTTP/2 connection.
Nov 06, 2025 11:29:31 AM io.gapi.emulators.netty.HttpVersionRoutingHandler channelRead
INFO: Detected non-HTTP/2 connection.
Nov 06, 2025 11:29:31 AM io.gapi.emulators.netty.HttpVersionRoutingHandler channelRead
INFO: Detected non-HTTP/2 connection.
Nov 06, 2025 11:29:31 AM io.gapi.emulators.netty.HttpVersionRoutingHandler channelRead
INFO: Detected non-HTTP/2 connection.
Nov 06, 2025 11:29:31 AM com.google.cloud.datastore.emulator.impl.context.EmulatorAuthorization warnAboutSecuredJwt
WARNING: expected an unsecured JWT, the emulator does not validate JWTs and IS NOT SECURE
Nov 06, 2025 11:29:31 AM io.gapi.emulators.netty.HttpVersionRoutingHandler channelRead
INFO: Detected non-HTTP/2 connection.
Nov 06, 2025 11:29:31 AM io.gapi.emulators.netty.HttpVersionRoutingHandler channelRead
INFO: Detected non-HTTP/2 connection.
Nov 06, 2025 11:29:31 AM io.gapi.emulators.netty.HttpVersionRoutingHandler channelRead
INFO: Detected non-HTTP/2 connection.
Nov 06, 2025 11:29:31 AM io.gapi.emulators.netty.HttpVersionRoutingHandler channelRead
INFO: Detected non-HTTP/2 connection.
Nov 06, 2025 11:29:31 AM com.google.cloud.datastore.emulator.impl.context.EmulatorAuthorization warnAboutSecuredJwt
WARNING: expected an unsecured JWT, the emulator does not validate JWTs and IS NOT SECURE
Nov 06, 2025 11:29:31 AM io.gapi.emulators.netty.HttpVersionRoutingHandler channelRead
INFO: Detected non-HTTP/2 connection.
Nov 06, 2025 11:29:31 AM io.gapi.emulators.netty.HttpVersionRoutingHandler channelRead
INFO: Detected non-HTTP/2 connection.
Nov 06, 2025 11:29:31 AM io.gapi.emulators.netty.HttpVersionRoutingHandler channelRead
INFO: Detected non-HTTP/2 connection.
Nov 06, 2025 11:29:32 AM io.gapi.emulators.netty.HttpVersionRoutingHandler channelRead
INFO: Detected non-HTTP/2 connection.
Nov 06, 2025 11:29:32 AM com.google.cloud.datastore.emulator.impl.context.EmulatorAuthorization warnAboutSecuredJwt
WARNING: expected an unsecured JWT, the emulator does not validate JWTs and IS NOT SECURE
Nov 06, 2025 11:29:32 AM io.gapi.emulators.netty.HttpVersionRoutingHandler channelRead
INFO: Detected non-HTTP/2 connection.
Nov 06, 2025 11:29:32 AM io.gapi.emulators.netty.HttpVersionRoutingHandler channelRead
INFO: Detected non-HTTP/2 connection.
Nov 06, 2025 11:29:32 AM io.gapi.emulators.netty.HttpVersionRoutingHandler channelRead
INFO: Detected non-HTTP/2 connection.
Nov 06, 2025 11:29:32 AM io.gapi.emulators.netty.HttpVersionRoutingHandler channelRead
INFO: Detected non-HTTP/2 connection.
Nov 06, 2025 11:29:32 AM com.google.cloud.datastore.emulator.impl.context.EmulatorAuthorization warnAboutSecuredJwt
WARNING: expected an unsecured JWT, the emulator does not validate JWTs and IS NOT SECURE
Nov 06, 2025 11:29:32 AM io.gapi.emulators.netty.HttpVersionRoutingHandler channelRead
INFO: Detected non-HTTP/2 connection.
Nov 06, 2025 11:29:32 AM io.gapi.emulators.netty.HttpVersionRoutingHandler channelRead
INFO: Detected non-HTTP/2 connection.
Nov 06, 2025 11:29:32 AM io.gapi.emulators.netty.HttpVersionRoutingHandler channelRead
INFO: Detected non-HTTP/2 connection.
Nov 06, 2025 11:29:33 AM io.gapi.emulators.netty.HttpVersionRoutingHandler channelRead
INFO: Detected non-HTTP/2 connection.
Nov 06, 2025 11:29:33 AM com.google.cloud.datastore.emulator.impl.context.EmulatorAuthorization warnAboutSecuredJwt
WARNING: expected an unsecured JWT, the emulator does not validate JWTs and IS NOT SECURE
Nov 06, 2025 11:29:33 AM io.gapi.emulators.netty.HttpVersionRoutingHandler channelRead
INFO: Detected non-HTTP/2 connection.
Nov 06, 2025 11:29:33 AM io.gapi.emulators.netty.HttpVersionRoutingHandler channelRead
INFO: Detected non-HTTP/2 connection.
Nov 06, 2025 11:29:33 AM io.gapi.emulators.netty.HttpVersionRoutingHandler channelRead
INFO: Detected non-HTTP/2 connection.
Nov 06, 2025 11:29:33 AM io.gapi.emulators.netty.HttpVersionRoutingHandler channelRead
INFO: Detected non-HTTP/2 connection.
Nov 06, 2025 11:29:33 AM com.google.cloud.datastore.emulator.impl.context.EmulatorAuthorization warnAboutSecuredJwt
WARNING: expected an unsecured JWT, the emulator does not validate JWTs and IS NOT SECURE
Nov 06, 2025 11:29:33 AM io.gapi.emulators.netty.HttpVersionRoutingHandler channelRead
INFO: Detected non-HTTP/2 connection.
Nov 06, 2025 11:29:33 AM io.gapi.emulators.netty.HttpVersionRoutingHandler channelRead
INFO: Detected non-HTTP/2 connection.
Nov 06, 2025 11:29:33 AM io.gapi.emulators.netty.HttpVersionRoutingHandler channelRead
INFO: Detected non-HTTP/2 connection.
Nov 06, 2025 11:29:33 AM io.gapi.emulators.netty.HttpVersionRoutingHandler channelRead
INFO: Detected non-HTTP/2 connection.
Nov 06, 2025 11:29:33 AM com.google.cloud.datastore.emulator.impl.context.EmulatorAuthorization warnAboutSecuredJwt
WARNING: expected an unsecured JWT, the emulator does not validate JWTs and IS NOT SECURE
Nov 06, 2025 11:29:33 AM io.gapi.emulators.netty.HttpVersionRoutingHandler channelRead
INFO: Detected non-HTTP/2 connection.
Nov 06, 2025 11:29:33 AM io.gapi.emulators.netty.HttpVersionRoutingHandler channelRead
INFO: Detected non-HTTP/2 connection.
Nov 06, 2025 11:29:34 AM io.gapi.emulators.netty.HttpVersionRoutingHandler channelRead
INFO: Detected non-HTTP/2 connection.
Nov 06, 2025 11:29:34 AM io.gapi.emulators.netty.HttpVersionRoutingHandler channelRead
INFO: Detected non-HTTP/2 connection.
Nov 06, 2025 11:29:34 AM com.google.cloud.datastore.emulator.impl.context.EmulatorAuthorization warnAboutSecuredJwt
WARNING: expected an unsecured JWT, the emulator does not validate JWTs and IS NOT SECURE
Nov 06, 2025 11:29:34 AM io.gapi.emulators.netty.HttpVersionRoutingHandler channelRead
INFO: Detected non-HTTP/2 connection.
Nov 06, 2025 11:29:34 AM io.gapi.emulators.netty.HttpVersionRoutingHandler channelRead
INFO: Detected non-HTTP/2 connection.
Nov 06, 2025 11:29:34 AM io.gapi.emulators.netty.HttpVersionRoutingHandler channelRead
INFO: Detected non-HTTP/2 connection.
Nov 06, 2025 11:29:34 AM io.gapi.emulators.netty.HttpVersionRoutingHandler channelRead
INFO: Detected non-HTTP/2 connection.
Nov 06, 2025 11:29:34 AM com.google.cloud.datastore.emulator.impl.context.EmulatorAuthorization warnAboutSecuredJwt
WARNING: expected an unsecured JWT, the emulator does not validate JWTs and IS NOT SECURE
Nov 06, 2025 11:29:34 AM io.gapi.emulators.netty.HttpVersionRoutingHandler channelRead
INFO: Detected non-HTTP/2 connection.
Nov 06, 2025 11:29:34 AM io.gapi.emulators.netty.HttpVersionRoutingHandler channelRead
INFO: Detected non-HTTP/2 connection.
Nov 06, 2025 11:29:34 AM io.gapi.emulators.netty.HttpVersionRoutingHandler channelRead
INFO: Detected non-HTTP/2 connection.
Nov 06, 2025 11:29:35 AM io.gapi.emulators.netty.HttpVersionRoutingHandler channelRead
INFO: Detected non-HTTP/2 connection.
Nov 06, 2025 11:29:35 AM com.google.cloud.datastore.emulator.impl.context.EmulatorAuthorization warnAboutSecuredJwt
WARNING: expected an unsecured JWT, the emulator does not validate JWTs and IS NOT SECURE
Nov 06, 2025 11:29:35 AM io.gapi.emulators.netty.HttpVersionRoutingHandler channelRead
INFO: Detected non-HTTP/2 connection.
Nov 06, 2025 11:29:35 AM io.gapi.emulators.netty.HttpVersionRoutingHandler channelRead
INFO: Detected non-HTTP/2 connection.
Nov 06, 2025 11:29:35 AM io.gapi.emulators.netty.HttpVersionRoutingHandler channelRead
INFO: Detected non-HTTP/2 connection.
Nov 06, 2025 11:29:35 AM io.gapi.emulators.netty.HttpVersionRoutingHandler channelRead
INFO: Detected non-HTTP/2 connection.
Nov 06, 2025 11:29:35 AM com.google.cloud.datastore.emulator.impl.context.EmulatorAuthorization warnAboutSecuredJwt
WARNING: expected an unsecured JWT, the emulator does not validate JWTs and IS NOT SECURE
Nov 06, 2025 11:29:35 AM io.gapi.emulators.netty.HttpVersionRoutingHandler channelRead
INFO: Detected non-HTTP/2 connection.
Nov 06, 2025 11:29:35 AM io.gapi.emulators.netty.HttpVersionRoutingHandler channelRead
INFO: Detected non-HTTP/2 connection.
Nov 06, 2025 11:29:35 AM io.gapi.emulators.netty.HttpVersionRoutingHandler channelRead
INFO: Detected non-HTTP/2 connection.
Nov 06, 2025 11:29:36 AM io.gapi.emulators.netty.HttpVersionRoutingHandler channelRead
INFO: Detected non-HTTP/2 connection.
Nov 06, 2025 11:29:36 AM com.google.cloud.datastore.emulator.impl.context.EmulatorAuthorization warnAboutSecuredJwt
WARNING: expected an unsecured JWT, the emulator does not validate JWTs and IS NOT SECURE
Nov 06, 2025 11:29:36 AM io.gapi.emulators.netty.HttpVersionRoutingHandler channelRead
INFO: Detected non-HTTP/2 connection.
Nov 06, 2025 11:29:36 AM io.gapi.emulators.netty.HttpVersionRoutingHandler channelRead
INFO: Detected non-HTTP/2 connection.
Nov 06, 2025 11:29:36 AM io.gapi.emulators.netty.HttpVersionRoutingHandler channelRead
INFO: Detected non-HTTP/2 connection.
Nov 06, 2025 11:29:36 AM io.gapi.emulators.netty.HttpVersionRoutingHandler channelRead
INFO: Detected non-HTTP/2 connection.
Nov 06, 2025 11:29:36 AM com.google.cloud.datastore.emulator.impl.context.EmulatorAuthorization warnAboutSecuredJwt
WARNING: expected an unsecured JWT, the emulator does not validate JWTs and IS NOT SECURE
Nov 06, 2025 11:29:36 AM io.gapi.emulators.netty.HttpVersionRoutingHandler channelRead
INFO: Detected non-HTTP/2 connection.
Nov 06, 2025 11:29:36 AM io.gapi.emulators.netty.HttpVersionRoutingHandler channelRead
INFO: Detected non-HTTP/2 connection.
Nov 06, 2025 11:29:36 AM io.gapi.emulators.netty.HttpVersionRoutingHandler channelRead
INFO: Detected non-HTTP/2 connection.
Nov 06, 2025 11:29:36 AM io.gapi.emulators.netty.HttpVersionRoutingHandler channelRead
INFO: Detected non-HTTP/2 connection.
Nov 06, 2025 11:29:36 AM com.google.cloud.datastore.emulator.impl.context.EmulatorAuthorization warnAboutSecuredJwt
WARNING: expected an unsecured JWT, the emulator does not validate JWTs and IS NOT SECURE
Nov 06, 2025 11:29:36 AM io.gapi.emulators.netty.HttpVersionRoutingHandler channelRead
INFO: Detected non-HTTP/2 connection.
Nov 06, 2025 11:29:36 AM io.gapi.emulators.netty.HttpVersionRoutingHandler channelRead
INFO: Detected non-HTTP/2 connection.
Nov 06, 2025 11:29:36 AM io.gapi.emulators.netty.HttpVersionRoutingHandler channelRead
INFO: Detected non-HTTP/2 connection.
Nov 06, 2025 11:29:37 AM io.gapi.emulators.netty.HttpVersionRoutingHandler channelRead
INFO: Detected non-HTTP/2 connection.
Nov 06, 2025 11:29:37 AM com.google.cloud.datastore.emulator.impl.context.EmulatorAuthorization warnAboutSecuredJwt
WARNING: expected an unsecured JWT, the emulator does not validate JWTs and IS NOT SECURE
Nov 06, 2025 11:29:37 AM io.gapi.emulators.netty.HttpVersionRoutingHandler channelRead
INFO: Detected non-HTTP/2 connection.
Nov 06, 2025 11:29:37 AM io.gapi.emulators.netty.HttpVersionRoutingHandler channelRead
INFO: Detected non-HTTP/2 connection.
Nov 06, 2025 11:29:37 AM io.gapi.emulators.netty.HttpVersionRoutingHandler channelRead
INFO: Detected non-HTTP/2 connection.
Nov 06, 2025 11:29:37 AM io.gapi.emulators.netty.HttpVersionRoutingHandler channelRead
INFO: Detected non-HTTP/2 connection.
Nov 06, 2025 11:29:37 AM com.google.cloud.datastore.emulator.impl.context.EmulatorAuthorization warnAboutSecuredJwt
WARNING: expected an unsecured JWT, the emulator does not validate JWTs and IS NOT SECURE
Nov 06, 2025 11:29:37 AM io.gapi.emulators.netty.HttpVersionRoutingHandler channelRead
INFO: Detected non-HTTP/2 connection.
Nov 06, 2025 11:29:37 AM io.gapi.emulators.netty.HttpVersionRoutingHandler channelRead
INFO: Detected non-HTTP/2 connection.
Nov 06, 2025 11:29:37 AM io.gapi.emulators.netty.HttpVersionRoutingHandler channelRead
INFO: Detected non-HTTP/2 connection.
Nov 06, 2025 11:29:38 AM io.gapi.emulators.netty.HttpVersionRoutingHandler channelRead
INFO: Detected non-HTTP/2 connection.
Nov 06, 2025 11:29:38 AM com.google.cloud.datastore.emulator.impl.context.EmulatorAuthorization warnAboutSecuredJwt
WARNING: expected an unsecured JWT, the emulator does not validate JWTs and IS NOT SECURE
Nov 06, 2025 11:29:38 AM io.gapi.emulators.netty.HttpVersionRoutingHandler channelRead
INFO: Detected non-HTTP/2 connection.
Nov 06, 2025 11:29:38 AM io.gapi.emulators.netty.HttpVersionRoutingHandler channelRead
INFO: Detected non-HTTP/2 connection.
Nov 06, 2025 11:29:38 AM io.gapi.emulators.netty.HttpVersionRoutingHandler channelRead
INFO: Detected non-HTTP/2 connection.
Nov 06, 2025 11:29:38 AM io.gapi.emulators.netty.HttpVersionRoutingHandler channelRead
INFO: Detected non-HTTP/2 connection.
Nov 06, 2025 11:29:38 AM com.google.cloud.datastore.emulator.impl.context.EmulatorAuthorization warnAboutSecuredJwt
WARNING: expected an unsecured JWT, the emulator does not validate JWTs and IS NOT SECURE
Nov 06, 2025 11:29:38 AM io.gapi.emulators.netty.HttpVersionRoutingHandler channelRead
INFO: Detected non-HTTP/2 connection.
Nov 06, 2025 11:29:38 AM io.gapi.emulators.netty.HttpVersionRoutingHandler channelRead
INFO: Detected non-HTTP/2 connection.
Nov 06, 2025 11:29:38 AM io.gapi.emulators.netty.HttpVersionRoutingHandler channelRead
INFO: Detected non-HTTP/2 connection.
Nov 06, 2025 11:29:38 AM io.gapi.emulators.netty.HttpVersionRoutingHandler channelRead
INFO: Detected non-HTTP/2 connection.
Nov 06, 2025 11:29:38 AM com.google.cloud.datastore.emulator.impl.context.EmulatorAuthorization warnAboutSecuredJwt
WARNING: expected an unsecured JWT, the emulator does not validate JWTs and IS NOT SECURE
Nov 06, 2025 11:29:38 AM io.gapi.emulators.netty.HttpVersionRoutingHandler channelRead
INFO: Detected non-HTTP/2 connection.
Nov 06, 2025 11:29:38 AM io.gapi.emulators.netty.HttpVersionRoutingHandler channelRead
INFO: Detected non-HTTP/2 connection.
Nov 06, 2025 11:29:38 AM io.gapi.emulators.netty.HttpVersionRoutingHandler channelRead
INFO: Detected non-HTTP/2 connection.
Nov 06, 2025 11:29:39 AM io.gapi.emulators.netty.HttpVersionRoutingHandler channelRead
INFO: Detected non-HTTP/2 connection.
Nov 06, 2025 11:29:39 AM com.google.cloud.datastore.emulator.impl.context.EmulatorAuthorization warnAboutSecuredJwt
WARNING: expected an unsecured JWT, the emulator does not validate JWTs and IS NOT SECURE
Nov 06, 2025 11:29:39 AM io.gapi.emulators.netty.HttpVersionRoutingHandler channelRead
INFO: Detected non-HTTP/2 connection.
Nov 06, 2025 11:29:39 AM io.gapi.emulators.netty.HttpVersionRoutingHandler channelRead
INFO: Detected non-HTTP/2 connection.
Nov 06, 2025 11:29:39 AM io.gapi.emulators.netty.HttpVersionRoutingHandler channelRead
INFO: Detected non-HTTP/2 connection.
Nov 06, 2025 11:29:39 AM io.gapi.emulators.netty.HttpVersionRoutingHandler channelRead
INFO: Detected non-HTTP/2 connection.
Nov 06, 2025 11:29:39 AM com.google.cloud.datastore.emulator.impl.context.EmulatorAuthorization warnAboutSecuredJwt
WARNING: expected an unsecured JWT, the emulator does not validate JWTs and IS NOT SECURE
Nov 06, 2025 11:29:39 AM io.gapi.emulators.netty.HttpVersionRoutingHandler channelRead
INFO: Detected non-HTTP/2 connection.
Nov 06, 2025 11:29:39 AM io.gapi.emulators.netty.HttpVersionRoutingHandler channelRead
INFO: Detected non-HTTP/2 connection.
Nov 06, 2025 11:29:39 AM io.gapi.emulators.netty.HttpVersionRoutingHandler channelRead
INFO: Detected non-HTTP/2 connection.
Nov 06, 2025 11:29:40 AM io.gapi.emulators.netty.HttpVersionRoutingHandler channelRead
INFO: Detected non-HTTP/2 connection.
Nov 06, 2025 11:29:40 AM com.google.cloud.datastore.emulator.impl.context.EmulatorAuthorization warnAboutSecuredJwt
WARNING: expected an unsecured JWT, the emulator does not validate JWTs and IS NOT SECURE
Nov 06, 2025 11:29:40 AM io.gapi.emulators.netty.HttpVersionRoutingHandler channelRead
INFO: Detected non-HTTP/2 connection.
Nov 06, 2025 11:29:40 AM io.gapi.emulators.netty.HttpVersionRoutingHandler channelRead
INFO: Detected non-HTTP/2 connection.
Nov 06, 2025 11:29:40 AM io.gapi.emulators.netty.HttpVersionRoutingHandler channelRead
INFO: Detected non-HTTP/2 connection.
Nov 06, 2025 11:29:40 AM io.gapi.emulators.netty.HttpVersionRoutingHandler channelRead
INFO: Detected non-HTTP/2 connection.
Nov 06, 2025 11:29:40 AM com.google.cloud.datastore.emulator.impl.context.EmulatorAuthorization warnAboutSecuredJwt
WARNING: expected an unsecured JWT, the emulator does not validate JWTs and IS NOT SECURE
Nov 06, 2025 11:29:40 AM io.gapi.emulators.netty.HttpVersionRoutingHandler channelRead
INFO: Detected non-HTTP/2 connection.
Nov 06, 2025 11:29:40 AM io.gapi.emulators.netty.HttpVersionRoutingHandler channelRead
INFO: Detected non-HTTP/2 connection.
Nov 06, 2025 11:29:40 AM io.gapi.emulators.netty.HttpVersionRoutingHandler channelRead
INFO: Detected non-HTTP/2 connection.
Nov 06, 2025 11:29:41 AM io.gapi.emulators.netty.HttpVersionRoutingHandler channelRead
INFO: Detected non-HTTP/2 connection.
Nov 06, 2025 11:29:41 AM com.google.cloud.datastore.emulator.impl.context.EmulatorAuthorization warnAboutSecuredJwt
WARNING: expected an unsecured JWT, the emulator does not validate JWTs and IS NOT SECURE
Nov 06, 2025 11:29:41 AM io.gapi.emulators.netty.HttpVersionRoutingHandler channelRead
INFO: Detected non-HTTP/2 connection.
Nov 06, 2025 11:29:41 AM io.gapi.emulators.netty.HttpVersionRoutingHandler channelRead
INFO: Detected non-HTTP/2 connection.
Nov 06, 2025 11:29:41 AM io.gapi.emulators.netty.HttpVersionRoutingHandler channelRead
INFO: Detected non-HTTP/2 connection.
Nov 06, 2025 11:29:41 AM io.gapi.emulators.netty.HttpVersionRoutingHandler channelRead
INFO: Detected non-HTTP/2 connection.
Nov 06, 2025 11:29:41 AM com.google.cloud.datastore.emulator.impl.context.EmulatorAuthorization warnAboutSecuredJwt
WARNING: expected an unsecured JWT, the emulator does not validate JWTs and IS NOT SECURE
Nov 06, 2025 11:29:41 AM io.gapi.emulators.netty.HttpVersionRoutingHandler channelRead
INFO: Detected non-HTTP/2 connection.
Nov 06, 2025 11:29:41 AM io.gapi.emulators.netty.HttpVersionRoutingHandler channelRead
INFO: Detected non-HTTP/2 connection.
Nov 06, 2025 11:29:41 AM io.gapi.emulators.netty.HttpVersionRoutingHandler channelRead
INFO: Detected non-HTTP/2 connection.
Nov 06, 2025 11:29:41 AM io.gapi.emulators.netty.HttpVersionRoutingHandler channelRead
INFO: Detected non-HTTP/2 connection.
Nov 06, 2025 11:29:41 AM com.google.cloud.datastore.emulator.impl.context.EmulatorAuthorization warnAboutSecuredJwt
WARNING: expected an unsecured JWT, the emulator does not validate JWTs and IS NOT SECURE
Nov 06, 2025 11:29:41 AM io.gapi.emulators.netty.HttpVersionRoutingHandler channelRead
INFO: Detected non-HTTP/2 connection.
Nov 06, 2025 11:29:41 AM io.gapi.emulators.netty.HttpVersionRoutingHandler channelRead
INFO: Detected non-HTTP/2 connection.
Nov 06, 2025 11:29:41 AM io.gapi.emulators.netty.HttpVersionRoutingHandler channelRead
INFO: Detected non-HTTP/2 connection.
Nov 06, 2025 11:29:42 AM io.gapi.emulators.netty.HttpVersionRoutingHandler channelRead
INFO: Detected non-HTTP/2 connection.
Nov 06, 2025 11:29:42 AM com.google.cloud.datastore.emulator.impl.context.EmulatorAuthorization warnAboutSecuredJwt
WARNING: expected an unsecured JWT, the emulator does not validate JWTs and IS NOT SECURE
Nov 06, 2025 11:29:42 AM io.gapi.emulators.netty.HttpVersionRoutingHandler channelRead
INFO: Detected non-HTTP/2 connection.
Nov 06, 2025 11:29:42 AM io.gapi.emulators.netty.HttpVersionRoutingHandler channelRead
INFO: Detected non-HTTP/2 connection.
Nov 06, 2025 11:29:42 AM io.gapi.emulators.netty.HttpVersionRoutingHandler channelRead
INFO: Detected non-HTTP/2 connection.
Nov 06, 2025 11:29:42 AM io.gapi.emulators.netty.HttpVersionRoutingHandler channelRead
INFO: Detected non-HTTP/2 connection.
Nov 06, 2025 11:29:42 AM com.google.cloud.datastore.emulator.impl.context.EmulatorAuthorization warnAboutSecuredJwt
WARNING: expected an unsecured JWT, the emulator does not validate JWTs and IS NOT SECURE
Nov 06, 2025 11:29:42 AM io.gapi.emulators.netty.HttpVersionRoutingHandler channelRead
INFO: Detected non-HTTP/2 connection.
Nov 06, 2025 11:29:42 AM io.gapi.emulators.netty.HttpVersionRoutingHandler channelRead
INFO: Detected non-HTTP/2 connection.
Nov 06, 2025 11:29:42 AM io.gapi.emulators.netty.HttpVersionRoutingHandler channelRead
INFO: Detected non-HTTP/2 connection.
Nov 06, 2025 11:29:43 AM io.gapi.emulators.netty.HttpVersionRoutingHandler channelRead
INFO: Detected non-HTTP/2 connection.
Nov 06, 2025 11:29:43 AM com.google.cloud.datastore.emulator.impl.context.EmulatorAuthorization warnAboutSecuredJwt
WARNING: expected an unsecured JWT, the emulator does not validate JWTs and IS NOT SECURE
Nov 06, 2025 11:29:43 AM io.gapi.emulators.netty.HttpVersionRoutingHandler channelRead
INFO: Detected non-HTTP/2 connection.
Nov 06, 2025 11:29:43 AM io.gapi.emulators.netty.HttpVersionRoutingHandler channelRead
INFO: Detected non-HTTP/2 connection.
Nov 06, 2025 11:29:43 AM io.gapi.emulators.netty.HttpVersionRoutingHandler channelRead
INFO: Detected non-HTTP/2 connection.
Nov 06, 2025 11:29:43 AM io.gapi.emulators.netty.HttpVersionRoutingHandler channelRead
INFO: Detected non-HTTP/2 connection.
Nov 06, 2025 11:29:43 AM com.google.cloud.datastore.emulator.impl.context.EmulatorAuthorization warnAboutSecuredJwt
WARNING: expected an unsecured JWT, the emulator does not validate JWTs and IS NOT SECURE
Nov 06, 2025 11:29:43 AM io.gapi.emulators.netty.HttpVersionRoutingHandler channelRead
INFO: Detected non-HTTP/2 connection.
Nov 06, 2025 11:29:43 AM io.gapi.emulators.netty.HttpVersionRoutingHandler channelRead
INFO: Detected non-HTTP/2 connection.
Nov 06, 2025 11:29:43 AM io.gapi.emulators.netty.HttpVersionRoutingHandler channelRead
INFO: Detected non-HTTP/2 connection.
Nov 06, 2025 11:29:43 AM io.gapi.emulators.netty.HttpVersionRoutingHandler channelRead
INFO: Detected non-HTTP/2 connection.
Nov 06, 2025 11:29:43 AM com.google.cloud.datastore.emulator.impl.context.EmulatorAuthorization warnAboutSecuredJwt
WARNING: expected an unsecured JWT, the emulator does not validate JWTs and IS NOT SECURE
Nov 06, 2025 11:29:43 AM io.gapi.emulators.netty.HttpVersionRoutingHandler channelRead
INFO: Detected non-HTTP/2 connection.
Nov 06, 2025 11:29:43 AM io.gapi.emulators.netty.HttpVersionRoutingHandler channelRead
INFO: Detected non-HTTP/2 connection.
Nov 06, 2025 11:29:43 AM io.gapi.emulators.netty.HttpVersionRoutingHandler channelRead
INFO: Detected non-HTTP/2 connection.
Nov 06, 2025 11:29:44 AM io.gapi.emulators.netty.HttpVersionRoutingHandler channelRead
INFO: Detected non-HTTP/2 connection.
Nov 06, 2025 11:29:44 AM com.google.cloud.datastore.emulator.impl.context.EmulatorAuthorization warnAboutSecuredJwt
WARNING: expected an unsecured JWT, the emulator does not validate JWTs and IS NOT SECURE
Nov 06, 2025 11:29:44 AM io.gapi.emulators.netty.HttpVersionRoutingHandler channelRead
INFO: Detected non-HTTP/2 connection.
Nov 06, 2025 11:29:44 AM io.gapi.emulators.netty.HttpVersionRoutingHandler channelRead
INFO: Detected non-HTTP/2 connection.
Nov 06, 2025 11:29:44 AM io.gapi.emulators.netty.HttpVersionRoutingHandler channelRead
INFO: Detected non-HTTP/2 connection.
Nov 06, 2025 11:29:44 AM io.gapi.emulators.netty.HttpVersionRoutingHandler channelRead
INFO: Detected non-HTTP/2 connection.
Nov 06, 2025 11:29:44 AM com.google.cloud.datastore.emulator.impl.context.EmulatorAuthorization warnAboutSecuredJwt
WARNING: expected an unsecured JWT, the emulator does not validate JWTs and IS NOT SECURE
Nov 06, 2025 11:29:44 AM io.gapi.emulators.netty.HttpVersionRoutingHandler channelRead
INFO: Detected non-HTTP/2 connection.
Nov 06, 2025 11:29:44 AM io.gapi.emulators.netty.HttpVersionRoutingHandler channelRead
INFO: Detected non-HTTP/2 connection.
Nov 06, 2025 11:29:44 AM io.gapi.emulators.netty.HttpVersionRoutingHandler channelRead
INFO: Detected non-HTTP/2 connection.
Nov 06, 2025 11:29:45 AM io.gapi.emulators.netty.HttpVersionRoutingHandler channelRead
INFO: Detected non-HTTP/2 connection.
Nov 06, 2025 11:29:45 AM com.google.cloud.datastore.emulator.impl.context.EmulatorAuthorization warnAboutSecuredJwt
WARNING: expected an unsecured JWT, the emulator does not validate JWTs and IS NOT SECURE
Nov 06, 2025 11:29:45 AM io.gapi.emulators.netty.HttpVersionRoutingHandler channelRead
INFO: Detected non-HTTP/2 connection.
Nov 06, 2025 11:29:45 AM io.gapi.emulators.netty.HttpVersionRoutingHandler channelRead
INFO: Detected non-HTTP/2 connection.
Nov 06, 2025 11:29:45 AM io.gapi.emulators.netty.HttpVersionRoutingHandler channelRead
INFO: Detected non-HTTP/2 connection.
Nov 06, 2025 11:29:45 AM io.gapi.emulators.netty.HttpVersionRoutingHandler channelRead
INFO: Detected non-HTTP/2 connection.
Nov 06, 2025 11:29:45 AM com.google.cloud.datastore.emulator.impl.context.EmulatorAuthorization warnAboutSecuredJwt
WARNING: expected an unsecured JWT, the emulator does not validate JWTs and IS NOT SECURE
Nov 06, 2025 11:29:45 AM io.gapi.emulators.netty.HttpVersionRoutingHandler channelRead
INFO: Detected non-HTTP/2 connection.
Nov 06, 2025 11:29:45 AM io.gapi.emulators.netty.HttpVersionRoutingHandler channelRead
INFO: Detected non-HTTP/2 connection.
Nov 06, 2025 11:29:45 AM io.gapi.emulators.netty.HttpVersionRoutingHandler channelRead
INFO: Detected non-HTTP/2 connection.
Nov 06, 2025 11:29:46 AM io.gapi.emulators.netty.HttpVersionRoutingHandler channelRead
INFO: Detected non-HTTP/2 connection.
Nov 06, 2025 11:29:46 AM com.google.cloud.datastore.emulator.impl.context.EmulatorAuthorization warnAboutSecuredJwt
WARNING: expected an unsecured JWT, the emulator does not validate JWTs and IS NOT SECURE
Nov 06, 2025 11:29:46 AM io.gapi.emulators.netty.HttpVersionRoutingHandler channelRead
INFO: Detected non-HTTP/2 connection.
Nov 06, 2025 11:29:46 AM io.gapi.emulators.netty.HttpVersionRoutingHandler channelRead
INFO: Detected non-HTTP/2 connection.
Nov 06, 2025 11:29:46 AM io.gapi.emulators.netty.HttpVersionRoutingHandler channelRead
INFO: Detected non-HTTP/2 connection.
Nov 06, 2025 11:29:46 AM io.gapi.emulators.netty.HttpVersionRoutingHandler channelRead
INFO: Detected non-HTTP/2 connection.
Nov 06, 2025 11:29:46 AM com.google.cloud.datastore.emulator.impl.context.EmulatorAuthorization warnAboutSecuredJwt
WARNING: expected an unsecured JWT, the emulator does not validate JWTs and IS NOT SECURE
Nov 06, 2025 11:29:46 AM io.gapi.emulators.netty.HttpVersionRoutingHandler channelRead
INFO: Detected non-HTTP/2 connection.
Nov 06, 2025 11:29:46 AM io.gapi.emulators.netty.HttpVersionRoutingHandler channelRead
INFO: Detected non-HTTP/2 connection.
Nov 06, 2025 11:29:46 AM io.gapi.emulators.netty.HttpVersionRoutingHandler channelRead
INFO: Detected non-HTTP/2 connection.
Nov 06, 2025 11:29:46 AM io.gapi.emulators.netty.HttpVersionRoutingHandler channelRead
INFO: Detected non-HTTP/2 connection.
Nov 06, 2025 11:29:46 AM com.google.cloud.datastore.emulator.impl.context.EmulatorAuthorization warnAboutSecuredJwt
WARNING: expected an unsecured JWT, the emulator does not validate JWTs and IS NOT SECURE
Nov 06, 2025 11:29:46 AM io.gapi.emulators.netty.HttpVersionRoutingHandler channelRead
INFO: Detected non-HTTP/2 connection.
Nov 06, 2025 11:29:46 AM io.gapi.emulators.netty.HttpVersionRoutingHandler channelRead
INFO: Detected non-HTTP/2 connection.
Nov 06, 2025 11:29:46 AM io.gapi.emulators.netty.HttpVersionRoutingHandler channelRead
INFO: Detected non-HTTP/2 connection.
Nov 06, 2025 11:29:47 AM io.gapi.emulators.netty.HttpVersionRoutingHandler channelRead
INFO: Detected non-HTTP/2 connection.
Nov 06, 2025 11:29:47 AM com.google.cloud.datastore.emulator.impl.context.EmulatorAuthorization warnAboutSecuredJwt
WARNING: expected an unsecured JWT, the emulator does not validate JWTs and IS NOT SECURE
Nov 06, 2025 11:29:47 AM io.gapi.emulators.netty.HttpVersionRoutingHandler channelRead
INFO: Detected non-HTTP/2 connection.
Nov 06, 2025 11:29:47 AM io.gapi.emulators.netty.HttpVersionRoutingHandler channelRead
INFO: Detected non-HTTP/2 connection.
Nov 06, 2025 11:29:47 AM io.gapi.emulators.netty.HttpVersionRoutingHandler channelRead
INFO: Detected non-HTTP/2 connection.
Nov 06, 2025 11:29:47 AM io.gapi.emulators.netty.HttpVersionRoutingHandler channelRead
INFO: Detected non-HTTP/2 connection.
Nov 06, 2025 11:29:47 AM com.google.cloud.datastore.emulator.impl.context.EmulatorAuthorization warnAboutSecuredJwt
WARNING: expected an unsecured JWT, the emulator does not validate JWTs and IS NOT SECURE
Nov 06, 2025 11:29:47 AM io.gapi.emulators.netty.HttpVersionRoutingHandler channelRead
INFO: Detected non-HTTP/2 connection.
Nov 06, 2025 11:29:47 AM io.gapi.emulators.netty.HttpVersionRoutingHandler channelRead
INFO: Detected non-HTTP/2 connection.
Nov 06, 2025 11:29:47 AM io.gapi.emulators.netty.HttpVersionRoutingHandler channelRead
INFO: Detected non-HTTP/2 connection.
Nov 06, 2025 11:29:48 AM io.gapi.emulators.netty.HttpVersionRoutingHandler channelRead
INFO: Detected non-HTTP/2 connection.
Nov 06, 2025 11:29:48 AM com.google.cloud.datastore.emulator.impl.context.EmulatorAuthorization warnAboutSecuredJwt
WARNING: expected an unsecured JWT, the emulator does not validate JWTs and IS NOT SECURE
Nov 06, 2025 11:29:48 AM io.gapi.emulators.netty.HttpVersionRoutingHandler channelRead
INFO: Detected non-HTTP/2 connection.
Nov 06, 2025 11:29:48 AM io.gapi.emulators.netty.HttpVersionRoutingHandler channelRead
INFO: Detected non-HTTP/2 connection.
Nov 06, 2025 11:29:48 AM io.gapi.emulators.netty.HttpVersionRoutingHandler channelRead
INFO: Detected non-HTTP/2 connection.
Nov 06, 2025 11:29:48 AM io.gapi.emulators.netty.HttpVersionRoutingHandler channelRead
INFO: Detected non-HTTP/2 connection.
Nov 06, 2025 11:29:48 AM com.google.cloud.datastore.emulator.impl.context.EmulatorAuthorization warnAboutSecuredJwt
WARNING: expected an unsecured JWT, the emulator does not validate JWTs and IS NOT SECURE
Nov 06, 2025 11:29:48 AM io.gapi.emulators.netty.HttpVersionRoutingHandler channelRead
INFO: Detected non-HTTP/2 connection.
Nov 06, 2025 11:29:48 AM io.gapi.emulators.netty.HttpVersionRoutingHandler channelRead
INFO: Detected non-HTTP/2 connection.
Nov 06, 2025 11:29:48 AM io.gapi.emulators.netty.HttpVersionRoutingHandler channelRead
INFO: Detected non-HTTP/2 connection.
Nov 06, 2025 11:29:48 AM io.gapi.emulators.netty.HttpVersionRoutingHandler channelRead
INFO: Detected non-HTTP/2 connection.
Nov 06, 2025 11:29:48 AM com.google.cloud.datastore.emulator.impl.context.EmulatorAuthorization warnAboutSecuredJwt
WARNING: expected an unsecured JWT, the emulator does not validate JWTs and IS NOT SECURE
Nov 06, 2025 11:29:48 AM io.gapi.emulators.netty.HttpVersionRoutingHandler channelRead
INFO: Detected non-HTTP/2 connection.
Nov 06, 2025 11:29:48 AM io.gapi.emulators.netty.HttpVersionRoutingHandler channelRead
INFO: Detected non-HTTP/2 connection.
Nov 06, 2025 11:29:48 AM io.gapi.emulators.netty.HttpVersionRoutingHandler channelRead
INFO: Detected non-HTTP/2 connection.
Nov 06, 2025 11:29:49 AM io.gapi.emulators.netty.HttpVersionRoutingHandler channelRead
INFO: Detected non-HTTP/2 connection.
Nov 06, 2025 11:29:49 AM com.google.cloud.datastore.emulator.impl.context.EmulatorAuthorization warnAboutSecuredJwt
WARNING: expected an unsecured JWT, the emulator does not validate JWTs and IS NOT SECURE
Nov 06, 2025 11:29:49 AM io.gapi.emulators.netty.HttpVersionRoutingHandler channelRead
INFO: Detected non-HTTP/2 connection.
Nov 06, 2025 11:29:49 AM io.gapi.emulators.netty.HttpVersionRoutingHandler channelRead
INFO: Detected non-HTTP/2 connection.
Nov 06, 2025 11:29:49 AM io.gapi.emulators.netty.HttpVersionRoutingHandler channelRead
INFO: Detected non-HTTP/2 connection.
Nov 06, 2025 11:29:49 AM io.gapi.emulators.netty.HttpVersionRoutingHandler channelRead
INFO: Detected non-HTTP/2 connection.
Nov 06, 2025 11:29:49 AM com.google.cloud.datastore.emulator.impl.context.EmulatorAuthorization warnAboutSecuredJwt
WARNING: expected an unsecured JWT, the emulator does not validate JWTs and IS NOT SECURE
Nov 06, 2025 11:29:49 AM io.gapi.emulators.netty.HttpVersionRoutingHandler channelRead
INFO: Detected non-HTTP/2 connection.
Nov 06, 2025 11:29:49 AM io.gapi.emulators.netty.HttpVersionRoutingHandler channelRead
INFO: Detected non-HTTP/2 connection.
Nov 06, 2025 11:29:49 AM io.gapi.emulators.netty.HttpVersionRoutingHandler channelRead
INFO: Detected non-HTTP/2 connection.
Nov 06, 2025 11:29:50 AM io.gapi.emulators.netty.HttpVersionRoutingHandler channelRead
INFO: Detected non-HTTP/2 connection.
Nov 06, 2025 11:29:50 AM com.google.cloud.datastore.emulator.impl.context.EmulatorAuthorization warnAboutSecuredJwt
WARNING: expected an unsecured JWT, the emulator does not validate JWTs and IS NOT SECURE
Nov 06, 2025 11:29:50 AM io.gapi.emulators.netty.HttpVersionRoutingHandler channelRead
INFO: Detected non-HTTP/2 connection.
Nov 06, 2025 11:29:50 AM io.gapi.emulators.netty.HttpVersionRoutingHandler channelRead
INFO: Detected non-HTTP/2 connection.
Nov 06, 2025 11:29:50 AM io.gapi.emulators.netty.HttpVersionRoutingHandler channelRead
INFO: Detected non-HTTP/2 connection.
Nov 06, 2025 11:29:50 AM io.gapi.emulators.netty.HttpVersionRoutingHandler channelRead
INFO: Detected non-HTTP/2 connection.
Nov 06, 2025 11:29:50 AM com.google.cloud.datastore.emulator.impl.context.EmulatorAuthorization warnAboutSecuredJwt
WARNING: expected an unsecured JWT, the emulator does not validate JWTs and IS NOT SECURE
Nov 06, 2025 11:29:50 AM io.gapi.emulators.netty.HttpVersionRoutingHandler channelRead
INFO: Detected non-HTTP/2 connection.
Nov 06, 2025 11:29:50 AM io.gapi.emulators.netty.HttpVersionRoutingHandler channelRead
INFO: Detected non-HTTP/2 connection.
Nov 06, 2025 11:29:50 AM io.gapi.emulators.netty.HttpVersionRoutingHandler channelRead
INFO: Detected non-HTTP/2 connection.
Nov 06, 2025 11:29:50 AM io.gapi.emulators.netty.HttpVersionRoutingHandler channelRead
INFO: Detected non-HTTP/2 connection.
Nov 06, 2025 11:29:50 AM com.google.cloud.datastore.emulator.impl.context.EmulatorAuthorization warnAboutSecuredJwt
WARNING: expected an unsecured JWT, the emulator does not validate JWTs and IS NOT SECURE
Nov 06, 2025 11:29:50 AM io.gapi.emulators.netty.HttpVersionRoutingHandler channelRead
INFO: Detected non-HTTP/2 connection.
Nov 06, 2025 11:29:50 AM io.gapi.emulators.netty.HttpVersionRoutingHandler channelRead
INFO: Detected non-HTTP/2 connection.
Nov 06, 2025 11:29:50 AM io.gapi.emulators.netty.HttpVersionRoutingHandler channelRead
INFO: Detected non-HTTP/2 connection.
Nov 06, 2025 11:29:51 AM io.gapi.emulators.netty.HttpVersionRoutingHandler channelRead
INFO: Detected non-HTTP/2 connection.
Nov 06, 2025 11:29:51 AM com.google.cloud.datastore.emulator.impl.context.EmulatorAuthorization warnAboutSecuredJwt
WARNING: expected an unsecured JWT, the emulator does not validate JWTs and IS NOT SECURE
Nov 06, 2025 11:29:51 AM io.gapi.emulators.netty.HttpVersionRoutingHandler channelRead
INFO: Detected non-HTTP/2 connection.
Nov 06, 2025 11:29:51 AM io.gapi.emulators.netty.HttpVersionRoutingHandler channelRead
INFO: Detected non-HTTP/2 connection.
Nov 06, 2025 11:29:51 AM io.gapi.emulators.netty.HttpVersionRoutingHandler channelRead
INFO: Detected non-HTTP/2 connection.
Nov 06, 2025 11:29:51 AM io.gapi.emulators.netty.HttpVersionRoutingHandler channelRead
INFO: Detected non-HTTP/2 connection.
Nov 06, 2025 11:29:51 AM com.google.cloud.datastore.emulator.impl.context.EmulatorAuthorization warnAboutSecuredJwt
WARNING: expected an unsecured JWT, the emulator does not validate JWTs and IS NOT SECURE
Nov 06, 2025 11:29:51 AM io.gapi.emulators.netty.HttpVersionRoutingHandler channelRead
INFO: Detected non-HTTP/2 connection.
Nov 06, 2025 11:29:51 AM io.gapi.emulators.netty.HttpVersionRoutingHandler channelRead
INFO: Detected non-HTTP/2 connection.
Nov 06, 2025 11:29:51 AM io.gapi.emulators.netty.HttpVersionRoutingHandler channelRead
INFO: Detected non-HTTP/2 connection.
Nov 06, 2025 11:29:52 AM io.gapi.emulators.netty.HttpVersionRoutingHandler channelRead
INFO: Detected non-HTTP/2 connection.
Nov 06, 2025 11:29:52 AM com.google.cloud.datastore.emulator.impl.context.EmulatorAuthorization warnAboutSecuredJwt
WARNING: expected an unsecured JWT, the emulator does not validate JWTs and IS NOT SECURE
Nov 06, 2025 11:29:52 AM io.gapi.emulators.netty.HttpVersionRoutingHandler channelRead
INFO: Detected non-HTTP/2 connection.
Nov 06, 2025 11:29:52 AM io.gapi.emulators.netty.HttpVersionRoutingHandler channelRead
INFO: Detected non-HTTP/2 connection.
Nov 06, 2025 11:29:52 AM io.gapi.emulators.netty.HttpVersionRoutingHandler channelRead
INFO: Detected non-HTTP/2 connection.
Nov 06, 2025 11:29:52 AM io.gapi.emulators.netty.HttpVersionRoutingHandler channelRead
INFO: Detected non-HTTP/2 connection.
Nov 06, 2025 11:29:52 AM com.google.cloud.datastore.emulator.impl.context.EmulatorAuthorization warnAboutSecuredJwt
WARNING: expected an unsecured JWT, the emulator does not validate JWTs and IS NOT SECURE
Nov 06, 2025 11:29:52 AM io.gapi.emulators.netty.HttpVersionRoutingHandler channelRead
INFO: Detected non-HTTP/2 connection.
Nov 06, 2025 11:29:52 AM io.gapi.emulators.netty.HttpVersionRoutingHandler channelRead
INFO: Detected non-HTTP/2 connection.
Nov 06, 2025 11:29:52 AM io.gapi.emulators.netty.HttpVersionRoutingHandler channelRead
INFO: Detected non-HTTP/2 connection.
Nov 06, 2025 11:29:53 AM io.gapi.emulators.netty.HttpVersionRoutingHandler channelRead
INFO: Detected non-HTTP/2 connection.
Nov 06, 2025 11:29:53 AM com.google.cloud.datastore.emulator.impl.context.EmulatorAuthorization warnAboutSecuredJwt
WARNING: expected an unsecured JWT, the emulator does not validate JWTs and IS NOT SECURE
Nov 06, 2025 11:29:53 AM io.gapi.emulators.netty.HttpVersionRoutingHandler channelRead
INFO: Detected non-HTTP/2 connection.
Nov 06, 2025 11:29:53 AM io.gapi.emulators.netty.HttpVersionRoutingHandler channelRead
INFO: Detected non-HTTP/2 connection.
Nov 06, 2025 11:29:53 AM io.gapi.emulators.netty.HttpVersionRoutingHandler channelRead
INFO: Detected non-HTTP/2 connection.
Nov 06, 2025 11:29:53 AM io.gapi.emulators.netty.HttpVersionRoutingHandler channelRead
INFO: Detected non-HTTP/2 connection.
Nov 06, 2025 11:29:53 AM com.google.cloud.datastore.emulator.impl.context.EmulatorAuthorization warnAboutSecuredJwt
WARNING: expected an unsecured JWT, the emulator does not validate JWTs and IS NOT SECURE
Nov 06, 2025 11:29:53 AM io.gapi.emulators.netty.HttpVersionRoutingHandler channelRead
INFO: Detected non-HTTP/2 connection.
Nov 06, 2025 11:29:53 AM io.gapi.emulators.netty.HttpVersionRoutingHandler channelRead
INFO: Detected non-HTTP/2 connection.
Nov 06, 2025 11:29:53 AM io.gapi.emulators.netty.HttpVersionRoutingHandler channelRead
INFO: Detected non-HTTP/2 connection.
Nov 06, 2025 11:29:54 AM io.gapi.emulators.netty.HttpVersionRoutingHandler channelRead
INFO: Detected non-HTTP/2 connection.
Nov 06, 2025 11:29:54 AM com.google.cloud.datastore.emulator.impl.context.EmulatorAuthorization warnAboutSecuredJwt
WARNING: expected an unsecured JWT, the emulator does not validate JWTs and IS NOT SECURE
Nov 06, 2025 11:29:54 AM io.gapi.emulators.netty.HttpVersionRoutingHandler channelRead
INFO: Detected non-HTTP/2 connection.
Nov 06, 2025 11:29:54 AM io.gapi.emulators.netty.HttpVersionRoutingHandler channelRead
INFO: Detected non-HTTP/2 connection.
Nov 06, 2025 11:29:54 AM io.gapi.emulators.netty.HttpVersionRoutingHandler channelRead
INFO: Detected non-HTTP/2 connection.
Nov 06, 2025 11:29:54 AM io.gapi.emulators.netty.HttpVersionRoutingHandler channelRead
INFO: Detected non-HTTP/2 connection.
Nov 06, 2025 11:29:54 AM com.google.cloud.datastore.emulator.impl.context.EmulatorAuthorization warnAboutSecuredJwt
WARNING: expected an unsecured JWT, the emulator does not validate JWTs and IS NOT SECURE
Nov 06, 2025 11:29:54 AM io.gapi.emulators.netty.HttpVersionRoutingHandler channelRead
INFO: Detected non-HTTP/2 connection.
Nov 06, 2025 11:29:54 AM io.gapi.emulators.netty.HttpVersionRoutingHandler channelRead
INFO: Detected non-HTTP/2 connection.
Nov 06, 2025 11:29:54 AM io.gapi.emulators.netty.HttpVersionRoutingHandler channelRead
INFO: Detected non-HTTP/2 connection.
Nov 06, 2025 11:29:55 AM io.gapi.emulators.netty.HttpVersionRoutingHandler channelRead
INFO: Detected non-HTTP/2 connection.
Nov 06, 2025 11:29:55 AM com.google.cloud.datastore.emulator.impl.context.EmulatorAuthorization warnAboutSecuredJwt
WARNING: expected an unsecured JWT, the emulator does not validate JWTs and IS NOT SECURE
Nov 06, 2025 11:29:55 AM io.gapi.emulators.netty.HttpVersionRoutingHandler channelRead
INFO: Detected non-HTTP/2 connection.
Nov 06, 2025 11:29:55 AM io.gapi.emulators.netty.HttpVersionRoutingHandler channelRead
INFO: Detected non-HTTP/2 connection.
Nov 06, 2025 11:29:55 AM io.gapi.emulators.netty.HttpVersionRoutingHandler channelRead
INFO: Detected non-HTTP/2 connection.
Nov 06, 2025 11:29:55 AM io.gapi.emulators.netty.HttpVersionRoutingHandler channelRead
INFO: Detected non-HTTP/2 connection.
Nov 06, 2025 11:29:55 AM com.google.cloud.datastore.emulator.impl.context.EmulatorAuthorization warnAboutSecuredJwt
WARNING: expected an unsecured JWT, the emulator does not validate JWTs and IS NOT SECURE
Nov 06, 2025 11:29:55 AM io.gapi.emulators.netty.HttpVersionRoutingHandler channelRead
INFO: Detected non-HTTP/2 connection.
Nov 06, 2025 11:29:55 AM io.gapi.emulators.netty.HttpVersionRoutingHandler channelRead
INFO: Detected non-HTTP/2 connection.
Nov 06, 2025 11:29:55 AM io.gapi.emulators.netty.HttpVersionRoutingHandler channelRead
INFO: Detected non-HTTP/2 connection.
Nov 06, 2025 11:29:56 AM io.gapi.emulators.netty.HttpVersionRoutingHandler channelRead
INFO: Detected non-HTTP/2 connection.
Nov 06, 2025 11:29:56 AM com.google.cloud.datastore.emulator.impl.context.EmulatorAuthorization warnAboutSecuredJwt
WARNING: expected an unsecured JWT, the emulator does not validate JWTs and IS NOT SECURE
Nov 06, 2025 11:29:56 AM io.gapi.emulators.netty.HttpVersionRoutingHandler channelRead
INFO: Detected non-HTTP/2 connection.
Nov 06, 2025 11:29:56 AM io.gapi.emulators.netty.HttpVersionRoutingHandler channelRead
INFO: Detected non-HTTP/2 connection.
Nov 06, 2025 11:29:56 AM io.gapi.emulators.netty.HttpVersionRoutingHandler channelRead
INFO: Detected non-HTTP/2 connection.
Nov 06, 2025 11:29:56 AM io.gapi.emulators.netty.HttpVersionRoutingHandler channelRead
INFO: Detected non-HTTP/2 connection.
Nov 06, 2025 11:29:56 AM com.google.cloud.datastore.emulator.impl.context.EmulatorAuthorization warnAboutSecuredJwt
WARNING: expected an unsecured JWT, the emulator does not validate JWTs and IS NOT SECURE
Nov 06, 2025 11:29:56 AM io.gapi.emulators.netty.HttpVersionRoutingHandler channelRead
INFO: Detected non-HTTP/2 connection.
Nov 06, 2025 11:29:56 AM io.gapi.emulators.netty.HttpVersionRoutingHandler channelRead
INFO: Detected non-HTTP/2 connection.
Nov 06, 2025 11:29:56 AM io.gapi.emulators.netty.HttpVersionRoutingHandler channelRead
INFO: Detected non-HTTP/2 connection.
Nov 06, 2025 11:29:56 AM io.gapi.emulators.netty.HttpVersionRoutingHandler channelRead
INFO: Detected non-HTTP/2 connection.
Nov 06, 2025 11:29:56 AM com.google.cloud.datastore.emulator.impl.context.EmulatorAuthorization warnAboutSecuredJwt
WARNING: expected an unsecured JWT, the emulator does not validate JWTs and IS NOT SECURE
Nov 06, 2025 11:29:56 AM io.gapi.emulators.netty.HttpVersionRoutingHandler channelRead
INFO: Detected non-HTTP/2 connection.
Nov 06, 2025 11:29:56 AM io.gapi.emulators.netty.HttpVersionRoutingHandler channelRead
INFO: Detected non-HTTP/2 connection.
Nov 06, 2025 11:29:56 AM io.gapi.emulators.netty.HttpVersionRoutingHandler channelRead
INFO: Detected non-HTTP/2 connection.
Nov 06, 2025 11:29:57 AM io.gapi.emulators.netty.HttpVersionRoutingHandler channelRead
INFO: Detected non-HTTP/2 connection.
Nov 06, 2025 11:29:57 AM com.google.cloud.datastore.emulator.impl.context.EmulatorAuthorization warnAboutSecuredJwt
WARNING: expected an unsecured JWT, the emulator does not validate JWTs and IS NOT SECURE
Nov 06, 2025 11:29:57 AM io.gapi.emulators.netty.HttpVersionRoutingHandler channelRead
INFO: Detected non-HTTP/2 connection.
Nov 06, 2025 11:29:57 AM io.gapi.emulators.netty.HttpVersionRoutingHandler channelRead
INFO: Detected non-HTTP/2 connection.
Nov 06, 2025 11:29:57 AM io.gapi.emulators.netty.HttpVersionRoutingHandler channelRead
INFO: Detected non-HTTP/2 connection.
Nov 06, 2025 11:29:57 AM io.gapi.emulators.netty.HttpVersionRoutingHandler channelRead
INFO: Detected non-HTTP/2 connection.
Nov 06, 2025 11:29:57 AM com.google.cloud.datastore.emulator.impl.context.EmulatorAuthorization warnAboutSecuredJwt
WARNING: expected an unsecured JWT, the emulator does not validate JWTs and IS NOT SECURE
Nov 06, 2025 11:29:57 AM io.gapi.emulators.netty.HttpVersionRoutingHandler channelRead
INFO: Detected non-HTTP/2 connection.
Nov 06, 2025 11:29:57 AM io.gapi.emulators.netty.HttpVersionRoutingHandler channelRead
INFO: Detected non-HTTP/2 connection.
Nov 06, 2025 11:29:57 AM io.gapi.emulators.netty.HttpVersionRoutingHandler channelRead
INFO: Detected non-HTTP/2 connection.
Nov 06, 2025 11:29:57 AM io.gapi.emulators.netty.HttpVersionRoutingHandler channelRead
INFO: Detected non-HTTP/2 connection.
Nov 06, 2025 11:29:57 AM com.google.cloud.datastore.emulator.impl.context.EmulatorAuthorization warnAboutSecuredJwt
WARNING: expected an unsecured JWT, the emulator does not validate JWTs and IS NOT SECURE
Nov 06, 2025 11:29:57 AM io.gapi.emulators.netty.HttpVersionRoutingHandler channelRead
INFO: Detected non-HTTP/2 connection.
Nov 06, 2025 11:29:58 AM io.gapi.emulators.netty.HttpVersionRoutingHandler channelRead
INFO: Detected non-HTTP/2 connection.
Nov 06, 2025 11:29:58 AM io.gapi.emulators.netty.HttpVersionRoutingHandler channelRead
INFO: Detected non-HTTP/2 connection.
Nov 06, 2025 11:29:58 AM io.gapi.emulators.netty.HttpVersionRoutingHandler channelRead
INFO: Detected non-HTTP/2 connection.
Nov 06, 2025 11:29:58 AM com.google.cloud.datastore.emulator.impl.context.EmulatorAuthorization warnAboutSecuredJwt
WARNING: expected an unsecured JWT, the emulator does not validate JWTs and IS NOT SECURE
Nov 06, 2025 11:29:58 AM io.gapi.emulators.netty.HttpVersionRoutingHandler channelRead
INFO: Detected non-HTTP/2 connection.
Nov 06, 2025 11:29:58 AM io.gapi.emulators.netty.HttpVersionRoutingHandler channelRead
INFO: Detected non-HTTP/2 connection.
Nov 06, 2025 11:29:58 AM io.gapi.emulators.netty.HttpVersionRoutingHandler channelRead
INFO: Detected non-HTTP/2 connection.
Nov 06, 2025 11:29:58 AM io.gapi.emulators.netty.HttpVersionRoutingHandler channelRead
INFO: Detected non-HTTP/2 connection.
Nov 06, 2025 11:29:58 AM com.google.cloud.datastore.emulator.impl.context.EmulatorAuthorization warnAboutSecuredJwt
WARNING: expected an unsecured JWT, the emulator does not validate JWTs and IS NOT SECURE
Nov 06, 2025 11:29:58 AM io.gapi.emulators.netty.HttpVersionRoutingHandler channelRead
INFO: Detected non-HTTP/2 connection.
Nov 06, 2025 11:29:58 AM io.gapi.emulators.netty.HttpVersionRoutingHandler channelRead
INFO: Detected non-HTTP/2 connection.
Nov 06, 2025 11:29:58 AM io.gapi.emulators.netty.HttpVersionRoutingHandler channelRead
INFO: Detected non-HTTP/2 connection.
Nov 06, 2025 11:29:59 AM io.gapi.emulators.netty.HttpVersionRoutingHandler channelRead
INFO: Detected non-HTTP/2 connection.
Nov 06, 2025 11:29:59 AM com.google.cloud.datastore.emulator.impl.context.EmulatorAuthorization warnAboutSecuredJwt
WARNING: expected an unsecured JWT, the emulator does not validate JWTs and IS NOT SECURE
Nov 06, 2025 11:29:59 AM io.gapi.emulators.netty.HttpVersionRoutingHandler channelRead
INFO: Detected non-HTTP/2 connection.
Nov 06, 2025 11:29:59 AM io.gapi.emulators.netty.HttpVersionRoutingHandler channelRead
INFO: Detected non-HTTP/2 connection.
Nov 06, 2025 11:29:59 AM io.gapi.emulators.netty.HttpVersionRoutingHandler channelRead
INFO: Detected non-HTTP/2 connection.
Nov 06, 2025 11:29:59 AM io.gapi.emulators.netty.HttpVersionRoutingHandler channelRead
INFO: Detected non-HTTP/2 connection.
Nov 06, 2025 11:29:59 AM com.google.cloud.datastore.emulator.impl.context.EmulatorAuthorization warnAboutSecuredJwt
WARNING: expected an unsecured JWT, the emulator does not validate JWTs and IS NOT SECURE
Nov 06, 2025 11:29:59 AM io.gapi.emulators.netty.HttpVersionRoutingHandler channelRead
INFO: Detected non-HTTP/2 connection.
Nov 06, 2025 11:29:59 AM io.gapi.emulators.netty.HttpVersionRoutingHandler channelRead
INFO: Detected non-HTTP/2 connection.
Nov 06, 2025 11:29:59 AM io.gapi.emulators.netty.HttpVersionRoutingHandler channelRead
INFO: Detected non-HTTP/2 connection.
Nov 06, 2025 11:30:00 AM io.gapi.emulators.netty.HttpVersionRoutingHandler channelRead
INFO: Detected non-HTTP/2 connection.
Nov 06, 2025 11:30:00 AM com.google.cloud.datastore.emulator.impl.context.EmulatorAuthorization warnAboutSecuredJwt
WARNING: expected an unsecured JWT, the emulator does not validate JWTs and IS NOT SECURE
Nov 06, 2025 11:30:00 AM io.gapi.emulators.netty.HttpVersionRoutingHandler channelRead
INFO: Detected non-HTTP/2 connection.
Nov 06, 2025 11:30:00 AM io.gapi.emulators.netty.HttpVersionRoutingHandler channelRead
INFO: Detected non-HTTP/2 connection.
Nov 06, 2025 11:30:00 AM io.gapi.emulators.netty.HttpVersionRoutingHandler channelRead
INFO: Detected non-HTTP/2 connection.
Nov 06, 2025 11:30:00 AM io.gapi.emulators.netty.HttpVersionRoutingHandler channelRead
INFO: Detected non-HTTP/2 connection.
Nov 06, 2025 11:30:00 AM com.google.cloud.datastore.emulator.impl.context.EmulatorAuthorization warnAboutSecuredJwt
WARNING: expected an unsecured JWT, the emulator does not validate JWTs and IS NOT SECURE
Nov 06, 2025 11:30:00 AM io.gapi.emulators.netty.HttpVersionRoutingHandler channelRead
INFO: Detected non-HTTP/2 connection.
Nov 06, 2025 11:30:00 AM io.gapi.emulators.netty.HttpVersionRoutingHandler channelRead
INFO: Detected non-HTTP/2 connection.
Nov 06, 2025 11:30:00 AM io.gapi.emulators.netty.HttpVersionRoutingHandler channelRead
INFO: Detected non-HTTP/2 connection.
Nov 06, 2025 11:30:00 AM io.gapi.emulators.netty.HttpVersionRoutingHandler channelRead
INFO: Detected non-HTTP/2 connection.
Nov 06, 2025 11:30:00 AM com.google.cloud.datastore.emulator.impl.context.EmulatorAuthorization warnAboutSecuredJwt
WARNING: expected an unsecured JWT, the emulator does not validate JWTs and IS NOT SECURE
Nov 06, 2025 11:30:00 AM io.gapi.emulators.netty.HttpVersionRoutingHandler channelRead
INFO: Detected non-HTTP/2 connection.
Nov 06, 2025 11:30:00 AM io.gapi.emulators.netty.HttpVersionRoutingHandler channelRead
INFO: Detected non-HTTP/2 connection.
Nov 06, 2025 11:30:00 AM io.gapi.emulators.netty.HttpVersionRoutingHandler channelRead
INFO: Detected non-HTTP/2 connection.
Nov 06, 2025 11:30:01 AM io.gapi.emulators.netty.HttpVersionRoutingHandler channelRead
INFO: Detected non-HTTP/2 connection.
Nov 06, 2025 11:30:01 AM com.google.cloud.datastore.emulator.impl.context.EmulatorAuthorization warnAboutSecuredJwt
WARNING: expected an unsecured JWT, the emulator does not validate JWTs and IS NOT SECURE
Nov 06, 2025 11:30:01 AM io.gapi.emulators.netty.HttpVersionRoutingHandler channelRead
INFO: Detected non-HTTP/2 connection.
Nov 06, 2025 11:30:01 AM io.gapi.emulators.netty.HttpVersionRoutingHandler channelRead
INFO: Detected non-HTTP/2 connection.
Nov 06, 2025 11:30:01 AM io.gapi.emulators.netty.HttpVersionRoutingHandler channelRead
INFO: Detected non-HTTP/2 connection.
Nov 06, 2025 11:30:01 AM io.gapi.emulators.netty.HttpVersionRoutingHandler channelRead
INFO: Detected non-HTTP/2 connection.
Nov 06, 2025 11:30:01 AM com.google.cloud.datastore.emulator.impl.context.EmulatorAuthorization warnAboutSecuredJwt
WARNING: expected an unsecured JWT, the emulator does not validate JWTs and IS NOT SECURE
Nov 06, 2025 11:30:01 AM io.gapi.emulators.netty.HttpVersionRoutingHandler channelRead
INFO: Detected non-HTTP/2 connection.
Nov 06, 2025 11:30:01 AM io.gapi.emulators.netty.HttpVersionRoutingHandler channelRead
INFO: Detected non-HTTP/2 connection.
Nov 06, 2025 11:30:01 AM io.gapi.emulators.netty.HttpVersionRoutingHandler channelRead
INFO: Detected non-HTTP/2 connection.
Nov 06, 2025 11:30:01 AM io.gapi.emulators.netty.HttpVersionRoutingHandler channelRead
INFO: Detected non-HTTP/2 connection.
Nov 06, 2025 11:30:01 AM com.google.cloud.datastore.emulator.impl.context.EmulatorAuthorization warnAboutSecuredJwt
WARNING: expected an unsecured JWT, the emulator does not validate JWTs and IS NOT SECURE
Nov 06, 2025 11:30:01 AM io.gapi.emulators.netty.HttpVersionRoutingHandler channelRead
INFO: Detected non-HTTP/2 connection.
Nov 06, 2025 11:30:01 AM io.gapi.emulators.netty.HttpVersionRoutingHandler channelRead
INFO: Detected non-HTTP/2 connection.
Nov 06, 2025 11:30:01 AM io.gapi.emulators.netty.HttpVersionRoutingHandler channelRead
INFO: Detected non-HTTP/2 connection.
Nov 06, 2025 11:30:02 AM io.gapi.emulators.netty.HttpVersionRoutingHandler channelRead
INFO: Detected non-HTTP/2 connection.
Nov 06, 2025 11:30:02 AM com.google.cloud.datastore.emulator.impl.context.EmulatorAuthorization warnAboutSecuredJwt
WARNING: expected an unsecured JWT, the emulator does not validate JWTs and IS NOT SECURE
Nov 06, 2025 11:30:02 AM io.gapi.emulators.netty.HttpVersionRoutingHandler channelRead
INFO: Detected non-HTTP/2 connection.
Nov 06, 2025 11:30:02 AM io.gapi.emulators.netty.HttpVersionRoutingHandler channelRead
INFO: Detected non-HTTP/2 connection.
Nov 06, 2025 11:30:02 AM io.gapi.emulators.netty.HttpVersionRoutingHandler channelRead
INFO: Detected non-HTTP/2 connection.
Nov 06, 2025 11:30:02 AM io.gapi.emulators.netty.HttpVersionRoutingHandler channelRead
INFO: Detected non-HTTP/2 connection.
Nov 06, 2025 11:30:02 AM com.google.cloud.datastore.emulator.impl.context.EmulatorAuthorization warnAboutSecuredJwt
WARNING: expected an unsecured JWT, the emulator does not validate JWTs and IS NOT SECURE
Nov 06, 2025 11:30:02 AM io.gapi.emulators.netty.HttpVersionRoutingHandler channelRead
INFO: Detected non-HTTP/2 connection.
Nov 06, 2025 11:30:02 AM io.gapi.emulators.netty.HttpVersionRoutingHandler channelRead
INFO: Detected non-HTTP/2 connection.
Nov 06, 2025 11:30:02 AM io.gapi.emulators.netty.HttpVersionRoutingHandler channelRead
INFO: Detected non-HTTP/2 connection.
Nov 06, 2025 11:30:03 AM io.gapi.emulators.netty.HttpVersionRoutingHandler channelRead
INFO: Detected non-HTTP/2 connection.
Nov 06, 2025 11:30:03 AM com.google.cloud.datastore.emulator.impl.context.EmulatorAuthorization warnAboutSecuredJwt
WARNING: expected an unsecured JWT, the emulator does not validate JWTs and IS NOT SECURE
Nov 06, 2025 11:30:03 AM io.gapi.emulators.netty.HttpVersionRoutingHandler channelRead
INFO: Detected non-HTTP/2 connection.
Nov 06, 2025 11:30:03 AM io.gapi.emulators.netty.HttpVersionRoutingHandler channelRead
INFO: Detected non-HTTP/2 connection.
Nov 06, 2025 11:30:03 AM io.gapi.emulators.netty.HttpVersionRoutingHandler channelRead
INFO: Detected non-HTTP/2 connection.
Nov 06, 2025 11:30:03 AM io.gapi.emulators.netty.HttpVersionRoutingHandler channelRead
INFO: Detected non-HTTP/2 connection.
Nov 06, 2025 11:30:03 AM com.google.cloud.datastore.emulator.impl.context.EmulatorAuthorization warnAboutSecuredJwt
WARNING: expected an unsecured JWT, the emulator does not validate JWTs and IS NOT SECURE
Nov 06, 2025 11:30:03 AM io.gapi.emulators.netty.HttpVersionRoutingHandler channelRead
INFO: Detected non-HTTP/2 connection.
Nov 06, 2025 11:30:03 AM io.gapi.emulators.netty.HttpVersionRoutingHandler channelRead
INFO: Detected non-HTTP/2 connection.
Nov 06, 2025 11:30:03 AM io.gapi.emulators.netty.HttpVersionRoutingHandler channelRead
INFO: Detected non-HTTP/2 connection.
Nov 06, 2025 11:30:03 AM io.gapi.emulators.netty.HttpVersionRoutingHandler channelRead
INFO: Detected non-HTTP/2 connection.
Nov 06, 2025 11:30:03 AM com.google.cloud.datastore.emulator.impl.context.EmulatorAuthorization warnAboutSecuredJwt
WARNING: expected an unsecured JWT, the emulator does not validate JWTs and IS NOT SECURE
Nov 06, 2025 11:30:03 AM io.gapi.emulators.netty.HttpVersionRoutingHandler channelRead
INFO: Detected non-HTTP/2 connection.
Nov 06, 2025 11:30:03 AM io.gapi.emulators.netty.HttpVersionRoutingHandler channelRead
INFO: Detected non-HTTP/2 connection.
Nov 06, 2025 11:30:03 AM io.gapi.emulators.netty.HttpVersionRoutingHandler channelRead
INFO: Detected non-HTTP/2 connection.
Nov 06, 2025 11:30:04 AM io.gapi.emulators.netty.HttpVersionRoutingHandler channelRead
INFO: Detected non-HTTP/2 connection.
Nov 06, 2025 11:30:04 AM com.google.cloud.datastore.emulator.impl.context.EmulatorAuthorization warnAboutSecuredJwt
WARNING: expected an unsecured JWT, the emulator does not validate JWTs and IS NOT SECURE
Nov 06, 2025 11:30:04 AM io.gapi.emulators.netty.HttpVersionRoutingHandler channelRead
INFO: Detected non-HTTP/2 connection.
Nov 06, 2025 11:30:04 AM io.gapi.emulators.netty.HttpVersionRoutingHandler channelRead
INFO: Detected non-HTTP/2 connection.
Nov 06, 2025 11:30:04 AM io.gapi.emulators.netty.HttpVersionRoutingHandler channelRead
INFO: Detected non-HTTP/2 connection.
Nov 06, 2025 11:30:04 AM io.gapi.emulators.netty.HttpVersionRoutingHandler channelRead
INFO: Detected non-HTTP/2 connection.
Nov 06, 2025 11:30:04 AM com.google.cloud.datastore.emulator.impl.context.EmulatorAuthorization warnAboutSecuredJwt
WARNING: expected an unsecured JWT, the emulator does not validate JWTs and IS NOT SECURE
Nov 06, 2025 11:30:04 AM io.gapi.emulators.netty.HttpVersionRoutingHandler channelRead
INFO: Detected non-HTTP/2 connection.
Nov 06, 2025 11:30:04 AM io.gapi.emulators.netty.HttpVersionRoutingHandler channelRead
INFO: Detected non-HTTP/2 connection.
Nov 06, 2025 11:30:04 AM io.gapi.emulators.netty.HttpVersionRoutingHandler channelRead
INFO: Detected non-HTTP/2 connection.
Nov 06, 2025 11:30:05 AM io.gapi.emulators.netty.HttpVersionRoutingHandler channelRead
INFO: Detected non-HTTP/2 connection.
Nov 06, 2025 11:30:05 AM com.google.cloud.datastore.emulator.impl.context.EmulatorAuthorization warnAboutSecuredJwt
WARNING: expected an unsecured JWT, the emulator does not validate JWTs and IS NOT SECURE
Nov 06, 2025 11:30:05 AM io.gapi.emulators.netty.HttpVersionRoutingHandler channelRead
INFO: Detected non-HTTP/2 connection.
Nov 06, 2025 11:30:05 AM io.gapi.emulators.netty.HttpVersionRoutingHandler channelRead
INFO: Detected non-HTTP/2 connection.
Nov 06, 2025 11:30:05 AM io.gapi.emulators.netty.HttpVersionRoutingHandler channelRead
INFO: Detected non-HTTP/2 connection.
Nov 06, 2025 11:30:05 AM io.gapi.emulators.netty.HttpVersionRoutingHandler channelRead
INFO: Detected non-HTTP/2 connection.
Nov 06, 2025 11:30:05 AM com.google.cloud.datastore.emulator.impl.context.EmulatorAuthorization warnAboutSecuredJwt
WARNING: expected an unsecured JWT, the emulator does not validate JWTs and IS NOT SECURE
Nov 06, 2025 11:30:05 AM io.gapi.emulators.netty.HttpVersionRoutingHandler channelRead
INFO: Detected non-HTTP/2 connection.
Nov 06, 2025 11:30:05 AM io.gapi.emulators.netty.HttpVersionRoutingHandler channelRead
INFO: Detected non-HTTP/2 connection.
Nov 06, 2025 11:30:05 AM io.gapi.emulators.netty.HttpVersionRoutingHandler channelRead
INFO: Detected non-HTTP/2 connection.
Nov 06, 2025 11:30:06 AM io.gapi.emulators.netty.HttpVersionRoutingHandler channelRead
INFO: Detected non-HTTP/2 connection.
Nov 06, 2025 11:30:06 AM com.google.cloud.datastore.emulator.impl.context.EmulatorAuthorization warnAboutSecuredJwt
WARNING: expected an unsecured JWT, the emulator does not validate JWTs and IS NOT SECURE
Nov 06, 2025 11:30:06 AM io.gapi.emulators.netty.HttpVersionRoutingHandler channelRead
INFO: Detected non-HTTP/2 connection.
Nov 06, 2025 11:30:06 AM io.gapi.emulators.netty.HttpVersionRoutingHandler channelRead
INFO: Detected non-HTTP/2 connection.
Nov 06, 2025 11:30:06 AM io.gapi.emulators.netty.HttpVersionRoutingHandler channelRead
INFO: Detected non-HTTP/2 connection.
Nov 06, 2025 11:30:06 AM io.gapi.emulators.netty.HttpVersionRoutingHandler channelRead
INFO: Detected non-HTTP/2 connection.
Nov 06, 2025 11:30:06 AM com.google.cloud.datastore.emulator.impl.context.EmulatorAuthorization warnAboutSecuredJwt
WARNING: expected an unsecured JWT, the emulator does not validate JWTs and IS NOT SECURE
Nov 06, 2025 11:30:06 AM io.gapi.emulators.netty.HttpVersionRoutingHandler channelRead
INFO: Detected non-HTTP/2 connection.
Nov 06, 2025 11:30:06 AM io.gapi.emulators.netty.HttpVersionRoutingHandler channelRead
INFO: Detected non-HTTP/2 connection.
Nov 06, 2025 11:30:06 AM io.gapi.emulators.netty.HttpVersionRoutingHandler channelRead
INFO: Detected non-HTTP/2 connection.
Nov 06, 2025 11:30:06 AM io.gapi.emulators.netty.HttpVersionRoutingHandler channelRead
INFO: Detected non-HTTP/2 connection.
Nov 06, 2025 11:30:06 AM com.google.cloud.datastore.emulator.impl.context.EmulatorAuthorization warnAboutSecuredJwt
WARNING: expected an unsecured JWT, the emulator does not validate JWTs and IS NOT SECURE
Nov 06, 2025 11:30:06 AM io.gapi.emulators.netty.HttpVersionRoutingHandler channelRead
INFO: Detected non-HTTP/2 connection.
Nov 06, 2025 11:30:06 AM io.gapi.emulators.netty.HttpVersionRoutingHandler channelRead
INFO: Detected non-HTTP/2 connection.
Nov 06, 2025 11:30:06 AM io.gapi.emulators.netty.HttpVersionRoutingHandler channelRead
INFO: Detected non-HTTP/2 connection.
Nov 06, 2025 11:30:07 AM io.gapi.emulators.netty.HttpVersionRoutingHandler channelRead
INFO: Detected non-HTTP/2 connection.
Nov 06, 2025 11:30:07 AM com.google.cloud.datastore.emulator.impl.context.EmulatorAuthorization warnAboutSecuredJwt
WARNING: expected an unsecured JWT, the emulator does not validate JWTs and IS NOT SECURE
Nov 06, 2025 11:30:07 AM io.gapi.emulators.netty.HttpVersionRoutingHandler channelRead
INFO: Detected non-HTTP/2 connection.
Nov 06, 2025 11:30:07 AM io.gapi.emulators.netty.HttpVersionRoutingHandler channelRead
INFO: Detected non-HTTP/2 connection.
Nov 06, 2025 11:30:07 AM io.gapi.emulators.netty.HttpVersionRoutingHandler channelRead
INFO: Detected non-HTTP/2 connection.
Nov 06, 2025 11:30:07 AM io.gapi.emulators.netty.HttpVersionRoutingHandler channelRead
INFO: Detected non-HTTP/2 connection.
Nov 06, 2025 11:30:07 AM com.google.cloud.datastore.emulator.impl.context.EmulatorAuthorization warnAboutSecuredJwt
WARNING: expected an unsecured JWT, the emulator does not validate JWTs and IS NOT SECURE
Nov 06, 2025 11:30:07 AM io.gapi.emulators.netty.HttpVersionRoutingHandler channelRead
INFO: Detected non-HTTP/2 connection.
Nov 06, 2025 11:30:07 AM io.gapi.emulators.netty.HttpVersionRoutingHandler channelRead
INFO: Detected non-HTTP/2 connection.
Nov 06, 2025 11:30:07 AM io.gapi.emulators.netty.HttpVersionRoutingHandler channelRead
INFO: Detected non-HTTP/2 connection.
Nov 06, 2025 11:30:08 AM io.gapi.emulators.netty.HttpVersionRoutingHandler channelRead
INFO: Detected non-HTTP/2 connection.
Nov 06, 2025 11:30:08 AM com.google.cloud.datastore.emulator.impl.context.EmulatorAuthorization warnAboutSecuredJwt
WARNING: expected an unsecured JWT, the emulator does not validate JWTs and IS NOT SECURE
Nov 06, 2025 11:30:08 AM io.gapi.emulators.netty.HttpVersionRoutingHandler channelRead
INFO: Detected non-HTTP/2 connection.
Nov 06, 2025 11:30:08 AM io.gapi.emulators.netty.HttpVersionRoutingHandler channelRead
INFO: Detected non-HTTP/2 connection.
Nov 06, 2025 11:30:08 AM io.gapi.emulators.netty.HttpVersionRoutingHandler channelRead
INFO: Detected non-HTTP/2 connection.
Nov 06, 2025 11:30:08 AM io.gapi.emulators.netty.HttpVersionRoutingHandler channelRead
INFO: Detected non-HTTP/2 connection.
Nov 06, 2025 11:30:08 AM com.google.cloud.datastore.emulator.impl.context.EmulatorAuthorization warnAboutSecuredJwt
WARNING: expected an unsecured JWT, the emulator does not validate JWTs and IS NOT SECURE
Nov 06, 2025 11:30:08 AM io.gapi.emulators.netty.HttpVersionRoutingHandler channelRead
INFO: Detected non-HTTP/2 connection.
Nov 06, 2025 11:30:08 AM io.gapi.emulators.netty.HttpVersionRoutingHandler channelRead
INFO: Detected non-HTTP/2 connection.
Nov 06, 2025 11:30:08 AM io.gapi.emulators.netty.HttpVersionRoutingHandler channelRead
INFO: Detected non-HTTP/2 connection.
Nov 06, 2025 11:30:08 AM io.gapi.emulators.netty.HttpVersionRoutingHandler channelRead
INFO: Detected non-HTTP/2 connection.
Nov 06, 2025 11:30:08 AM com.google.cloud.datastore.emulator.impl.context.EmulatorAuthorization warnAboutSecuredJwt
WARNING: expected an unsecured JWT, the emulator does not validate JWTs and IS NOT SECURE
Nov 06, 2025 11:30:08 AM io.gapi.emulators.netty.HttpVersionRoutingHandler channelRead
INFO: Detected non-HTTP/2 connection.
Nov 06, 2025 11:30:08 AM io.gapi.emulators.netty.HttpVersionRoutingHandler channelRead
INFO: Detected non-HTTP/2 connection.
Nov 06, 2025 11:30:08 AM io.gapi.emulators.netty.HttpVersionRoutingHandler channelRead
INFO: Detected non-HTTP/2 connection.
Nov 06, 2025 11:30:09 AM io.gapi.emulators.netty.HttpVersionRoutingHandler channelRead
INFO: Detected non-HTTP/2 connection.
Nov 06, 2025 11:30:09 AM com.google.cloud.datastore.emulator.impl.context.EmulatorAuthorization warnAboutSecuredJwt
WARNING: expected an unsecured JWT, the emulator does not validate JWTs and IS NOT SECURE
Nov 06, 2025 11:30:09 AM io.gapi.emulators.netty.HttpVersionRoutingHandler channelRead
INFO: Detected non-HTTP/2 connection.
Nov 06, 2025 11:30:09 AM io.gapi.emulators.netty.HttpVersionRoutingHandler channelRead
INFO: Detected non-HTTP/2 connection.
Nov 06, 2025 11:30:09 AM io.gapi.emulators.netty.HttpVersionRoutingHandler channelRead
INFO: Detected non-HTTP/2 connection.
Nov 06, 2025 11:30:09 AM io.gapi.emulators.netty.HttpVersionRoutingHandler channelRead
INFO: Detected non-HTTP/2 connection.
Nov 06, 2025 11:30:09 AM com.google.cloud.datastore.emulator.impl.context.EmulatorAuthorization warnAboutSecuredJwt
WARNING: expected an unsecured JWT, the emulator does not validate JWTs and IS NOT SECURE
Nov 06, 2025 11:30:09 AM io.gapi.emulators.netty.HttpVersionRoutingHandler channelRead
INFO: Detected non-HTTP/2 connection.
Nov 06, 2025 11:30:09 AM io.gapi.emulators.netty.HttpVersionRoutingHandler channelRead
INFO: Detected non-HTTP/2 connection.
Nov 06, 2025 11:30:09 AM io.gapi.emulators.netty.HttpVersionRoutingHandler channelRead
INFO: Detected non-HTTP/2 connection.
Nov 06, 2025 11:30:10 AM io.gapi.emulators.netty.HttpVersionRoutingHandler channelRead
INFO: Detected non-HTTP/2 connection.
Nov 06, 2025 11:30:10 AM com.google.cloud.datastore.emulator.impl.context.EmulatorAuthorization warnAboutSecuredJwt
WARNING: expected an unsecured JWT, the emulator does not validate JWTs and IS NOT SECURE
Nov 06, 2025 11:30:10 AM io.gapi.emulators.netty.HttpVersionRoutingHandler channelRead
INFO: Detected non-HTTP/2 connection.
Nov 06, 2025 11:30:10 AM io.gapi.emulators.netty.HttpVersionRoutingHandler channelRead
INFO: Detected non-HTTP/2 connection.
Nov 06, 2025 11:30:10 AM io.gapi.emulators.netty.HttpVersionRoutingHandler channelRead
INFO: Detected non-HTTP/2 connection.
Nov 06, 2025 11:30:10 AM io.gapi.emulators.netty.HttpVersionRoutingHandler channelRead
INFO: Detected non-HTTP/2 connection.
Nov 06, 2025 11:30:10 AM com.google.cloud.datastore.emulator.impl.context.EmulatorAuthorization warnAboutSecuredJwt
WARNING: expected an unsecured JWT, the emulator does not validate JWTs and IS NOT SECURE
Nov 06, 2025 11:30:10 AM io.gapi.emulators.netty.HttpVersionRoutingHandler channelRead
INFO: Detected non-HTTP/2 connection.
Nov 06, 2025 11:30:10 AM io.gapi.emulators.netty.HttpVersionRoutingHandler channelRead
INFO: Detected non-HTTP/2 connection.
Nov 06, 2025 11:30:10 AM io.gapi.emulators.netty.HttpVersionRoutingHandler channelRead
INFO: Detected non-HTTP/2 connection.
Nov 06, 2025 11:30:11 AM io.gapi.emulators.netty.HttpVersionRoutingHandler channelRead
INFO: Detected non-HTTP/2 connection.
Nov 06, 2025 11:30:11 AM com.google.cloud.datastore.emulator.impl.context.EmulatorAuthorization warnAboutSecuredJwt
WARNING: expected an unsecured JWT, the emulator does not validate JWTs and IS NOT SECURE
Nov 06, 2025 11:30:11 AM io.gapi.emulators.netty.HttpVersionRoutingHandler channelRead
INFO: Detected non-HTTP/2 connection.
Nov 06, 2025 11:30:11 AM io.gapi.emulators.netty.HttpVersionRoutingHandler channelRead
INFO: Detected non-HTTP/2 connection.
Nov 06, 2025 11:30:11 AM io.gapi.emulators.netty.HttpVersionRoutingHandler channelRead
INFO: Detected non-HTTP/2 connection.
Nov 06, 2025 11:30:11 AM io.gapi.emulators.netty.HttpVersionRoutingHandler channelRead
INFO: Detected non-HTTP/2 connection.
Nov 06, 2025 11:30:11 AM com.google.cloud.datastore.emulator.impl.context.EmulatorAuthorization warnAboutSecuredJwt
WARNING: expected an unsecured JWT, the emulator does not validate JWTs and IS NOT SECURE
Nov 06, 2025 11:30:11 AM io.gapi.emulators.netty.HttpVersionRoutingHandler channelRead
INFO: Detected non-HTTP/2 connection.
Nov 06, 2025 11:30:11 AM io.gapi.emulators.netty.HttpVersionRoutingHandler channelRead
INFO: Detected non-HTTP/2 connection.
Nov 06, 2025 11:30:11 AM io.gapi.emulators.netty.HttpVersionRoutingHandler channelRead
INFO: Detected non-HTTP/2 connection.
Nov 06, 2025 11:30:12 AM io.gapi.emulators.netty.HttpVersionRoutingHandler channelRead
INFO: Detected non-HTTP/2 connection.
Nov 06, 2025 11:30:12 AM com.google.cloud.datastore.emulator.impl.context.EmulatorAuthorization warnAboutSecuredJwt
WARNING: expected an unsecured JWT, the emulator does not validate JWTs and IS NOT SECURE
Nov 06, 2025 11:30:12 AM io.gapi.emulators.netty.HttpVersionRoutingHandler channelRead
INFO: Detected non-HTTP/2 connection.
Nov 06, 2025 11:30:12 AM io.gapi.emulators.netty.HttpVersionRoutingHandler channelRead
INFO: Detected non-HTTP/2 connection.
Nov 06, 2025 11:30:12 AM io.gapi.emulators.netty.HttpVersionRoutingHandler channelRead
INFO: Detected non-HTTP/2 connection.
Nov 06, 2025 11:30:12 AM io.gapi.emulators.netty.HttpVersionRoutingHandler channelRead
INFO: Detected non-HTTP/2 connection.
Nov 06, 2025 11:30:12 AM com.google.cloud.datastore.emulator.impl.context.EmulatorAuthorization warnAboutSecuredJwt
WARNING: expected an unsecured JWT, the emulator does not validate JWTs and IS NOT SECURE
Nov 06, 2025 11:30:12 AM io.gapi.emulators.netty.HttpVersionRoutingHandler channelRead
INFO: Detected non-HTTP/2 connection.
Nov 06, 2025 11:30:12 AM io.gapi.emulators.netty.HttpVersionRoutingHandler channelRead
INFO: Detected non-HTTP/2 connection.
Nov 06, 2025 11:30:12 AM io.gapi.emulators.netty.HttpVersionRoutingHandler channelRead
INFO: Detected non-HTTP/2 connection.
Nov 06, 2025 11:30:12 AM io.gapi.emulators.netty.HttpVersionRoutingHandler channelRead
INFO: Detected non-HTTP/2 connection.
Nov 06, 2025 11:30:12 AM com.google.cloud.datastore.emulator.impl.context.EmulatorAuthorization warnAboutSecuredJwt
WARNING: expected an unsecured JWT, the emulator does not validate JWTs and IS NOT SECURE
Nov 06, 2025 11:30:12 AM io.gapi.emulators.netty.HttpVersionRoutingHandler channelRead
INFO: Detected non-HTTP/2 connection.
Nov 06, 2025 11:30:12 AM io.gapi.emulators.netty.HttpVersionRoutingHandler channelRead
INFO: Detected non-HTTP/2 connection.
Nov 06, 2025 11:30:12 AM io.gapi.emulators.netty.HttpVersionRoutingHandler channelRead
INFO: Detected non-HTTP/2 connection.
Nov 06, 2025 11:30:13 AM io.gapi.emulators.netty.HttpVersionRoutingHandler channelRead
INFO: Detected non-HTTP/2 connection.
Nov 06, 2025 11:30:13 AM com.google.cloud.datastore.emulator.impl.context.EmulatorAuthorization warnAboutSecuredJwt
WARNING: expected an unsecured JWT, the emulator does not validate JWTs and IS NOT SECURE
Nov 06, 2025 11:30:13 AM io.gapi.emulators.netty.HttpVersionRoutingHandler channelRead
INFO: Detected non-HTTP/2 connection.
Nov 06, 2025 11:30:13 AM io.gapi.emulators.netty.HttpVersionRoutingHandler channelRead
INFO: Detected non-HTTP/2 connection.
Nov 06, 2025 11:30:13 AM io.gapi.emulators.netty.HttpVersionRoutingHandler channelRead
INFO: Detected non-HTTP/2 connection.
Nov 06, 2025 11:30:13 AM io.gapi.emulators.netty.HttpVersionRoutingHandler channelRead
INFO: Detected non-HTTP/2 connection.
Nov 06, 2025 11:30:13 AM com.google.cloud.datastore.emulator.impl.context.EmulatorAuthorization warnAboutSecuredJwt
WARNING: expected an unsecured JWT, the emulator does not validate JWTs and IS NOT SECURE
Nov 06, 2025 11:30:13 AM io.gapi.emulators.netty.HttpVersionRoutingHandler channelRead
INFO: Detected non-HTTP/2 connection.
Nov 06, 2025 11:30:13 AM io.gapi.emulators.netty.HttpVersionRoutingHandler channelRead
INFO: Detected non-HTTP/2 connection.
Nov 06, 2025 11:30:13 AM io.gapi.emulators.netty.HttpVersionRoutingHandler channelRead
INFO: Detected non-HTTP/2 connection.
Nov 06, 2025 11:30:14 AM io.gapi.emulators.netty.HttpVersionRoutingHandler channelRead
INFO: Detected non-HTTP/2 connection.
Nov 06, 2025 11:30:14 AM com.google.cloud.datastore.emulator.impl.context.EmulatorAuthorization warnAboutSecuredJwt
WARNING: expected an unsecured JWT, the emulator does not validate JWTs and IS NOT SECURE
Nov 06, 2025 11:30:14 AM io.gapi.emulators.netty.HttpVersionRoutingHandler channelRead
INFO: Detected non-HTTP/2 connection.
Nov 06, 2025 11:30:14 AM io.gapi.emulators.netty.HttpVersionRoutingHandler channelRead
INFO: Detected non-HTTP/2 connection.
Nov 06, 2025 11:30:14 AM io.gapi.emulators.netty.HttpVersionRoutingHandler channelRead
INFO: Detected non-HTTP/2 connection.
Nov 06, 2025 11:30:14 AM io.gapi.emulators.netty.HttpVersionRoutingHandler channelRead
INFO: Detected non-HTTP/2 connection.
Nov 06, 2025 11:30:14 AM com.google.cloud.datastore.emulator.impl.context.EmulatorAuthorization warnAboutSecuredJwt
WARNING: expected an unsecured JWT, the emulator does not validate JWTs and IS NOT SECURE
Nov 06, 2025 11:30:14 AM io.gapi.emulators.netty.HttpVersionRoutingHandler channelRead
INFO: Detected non-HTTP/2 connection.
Nov 06, 2025 11:30:14 AM io.gapi.emulators.netty.HttpVersionRoutingHandler channelRead
INFO: Detected non-HTTP/2 connection.
Nov 06, 2025 11:30:14 AM io.gapi.emulators.netty.HttpVersionRoutingHandler channelRead
INFO: Detected non-HTTP/2 connection.
Nov 06, 2025 11:30:14 AM io.gapi.emulators.netty.HttpVersionRoutingHandler channelRead
INFO: Detected non-HTTP/2 connection.
Nov 06, 2025 11:30:14 AM com.google.cloud.datastore.emulator.impl.context.EmulatorAuthorization warnAboutSecuredJwt
WARNING: expected an unsecured JWT, the emulator does not validate JWTs and IS NOT SECURE
Nov 06, 2025 11:30:14 AM io.gapi.emulators.netty.HttpVersionRoutingHandler channelRead
INFO: Detected non-HTTP/2 connection.
Nov 06, 2025 11:30:14 AM io.gapi.emulators.netty.HttpVersionRoutingHandler channelRead
INFO: Detected non-HTTP/2 connection.
Nov 06, 2025 11:30:14 AM io.gapi.emulators.netty.HttpVersionRoutingHandler channelRead
INFO: Detected non-HTTP/2 connection.
Nov 06, 2025 11:30:15 AM io.gapi.emulators.netty.HttpVersionRoutingHandler channelRead
INFO: Detected non-HTTP/2 connection.
Nov 06, 2025 11:30:15 AM com.google.cloud.datastore.emulator.impl.context.EmulatorAuthorization warnAboutSecuredJwt
WARNING: expected an unsecured JWT, the emulator does not validate JWTs and IS NOT SECURE
Nov 06, 2025 11:30:15 AM io.gapi.emulators.netty.HttpVersionRoutingHandler channelRead
INFO: Detected non-HTTP/2 connection.
Nov 06, 2025 11:30:15 AM io.gapi.emulators.netty.HttpVersionRoutingHandler channelRead
INFO: Detected non-HTTP/2 connection.
Nov 06, 2025 11:30:15 AM io.gapi.emulators.netty.HttpVersionRoutingHandler channelRead
INFO: Detected non-HTTP/2 connection.
Nov 06, 2025 11:30:15 AM io.gapi.emulators.netty.HttpVersionRoutingHandler channelRead
INFO: Detected non-HTTP/2 connection.
Nov 06, 2025 11:30:15 AM com.google.cloud.datastore.emulator.impl.context.EmulatorAuthorization warnAboutSecuredJwt
WARNING: expected an unsecured JWT, the emulator does not validate JWTs and IS NOT SECURE
Nov 06, 2025 11:30:15 AM io.gapi.emulators.netty.HttpVersionRoutingHandler channelRead
INFO: Detected non-HTTP/2 connection.
Nov 06, 2025 11:30:15 AM io.gapi.emulators.netty.HttpVersionRoutingHandler channelRead
INFO: Detected non-HTTP/2 connection.
Nov 06, 2025 11:30:15 AM io.gapi.emulators.netty.HttpVersionRoutingHandler channelRead
INFO: Detected non-HTTP/2 connection.
Nov 06, 2025 11:30:16 AM io.gapi.emulators.netty.HttpVersionRoutingHandler channelRead
INFO: Detected non-HTTP/2 connection.
Nov 06, 2025 11:30:16 AM com.google.cloud.datastore.emulator.impl.context.EmulatorAuthorization warnAboutSecuredJwt
WARNING: expected an unsecured JWT, the emulator does not validate JWTs and IS NOT SECURE
Nov 06, 2025 11:30:16 AM io.gapi.emulators.netty.HttpVersionRoutingHandler channelRead
INFO: Detected non-HTTP/2 connection.
Nov 06, 2025 11:30:16 AM io.gapi.emulators.netty.HttpVersionRoutingHandler channelRead
INFO: Detected non-HTTP/2 connection.
Nov 06, 2025 11:30:16 AM io.gapi.emulators.netty.HttpVersionRoutingHandler channelRead
INFO: Detected non-HTTP/2 connection.
Nov 06, 2025 11:30:16 AM io.gapi.emulators.netty.HttpVersionRoutingHandler channelRead
INFO: Detected non-HTTP/2 connection.
Nov 06, 2025 11:30:16 AM com.google.cloud.datastore.emulator.impl.context.EmulatorAuthorization warnAboutSecuredJwt
WARNING: expected an unsecured JWT, the emulator does not validate JWTs and IS NOT SECURE
Nov 06, 2025 11:30:16 AM io.gapi.emulators.netty.HttpVersionRoutingHandler channelRead
INFO: Detected non-HTTP/2 connection.
Nov 06, 2025 11:30:16 AM io.gapi.emulators.netty.HttpVersionRoutingHandler channelRead
INFO: Detected non-HTTP/2 connection.
Nov 06, 2025 11:30:16 AM io.gapi.emulators.netty.HttpVersionRoutingHandler channelRead
INFO: Detected non-HTTP/2 connection.
Nov 06, 2025 11:30:16 AM io.gapi.emulators.netty.HttpVersionRoutingHandler channelRead
INFO: Detected non-HTTP/2 connection.
Nov 06, 2025 11:30:16 AM com.google.cloud.datastore.emulator.impl.context.EmulatorAuthorization warnAboutSecuredJwt
WARNING: expected an unsecured JWT, the emulator does not validate JWTs and IS NOT SECURE
Nov 06, 2025 11:30:16 AM io.gapi.emulators.netty.HttpVersionRoutingHandler channelRead
INFO: Detected non-HTTP/2 connection.
Nov 06, 2025 11:30:16 AM io.gapi.emulators.netty.HttpVersionRoutingHandler channelRead
INFO: Detected non-HTTP/2 connection.
Nov 06, 2025 11:30:16 AM io.gapi.emulators.netty.HttpVersionRoutingHandler channelRead
INFO: Detected non-HTTP/2 connection.
Nov 06, 2025 11:30:17 AM io.gapi.emulators.netty.HttpVersionRoutingHandler channelRead
INFO: Detected non-HTTP/2 connection.
Nov 06, 2025 11:30:17 AM com.google.cloud.datastore.emulator.impl.context.EmulatorAuthorization warnAboutSecuredJwt
WARNING: expected an unsecured JWT, the emulator does not validate JWTs and IS NOT SECURE
Nov 06, 2025 11:30:17 AM io.gapi.emulators.netty.HttpVersionRoutingHandler channelRead
INFO: Detected non-HTTP/2 connection.
Nov 06, 2025 11:30:17 AM io.gapi.emulators.netty.HttpVersionRoutingHandler channelRead
INFO: Detected non-HTTP/2 connection.
Nov 06, 2025 11:30:17 AM io.gapi.emulators.netty.HttpVersionRoutingHandler channelRead
INFO: Detected non-HTTP/2 connection.
Nov 06, 2025 11:30:17 AM io.gapi.emulators.netty.HttpVersionRoutingHandler channelRead
INFO: Detected non-HTTP/2 connection.
Nov 06, 2025 11:30:17 AM com.google.cloud.datastore.emulator.impl.context.EmulatorAuthorization warnAboutSecuredJwt
WARNING: expected an unsecured JWT, the emulator does not validate JWTs and IS NOT SECURE
Nov 06, 2025 11:30:17 AM io.gapi.emulators.netty.HttpVersionRoutingHandler channelRead
INFO: Detected non-HTTP/2 connection.
Nov 06, 2025 11:30:17 AM io.gapi.emulators.netty.HttpVersionRoutingHandler channelRead
INFO: Detected non-HTTP/2 connection.
Nov 06, 2025 11:30:17 AM io.gapi.emulators.netty.HttpVersionRoutingHandler channelRead
INFO: Detected non-HTTP/2 connection.
Nov 06, 2025 11:30:18 AM io.gapi.emulators.netty.HttpVersionRoutingHandler channelRead
INFO: Detected non-HTTP/2 connection.
Nov 06, 2025 11:30:18 AM com.google.cloud.datastore.emulator.impl.context.EmulatorAuthorization warnAboutSecuredJwt
WARNING: expected an unsecured JWT, the emulator does not validate JWTs and IS NOT SECURE
Nov 06, 2025 11:30:18 AM io.gapi.emulators.netty.HttpVersionRoutingHandler channelRead
INFO: Detected non-HTTP/2 connection.
Nov 06, 2025 11:30:18 AM io.gapi.emulators.netty.HttpVersionRoutingHandler channelRead
INFO: Detected non-HTTP/2 connection.
Nov 06, 2025 11:30:18 AM io.gapi.emulators.netty.HttpVersionRoutingHandler channelRead
INFO: Detected non-HTTP/2 connection.
Nov 06, 2025 11:30:18 AM io.gapi.emulators.netty.HttpVersionRoutingHandler channelRead
INFO: Detected non-HTTP/2 connection.
Nov 06, 2025 11:30:18 AM com.google.cloud.datastore.emulator.impl.context.EmulatorAuthorization warnAboutSecuredJwt
WARNING: expected an unsecured JWT, the emulator does not validate JWTs and IS NOT SECURE
Nov 06, 2025 11:30:18 AM io.gapi.emulators.netty.HttpVersionRoutingHandler channelRead
INFO: Detected non-HTTP/2 connection.
Nov 06, 2025 11:30:18 AM io.gapi.emulators.netty.HttpVersionRoutingHandler channelRead
INFO: Detected non-HTTP/2 connection.
Nov 06, 2025 11:30:18 AM io.gapi.emulators.netty.HttpVersionRoutingHandler channelRead
INFO: Detected non-HTTP/2 connection.
Nov 06, 2025 11:30:19 AM io.gapi.emulators.netty.HttpVersionRoutingHandler channelRead
INFO: Detected non-HTTP/2 connection.
Nov 06, 2025 11:30:19 AM com.google.cloud.datastore.emulator.impl.context.EmulatorAuthorization warnAboutSecuredJwt
WARNING: expected an unsecured JWT, the emulator does not validate JWTs and IS NOT SECURE
Nov 06, 2025 11:30:19 AM io.gapi.emulators.netty.HttpVersionRoutingHandler channelRead
INFO: Detected non-HTTP/2 connection.
Nov 06, 2025 11:30:19 AM io.gapi.emulators.netty.HttpVersionRoutingHandler channelRead
INFO: Detected non-HTTP/2 connection.
Nov 06, 2025 11:30:19 AM io.gapi.emulators.netty.HttpVersionRoutingHandler channelRead
INFO: Detected non-HTTP/2 connection.
Nov 06, 2025 11:30:19 AM io.gapi.emulators.netty.HttpVersionRoutingHandler channelRead
INFO: Detected non-HTTP/2 connection.
Nov 06, 2025 11:30:19 AM com.google.cloud.datastore.emulator.impl.context.EmulatorAuthorization warnAboutSecuredJwt
WARNING: expected an unsecured JWT, the emulator does not validate JWTs and IS NOT SECURE
Nov 06, 2025 11:30:19 AM io.gapi.emulators.netty.HttpVersionRoutingHandler channelRead
INFO: Detected non-HTTP/2 connection.
Nov 06, 2025 11:30:19 AM io.gapi.emulators.netty.HttpVersionRoutingHandler channelRead
INFO: Detected non-HTTP/2 connection.
Nov 06, 2025 11:30:19 AM io.gapi.emulators.netty.HttpVersionRoutingHandler channelRead
INFO: Detected non-HTTP/2 connection.
Nov 06, 2025 11:30:19 AM io.gapi.emulators.netty.HttpVersionRoutingHandler channelRead
INFO: Detected non-HTTP/2 connection.
Nov 06, 2025 11:30:19 AM com.google.cloud.datastore.emulator.impl.context.EmulatorAuthorization warnAboutSecuredJwt
WARNING: expected an unsecured JWT, the emulator does not validate JWTs and IS NOT SECURE
Nov 06, 2025 11:30:19 AM io.gapi.emulators.netty.HttpVersionRoutingHandler channelRead
INFO: Detected non-HTTP/2 connection.
Nov 06, 2025 11:30:19 AM io.gapi.emulators.netty.HttpVersionRoutingHandler channelRead
INFO: Detected non-HTTP/2 connection.
Nov 06, 2025 11:30:19 AM io.gapi.emulators.netty.HttpVersionRoutingHandler channelRead
INFO: Detected non-HTTP/2 connection.
Nov 06, 2025 11:30:20 AM io.gapi.emulators.netty.HttpVersionRoutingHandler channelRead
INFO: Detected non-HTTP/2 connection.
Nov 06, 2025 11:30:20 AM com.google.cloud.datastore.emulator.impl.context.EmulatorAuthorization warnAboutSecuredJwt
WARNING: expected an unsecured JWT, the emulator does not validate JWTs and IS NOT SECURE
Nov 06, 2025 11:30:20 AM io.gapi.emulators.netty.HttpVersionRoutingHandler channelRead
INFO: Detected non-HTTP/2 connection.
Nov 06, 2025 11:30:20 AM io.gapi.emulators.netty.HttpVersionRoutingHandler channelRead
INFO: Detected non-HTTP/2 connection.
Nov 06, 2025 11:30:20 AM io.gapi.emulators.netty.HttpVersionRoutingHandler channelRead
INFO: Detected non-HTTP/2 connection.
Nov 06, 2025 11:30:20 AM io.gapi.emulators.netty.HttpVersionRoutingHandler channelRead
INFO: Detected non-HTTP/2 connection.
Nov 06, 2025 11:30:20 AM com.google.cloud.datastore.emulator.impl.context.EmulatorAuthorization warnAboutSecuredJwt
WARNING: expected an unsecured JWT, the emulator does not validate JWTs and IS NOT SECURE
Nov 06, 2025 11:30:20 AM io.gapi.emulators.netty.HttpVersionRoutingHandler channelRead
INFO: Detected non-HTTP/2 connection.
Nov 06, 2025 11:30:20 AM io.gapi.emulators.netty.HttpVersionRoutingHandler channelRead
INFO: Detected non-HTTP/2 connection.
Nov 06, 2025 11:30:20 AM io.gapi.emulators.netty.HttpVersionRoutingHandler channelRead
INFO: Detected non-HTTP/2 connection.
Nov 06, 2025 11:30:21 AM io.gapi.emulators.netty.HttpVersionRoutingHandler channelRead
INFO: Detected non-HTTP/2 connection.
Nov 06, 2025 11:30:21 AM com.google.cloud.datastore.emulator.impl.context.EmulatorAuthorization warnAboutSecuredJwt
WARNING: expected an unsecured JWT, the emulator does not validate JWTs and IS NOT SECURE
Nov 06, 2025 11:30:21 AM io.gapi.emulators.netty.HttpVersionRoutingHandler channelRead
INFO: Detected non-HTTP/2 connection.
Nov 06, 2025 11:30:21 AM io.gapi.emulators.netty.HttpVersionRoutingHandler channelRead
INFO: Detected non-HTTP/2 connection.
Nov 06, 2025 11:30:21 AM io.gapi.emulators.netty.HttpVersionRoutingHandler channelRead
INFO: Detected non-HTTP/2 connection.
Nov 06, 2025 11:30:21 AM io.gapi.emulators.netty.HttpVersionRoutingHandler channelRead
INFO: Detected non-HTTP/2 connection.
Nov 06, 2025 11:30:21 AM com.google.cloud.datastore.emulator.impl.context.EmulatorAuthorization warnAboutSecuredJwt
WARNING: expected an unsecured JWT, the emulator does not validate JWTs and IS NOT SECURE
Nov 06, 2025 11:30:21 AM io.gapi.emulators.netty.HttpVersionRoutingHandler channelRead
INFO: Detected non-HTTP/2 connection.
Nov 06, 2025 11:30:21 AM io.gapi.emulators.netty.HttpVersionRoutingHandler channelRead
INFO: Detected non-HTTP/2 connection.
Nov 06, 2025 11:30:21 AM io.gapi.emulators.netty.HttpVersionRoutingHandler channelRead
INFO: Detected non-HTTP/2 connection.
Nov 06, 2025 11:30:21 AM io.gapi.emulators.netty.HttpVersionRoutingHandler channelRead
INFO: Detected non-HTTP/2 connection.
Nov 06, 2025 11:30:21 AM com.google.cloud.datastore.emulator.impl.context.EmulatorAuthorization warnAboutSecuredJwt
WARNING: expected an unsecured JWT, the emulator does not validate JWTs and IS NOT SECURE
Nov 06, 2025 11:30:21 AM io.gapi.emulators.netty.HttpVersionRoutingHandler channelRead
INFO: Detected non-HTTP/2 connection.
Nov 06, 2025 11:30:21 AM io.gapi.emulators.netty.HttpVersionRoutingHandler channelRead
INFO: Detected non-HTTP/2 connection.
Nov 06, 2025 11:30:21 AM io.gapi.emulators.netty.HttpVersionRoutingHandler channelRead
INFO: Detected non-HTTP/2 connection.
Nov 06, 2025 11:30:22 AM io.gapi.emulators.netty.HttpVersionRoutingHandler channelRead
INFO: Detected non-HTTP/2 connection.
Nov 06, 2025 11:30:22 AM com.google.cloud.datastore.emulator.impl.context.EmulatorAuthorization warnAboutSecuredJwt
WARNING: expected an unsecured JWT, the emulator does not validate JWTs and IS NOT SECURE
Nov 06, 2025 11:30:22 AM io.gapi.emulators.netty.HttpVersionRoutingHandler channelRead
INFO: Detected non-HTTP/2 connection.
Nov 06, 2025 11:30:22 AM io.gapi.emulators.netty.HttpVersionRoutingHandler channelRead
INFO: Detected non-HTTP/2 connection.
Nov 06, 2025 11:30:22 AM io.gapi.emulators.netty.HttpVersionRoutingHandler channelRead
INFO: Detected non-HTTP/2 connection.
Nov 06, 2025 11:30:22 AM io.gapi.emulators.netty.HttpVersionRoutingHandler channelRead
INFO: Detected non-HTTP/2 connection.
Nov 06, 2025 11:30:22 AM com.google.cloud.datastore.emulator.impl.context.EmulatorAuthorization warnAboutSecuredJwt
WARNING: expected an unsecured JWT, the emulator does not validate JWTs and IS NOT SECURE
Nov 06, 2025 11:30:22 AM io.gapi.emulators.netty.HttpVersionRoutingHandler channelRead
INFO: Detected non-HTTP/2 connection.
Nov 06, 2025 11:30:22 AM io.gapi.emulators.netty.HttpVersionRoutingHandler channelRead
INFO: Detected non-HTTP/2 connection.
Nov 06, 2025 11:30:22 AM io.gapi.emulators.netty.HttpVersionRoutingHandler channelRead
INFO: Detected non-HTTP/2 connection.
Nov 06, 2025 11:30:23 AM io.gapi.emulators.netty.HttpVersionRoutingHandler channelRead
INFO: Detected non-HTTP/2 connection.
Nov 06, 2025 11:30:23 AM com.google.cloud.datastore.emulator.impl.context.EmulatorAuthorization warnAboutSecuredJwt
WARNING: expected an unsecured JWT, the emulator does not validate JWTs and IS NOT SECURE
Nov 06, 2025 11:30:23 AM io.gapi.emulators.netty.HttpVersionRoutingHandler channelRead
INFO: Detected non-HTTP/2 connection.
Nov 06, 2025 11:30:23 AM io.gapi.emulators.netty.HttpVersionRoutingHandler channelRead
INFO: Detected non-HTTP/2 connection.
Nov 06, 2025 11:30:23 AM io.gapi.emulators.netty.HttpVersionRoutingHandler channelRead
INFO: Detected non-HTTP/2 connection.
Nov 06, 2025 11:30:23 AM io.gapi.emulators.netty.HttpVersionRoutingHandler channelRead
INFO: Detected non-HTTP/2 connection.
Nov 06, 2025 11:30:23 AM com.google.cloud.datastore.emulator.impl.context.EmulatorAuthorization warnAboutSecuredJwt
WARNING: expected an unsecured JWT, the emulator does not validate JWTs and IS NOT SECURE
Nov 06, 2025 11:30:23 AM io.gapi.emulators.netty.HttpVersionRoutingHandler channelRead
INFO: Detected non-HTTP/2 connection.
Nov 06, 2025 11:30:23 AM io.gapi.emulators.netty.HttpVersionRoutingHandler channelRead
INFO: Detected non-HTTP/2 connection.
Nov 06, 2025 11:30:23 AM io.gapi.emulators.netty.HttpVersionRoutingHandler channelRead
INFO: Detected non-HTTP/2 connection.
Nov 06, 2025 11:30:23 AM io.gapi.emulators.netty.HttpVersionRoutingHandler channelRead
INFO: Detected non-HTTP/2 connection.
Nov 06, 2025 11:30:23 AM com.google.cloud.datastore.emulator.impl.context.EmulatorAuthorization warnAboutSecuredJwt
WARNING: expected an unsecured JWT, the emulator does not validate JWTs and IS NOT SECURE
Nov 06, 2025 11:30:23 AM io.gapi.emulators.netty.HttpVersionRoutingHandler channelRead
INFO: Detected non-HTTP/2 connection.
Nov 06, 2025 11:30:23 AM io.gapi.emulators.netty.HttpVersionRoutingHandler channelRead
INFO: Detected non-HTTP/2 connection.
Nov 06, 2025 11:30:23 AM io.gapi.emulators.netty.HttpVersionRoutingHandler channelRead
INFO: Detected non-HTTP/2 connection.
Nov 06, 2025 11:30:24 AM io.gapi.emulators.netty.HttpVersionRoutingHandler channelRead
INFO: Detected non-HTTP/2 connection.
Nov 06, 2025 11:30:24 AM com.google.cloud.datastore.emulator.impl.context.EmulatorAuthorization warnAboutSecuredJwt
WARNING: expected an unsecured JWT, the emulator does not validate JWTs and IS NOT SECURE
Nov 06, 2025 11:30:24 AM io.gapi.emulators.netty.HttpVersionRoutingHandler channelRead
INFO: Detected non-HTTP/2 connection.
Nov 06, 2025 11:30:24 AM io.gapi.emulators.netty.HttpVersionRoutingHandler channelRead
INFO: Detected non-HTTP/2 connection.
Nov 06, 2025 11:30:24 AM io.gapi.emulators.netty.HttpVersionRoutingHandler channelRead
INFO: Detected non-HTTP/2 connection.
Nov 06, 2025 11:30:24 AM io.gapi.emulators.netty.HttpVersionRoutingHandler channelRead
INFO: Detected non-HTTP/2 connection.
Nov 06, 2025 11:30:24 AM com.google.cloud.datastore.emulator.impl.context.EmulatorAuthorization warnAboutSecuredJwt
WARNING: expected an unsecured JWT, the emulator does not validate JWTs and IS NOT SECURE
Nov 06, 2025 11:30:24 AM io.gapi.emulators.netty.HttpVersionRoutingHandler channelRead
INFO: Detected non-HTTP/2 connection.
Nov 06, 2025 11:30:24 AM io.gapi.emulators.netty.HttpVersionRoutingHandler channelRead
INFO: Detected non-HTTP/2 connection.
Nov 06, 2025 11:30:24 AM io.gapi.emulators.netty.HttpVersionRoutingHandler channelRead
INFO: Detected non-HTTP/2 connection.
Nov 06, 2025 11:30:25 AM io.gapi.emulators.netty.HttpVersionRoutingHandler channelRead
INFO: Detected non-HTTP/2 connection.
Nov 06, 2025 11:30:25 AM com.google.cloud.datastore.emulator.impl.context.EmulatorAuthorization warnAboutSecuredJwt
WARNING: expected an unsecured JWT, the emulator does not validate JWTs and IS NOT SECURE
Nov 06, 2025 11:30:25 AM io.gapi.emulators.netty.HttpVersionRoutingHandler channelRead
INFO: Detected non-HTTP/2 connection.
Nov 06, 2025 11:30:25 AM io.gapi.emulators.netty.HttpVersionRoutingHandler channelRead
INFO: Detected non-HTTP/2 connection.
Nov 06, 2025 11:30:25 AM io.gapi.emulators.netty.HttpVersionRoutingHandler channelRead
INFO: Detected non-HTTP/2 connection.
Nov 06, 2025 11:30:25 AM io.gapi.emulators.netty.HttpVersionRoutingHandler channelRead
INFO: Detected non-HTTP/2 connection.
Nov 06, 2025 11:30:25 AM com.google.cloud.datastore.emulator.impl.context.EmulatorAuthorization warnAboutSecuredJwt
WARNING: expected an unsecured JWT, the emulator does not validate JWTs and IS NOT SECURE
Nov 06, 2025 11:30:25 AM io.gapi.emulators.netty.HttpVersionRoutingHandler channelRead
INFO: Detected non-HTTP/2 connection.
Nov 06, 2025 11:30:25 AM io.gapi.emulators.netty.HttpVersionRoutingHandler channelRead
INFO: Detected non-HTTP/2 connection.
Nov 06, 2025 11:30:25 AM io.gapi.emulators.netty.HttpVersionRoutingHandler channelRead
INFO: Detected non-HTTP/2 connection.
Nov 06, 2025 11:30:25 AM io.gapi.emulators.netty.HttpVersionRoutingHandler channelRead
INFO: Detected non-HTTP/2 connection.
Nov 06, 2025 11:30:25 AM com.google.cloud.datastore.emulator.impl.context.EmulatorAuthorization warnAboutSecuredJwt
WARNING: expected an unsecured JWT, the emulator does not validate JWTs and IS NOT SECURE
Nov 06, 2025 11:30:25 AM io.gapi.emulators.netty.HttpVersionRoutingHandler channelRead
INFO: Detected non-HTTP/2 connection.
Nov 06, 2025 11:30:25 AM io.gapi.emulators.netty.HttpVersionRoutingHandler channelRead
INFO: Detected non-HTTP/2 connection.
Nov 06, 2025 11:30:25 AM io.gapi.emulators.netty.HttpVersionRoutingHandler channelRead
INFO: Detected non-HTTP/2 connection.
Nov 06, 2025 11:30:26 AM io.gapi.emulators.netty.HttpVersionRoutingHandler channelRead
INFO: Detected non-HTTP/2 connection.
Nov 06, 2025 11:30:26 AM com.google.cloud.datastore.emulator.impl.context.EmulatorAuthorization warnAboutSecuredJwt
WARNING: expected an unsecured JWT, the emulator does not validate JWTs and IS NOT SECURE
Nov 06, 2025 11:30:26 AM io.gapi.emulators.netty.HttpVersionRoutingHandler channelRead
INFO: Detected non-HTTP/2 connection.
Nov 06, 2025 11:30:26 AM io.gapi.emulators.netty.HttpVersionRoutingHandler channelRead
INFO: Detected non-HTTP/2 connection.
Nov 06, 2025 11:30:26 AM io.gapi.emulators.netty.HttpVersionRoutingHandler channelRead
INFO: Detected non-HTTP/2 connection.
Nov 06, 2025 11:30:26 AM io.gapi.emulators.netty.HttpVersionRoutingHandler channelRead
INFO: Detected non-HTTP/2 connection.
Nov 06, 2025 11:30:26 AM com.google.cloud.datastore.emulator.impl.context.EmulatorAuthorization warnAboutSecuredJwt
WARNING: expected an unsecured JWT, the emulator does not validate JWTs and IS NOT SECURE
Nov 06, 2025 11:30:26 AM io.gapi.emulators.netty.HttpVersionRoutingHandler channelRead
INFO: Detected non-HTTP/2 connection.
Nov 06, 2025 11:30:26 AM io.gapi.emulators.netty.HttpVersionRoutingHandler channelRead
INFO: Detected non-HTTP/2 connection.
Nov 06, 2025 11:30:26 AM io.gapi.emulators.netty.HttpVersionRoutingHandler channelRead
INFO: Detected non-HTTP/2 connection.
Nov 06, 2025 11:30:27 AM io.gapi.emulators.netty.HttpVersionRoutingHandler channelRead
INFO: Detected non-HTTP/2 connection.
Nov 06, 2025 11:30:27 AM com.google.cloud.datastore.emulator.impl.context.EmulatorAuthorization warnAboutSecuredJwt
WARNING: expected an unsecured JWT, the emulator does not validate JWTs and IS NOT SECURE
Nov 06, 2025 11:30:27 AM io.gapi.emulators.netty.HttpVersionRoutingHandler channelRead
INFO: Detected non-HTTP/2 connection.
Nov 06, 2025 11:30:27 AM io.gapi.emulators.netty.HttpVersionRoutingHandler channelRead
INFO: Detected non-HTTP/2 connection.
Nov 06, 2025 11:30:27 AM io.gapi.emulators.netty.HttpVersionRoutingHandler channelRead
INFO: Detected non-HTTP/2 connection.
Nov 06, 2025 11:30:27 AM io.gapi.emulators.netty.HttpVersionRoutingHandler channelRead
INFO: Detected non-HTTP/2 connection.
Nov 06, 2025 11:30:27 AM com.google.cloud.datastore.emulator.impl.context.EmulatorAuthorization warnAboutSecuredJwt
WARNING: expected an unsecured JWT, the emulator does not validate JWTs and IS NOT SECURE
Nov 06, 2025 11:30:27 AM io.gapi.emulators.netty.HttpVersionRoutingHandler channelRead
INFO: Detected non-HTTP/2 connection.
Nov 06, 2025 11:30:27 AM io.gapi.emulators.netty.HttpVersionRoutingHandler channelRead
INFO: Detected non-HTTP/2 connection.
Nov 06, 2025 11:30:27 AM io.gapi.emulators.netty.HttpVersionRoutingHandler channelRead
INFO: Detected non-HTTP/2 connection.
Nov 06, 2025 11:30:28 AM io.gapi.emulators.netty.HttpVersionRoutingHandler channelRead
INFO: Detected non-HTTP/2 connection.
Nov 06, 2025 11:30:28 AM com.google.cloud.datastore.emulator.impl.context.EmulatorAuthorization warnAboutSecuredJwt
WARNING: expected an unsecured JWT, the emulator does not validate JWTs and IS NOT SECURE
Nov 06, 2025 11:30:28 AM io.gapi.emulators.netty.HttpVersionRoutingHandler channelRead
INFO: Detected non-HTTP/2 connection.
Nov 06, 2025 11:30:28 AM io.gapi.emulators.netty.HttpVersionRoutingHandler channelRead
INFO: Detected non-HTTP/2 connection.
Nov 06, 2025 11:30:28 AM io.gapi.emulators.netty.HttpVersionRoutingHandler channelRead
INFO: Detected non-HTTP/2 connection.
Nov 06, 2025 11:30:28 AM io.gapi.emulators.netty.HttpVersionRoutingHandler channelRead
INFO: Detected non-HTTP/2 connection.
Nov 06, 2025 11:30:28 AM com.google.cloud.datastore.emulator.impl.context.EmulatorAuthorization warnAboutSecuredJwt
WARNING: expected an unsecured JWT, the emulator does not validate JWTs and IS NOT SECURE
Nov 06, 2025 11:30:28 AM io.gapi.emulators.netty.HttpVersionRoutingHandler channelRead
INFO: Detected non-HTTP/2 connection.
Nov 06, 2025 11:30:28 AM io.gapi.emulators.netty.HttpVersionRoutingHandler channelRead
INFO: Detected non-HTTP/2 connection.
Nov 06, 2025 11:30:28 AM io.gapi.emulators.netty.HttpVersionRoutingHandler channelRead
INFO: Detected non-HTTP/2 connection.
Nov 06, 2025 11:30:28 AM io.gapi.emulators.netty.HttpVersionRoutingHandler channelRead
INFO: Detected non-HTTP/2 connection.
Nov 06, 2025 11:30:28 AM com.google.cloud.datastore.emulator.impl.context.EmulatorAuthorization warnAboutSecuredJwt
WARNING: expected an unsecured JWT, the emulator does not validate JWTs and IS NOT SECURE
Nov 06, 2025 11:30:28 AM io.gapi.emulators.netty.HttpVersionRoutingHandler channelRead
INFO: Detected non-HTTP/2 connection.
Nov 06, 2025 11:30:28 AM io.gapi.emulators.netty.HttpVersionRoutingHandler channelRead
INFO: Detected non-HTTP/2 connection.
Nov 06, 2025 11:30:28 AM io.gapi.emulators.netty.HttpVersionRoutingHandler channelRead
INFO: Detected non-HTTP/2 connection.
Nov 06, 2025 11:30:29 AM io.gapi.emulators.netty.HttpVersionRoutingHandler channelRead
INFO: Detected non-HTTP/2 connection.
Nov 06, 2025 11:30:29 AM com.google.cloud.datastore.emulator.impl.context.EmulatorAuthorization warnAboutSecuredJwt
WARNING: expected an unsecured JWT, the emulator does not validate JWTs and IS NOT SECURE
Nov 06, 2025 11:30:29 AM io.gapi.emulators.netty.HttpVersionRoutingHandler channelRead
INFO: Detected non-HTTP/2 connection.
Nov 06, 2025 11:30:29 AM io.gapi.emulators.netty.HttpVersionRoutingHandler channelRead
INFO: Detected non-HTTP/2 connection.
Nov 06, 2025 11:30:29 AM io.gapi.emulators.netty.HttpVersionRoutingHandler channelRead
INFO: Detected non-HTTP/2 connection.
Nov 06, 2025 11:30:29 AM io.gapi.emulators.netty.HttpVersionRoutingHandler channelRead
INFO: Detected non-HTTP/2 connection.
Nov 06, 2025 11:30:29 AM com.google.cloud.datastore.emulator.impl.context.EmulatorAuthorization warnAboutSecuredJwt
WARNING: expected an unsecured JWT, the emulator does not validate JWTs and IS NOT SECURE
Nov 06, 2025 11:30:29 AM io.gapi.emulators.netty.HttpVersionRoutingHandler channelRead
INFO: Detected non-HTTP/2 connection.
Nov 06, 2025 11:30:29 AM io.gapi.emulators.netty.HttpVersionRoutingHandler channelRead
INFO: Detected non-HTTP/2 connection.
Nov 06, 2025 11:30:29 AM io.gapi.emulators.netty.HttpVersionRoutingHandler channelRead
INFO: Detected non-HTTP/2 connection.
*** shutting down gRPC server since JVM is shutting down
*** server shut down
251106 11:31:11.251:I 3 [main] [com.google.cloud.datastore.emulator.firestore.websocket.WebSocketServer.stop:80] Stopping WebSocket server...
